dataset,num_and_cat,model_score,instance_certainty_clf,lux_conf_ablation,lux_conf_pure,lux_conf_proba,lux_conf_shap
yeast,./data/numerical_only/balanced,0.6199460916442049,0.6159443977723928,1.0,0.0,0.0,0.976190476190476
yeast,./data/numerical_only/balanced,0.6199460916442049,0.8250250539742421,0.9787234042553191,0.0,0.0,0.9953703703703705
yeast,./data/numerical_only/balanced,0.6199460916442049,0.7973071640762602,1.0,0.0,0.0,1.0
yeast,./data/numerical_only/balanced,0.6199460916442049,0.8152199772725199,0.9830508474576272,0.0,0.0,0.0
yeast,./data/numerical_only/balanced,0.6199460916442049,0.8682135999399115,0.9791666666666666,0.0,0.0,1.0
yeast,./data/numerical_only/balanced,0.6199460916442049,0.5445753778092669,1.0,0.0,0.0,0.9945652173913043
yeast,./data/numerical_only/balanced,0.6199460916442049,0.7244654908135044,0.9875,0.0,0.0,0.9941520467836258
yeast,./data/numerical_only/balanced,0.6199460916442049,0.5921854212424509,1.0,0.0,0.0,0.9817073170731707
yeast,./data/numerical_only/balanced,0.6199460916442049,0.583264425971437,1.0,0.0,0.0,0.9871794871794872
yeast,./data/numerical_only/balanced,0.6199460916442049,0.6678515535326774,0.9565217391304348,0.0,0.0,0.9803493449781658
yeast,./data/numerical_only/balanced,0.6199460916442049,0.9615023951134444,0.989247311827957,0.0,0.0,0.0
yeast,./data/numerical_only/balanced,0.6199460916442049,0.6553672710149224,0.986111111111111,0.0,0.0,0.9893048128342246
yeast,./data/numerical_only/balanced,0.6199460916442049,0.6091262814249407,1.0,0.0,0.0,1.0
yeast,./data/numerical_only/balanced,0.6199460916442049,0.5888402956137627,0.984126984126984,0.0,0.0,0.9147727272727273
yeast,./data/numerical_only/balanced,0.6199460916442049,0.6227043135099942,0.9375,0.0,0.0,1.0
yeast,./data/numerical_only/balanced,0.6199460916442049,0.6343747033925953,0.984126984126984,0.0,0.0,1.0
yeast,./data/numerical_only/balanced,0.6199460916442049,0.6727807790583862,0.9047619047619048,0.0,0.0,0.9893617021276595
yeast,./data/numerical_only/balanced,0.6199460916442049,0.5451236663385215,0.8928571428571429,0.0,0.0,0.9770114942528736
yeast,./data/numerical_only/balanced,0.6199460916442049,0.6624567000525368,0.9859154929577464,0.0,0.0,1.0
yeast,./data/numerical_only/balanced,0.6199460916442049,0.6909250911352561,0.9701492537313433,0.0,0.0,1.0
yeast,./data/numerical_only/balanced,0.6199460916442049,0.9291670920366423,0.980392156862745,0.0,0.0,1.0
yeast,./data/numerical_only/balanced,0.6199460916442049,0.7141777014108566,1.0,0.0,0.0,1.0
yeast,./data/numerical_only/balanced,0.6199460916442049,0.6052395960273713,0.962962962962963,0.0,0.0,0.984375
yeast,./data/numerical_only/balanced,0.6199460916442049,0.4220149154591119,0.967741935483871,0.0,0.0,0.76
yeast,./data/numerical_only/balanced,0.6199460916442049,0.40411816448948457,0.75,0.0,0.0,1.0
yeast,./data/numerical_only/balanced,0.6199460916442049,0.5708724648287542,0.9666666666666666,0.0,0.0,0.9959349593495934
yeast,./data/numerical_only/balanced,0.6199460916442049,0.5510224168197861,1.0,0.0,0.0,0.9900990099009901
yeast,./data/numerical_only/balanced,0.6199460916442049,0.632359732789611,0.8823529411764707,0.0,0.0,0.9631901840490797
yeast,./data/numerical_only/balanced,0.6199460916442049,0.7262888224676121,1.0,0.0,0.0,0.9957081545064378
yeast,./data/numerical_only/balanced,0.6199460916442049,0.5530972798149265,0.971830985915493,0.0,0.0,0.9457627118644067
yeast,./data/numerical_only/balanced,0.6199460916442049,0.5687320025500944,1.0,0.0,0.0,0.9781420765027322
yeast,./data/numerical_only/balanced,0.6199460916442049,0.3672846357438283,1.0,0.0,0.0,0.9891304347826086
yeast,./data/numerical_only/balanced,0.6199460916442049,0.5000162232013681,1.0,0.0,0.0,0.9951219512195122
yeast,./data/numerical_only/balanced,0.6199460916442049,0.8278563226224367,1.0,0.0,0.0,1.0
yeast,./data/numerical_only/balanced,0.6199460916442049,0.5522876982469606,0.96,0.0,0.0,1.0
yeast,./data/numerical_only/balanced,0.6199460916442049,0.8728968638611734,0.9818181818181818,0.0,0.0,1.0
yeast,./data/numerical_only/balanced,0.6199460916442049,0.8699808209284432,1.0,0.0,0.0,1.0
yeast,./data/numerical_only/balanced,0.6199460916442049,0.3127813850469842,0.8666666666666668,0.0,0.0,0.7302325581395349
yeast,./data/numerical_only/balanced,0.6199460916442049,0.6253672523844045,1.0,0.0,0.0,0.9903381642512077
yeast,./data/numerical_only/balanced,0.6199460916442049,0.6180441721347284,0.9833333333333332,0.0,0.0,0.968058968058968
yeast,./data/numerical_only/balanced,0.6199460916442049,0.3158948114700807,0.9814814814814815,0.0,0.0,0.6504065040650406
yeast,./data/numerical_only/balanced,0.6199460916442049,0.5663845231945416,0.875,0.0,0.0,1.0
yeast,./data/numerical_only/balanced,0.6199460916442049,0.9418726516776678,0.9814814814814815,0.0,0.0,0.9903225806451614
yeast,./data/numerical_only/balanced,0.6199460916442049,0.7251393528754612,0.9797979797979798,0.0,0.0,0.9878542510121457
yeast,./data/numerical_only/balanced,0.6199460916442049,0.37398380595972847,0.9836065573770492,0.0,0.0,1.0
yeast,./data/numerical_only/balanced,0.6199460916442049,0.6596288414257484,0.8666666666666668,0.0,0.0,0.9849397590361446
yeast,./data/numerical_only/balanced,0.6199460916442049,0.7190160412547838,1.0,0.0,0.0,0.9814814814814815
yeast,./data/numerical_only/balanced,0.6199460916442049,0.8181551637660598,0.9891304347826086,0.0,0.0,0.9906103286384976
rmftsa,./data/numerical_only/balanced,0.51171875,0.44038999608534307,1.0,0.0,0.0,1.0
rmftsa,./data/numerical_only/balanced,0.51171875,0.48745261011838537,0.9722222222222221,0.0,0.0,0.9896907216494846
rmftsa,./data/numerical_only/balanced,0.51171875,0.4012083385316723,0.5,0.0,0.0,0.9418604651162792
rmftsa,./data/numerical_only/balanced,0.51171875,0.4677453849714511,0.5,0.0,0.0,1.0
rmftsa,./data/numerical_only/balanced,0.51171875,0.6249719756247475,1.0,0.0,0.0,0.9778085991678225
rmftsa,./data/numerical_only/balanced,0.51171875,0.49236486099131466,1.0,0.0,0.0,0.8730158730158731
rmftsa,./data/numerical_only/balanced,0.51171875,0.43650006103261874,1.0,0.0,0.0,0.9354838709677418
rmftsa,./data/numerical_only/balanced,0.51171875,0.5243692345262708,1.0,0.0,0.0,0.985663082437276
rmftsa,./data/numerical_only/balanced,0.51171875,0.49636230088628136,1.0,0.0,0.0,0.9883720930232558
rmftsa,./data/numerical_only/balanced,0.51171875,0.5084652365037179,1.0,0.0,0.0,1.0
rmftsa,./data/numerical_only/balanced,0.51171875,0.74670768942158,1.0,0.0,0.0,0.9975639464068211
rmftsa,./data/numerical_only/balanced,0.51171875,0.5425905729305046,0.9552238805970148,0.0,0.0,0.9737991266375546
rmftsa,./data/numerical_only/balanced,0.51171875,0.4973621877273382,1.0,0.0,0.0,1.0
rmftsa,./data/numerical_only/balanced,0.51171875,0.4704210858832449,0.8730158730158731,0.0,0.0,0.9737991266375546
rmftsa,./data/numerical_only/balanced,0.51171875,0.4929710854828951,1.0,0.0,0.0,1.0
rmftsa,./data/numerical_only/balanced,0.51171875,0.5426543374903007,1.0,0.0,0.0,1.0
rmftsa,./data/numerical_only/balanced,0.51171875,0.3357359519378877,0.8518518518518519,0.0,0.0,1.0
rmftsa,./data/numerical_only/balanced,0.51171875,0.5084652365037179,1.0,0.0,0.0,1.0
rmftsa,./data/numerical_only/balanced,0.51171875,0.5815400485602292,0.9736842105263157,0.0,0.0,0.8414985590778098
rmftsa,./data/numerical_only/balanced,0.51171875,0.5805897127238807,1.0,0.0,0.0,0.9653035935563816
rmftsa,./data/numerical_only/balanced,0.51171875,0.44856041669327534,1.0,0.0,0.0,0.9714285714285713
rmftsa,./data/numerical_only/balanced,0.51171875,0.42692580761643684,0.7272727272727273,0.0,0.0,0.6593886462882096
rmftsa,./data/numerical_only/balanced,0.51171875,0.37241863140469034,0.9375,0.0,0.0,0.98125
rmftsa,./data/numerical_only/balanced,0.51171875,0.6788186097299296,1.0,0.0,0.0,0.9863760217983651
rmftsa,./data/numerical_only/balanced,0.51171875,0.3554753849648173,0.5,0.0,0.0,0.962962962962963
rmftsa,./data/numerical_only/balanced,0.51171875,0.3741131248296661,0.6956521739130435,0.0,0.0,0.9547738693467338
rmftsa,./data/numerical_only/balanced,0.51171875,0.35002576204356367,0.8333333333333334,0.0,0.0,0.9923954372623575
rmftsa,./data/numerical_only/balanced,0.51171875,0.3481105817509823,0.5238095238095238,0.0,0.0,0.9467455621301774
rmftsa,./data/numerical_only/balanced,0.51171875,0.41286541417428574,0.9605263157894737,0.0,0.0,0.7244094488188977
rmftsa,./data/numerical_only/balanced,0.51171875,0.4537101364162079,0.9555555555555555,0.0,0.0,0.9746376811594203
rmftsa,./data/numerical_only/balanced,0.51171875,0.4293433083122844,0.9577464788732394,0.0,0.0,0.7949640287769785
rmftsa,./data/numerical_only/balanced,0.51171875,0.5201350026453004,1.0,0.0,0.0,1.0
rmftsa,./data/numerical_only/balanced,0.51171875,0.4704210858832449,0.8730158730158731,0.0,0.0,0.982456140350877
rmftsa,./data/numerical_only/balanced,0.51171875,0.524972410297458,0.9710144927536233,0.0,0.0,0.9883268482490273
rmftsa,./data/numerical_only/balanced,0.51171875,0.451730900054754,1.0,0.0,0.0,0.7397660818713451
rmftsa,./data/numerical_only/balanced,0.51171875,0.2921869765307132,0.6,0.0,0.0,0.98989898989899
rmftsa,./data/numerical_only/balanced,0.51171875,0.7347439099181302,1.0,0.0,0.0,0.9312039312039312
rmftsa,./data/numerical_only/balanced,0.51171875,0.7201611335013736,1.0,0.0,0.0,0.973568281938326
rmftsa,./data/numerical_only/balanced,0.51171875,0.6595572826006677,1.0,0.0,0.0,0.8517316017316018
rmftsa,./data/numerical_only/balanced,0.51171875,0.5339782426737375,0.75,0.0,0.0,0.7387755102040816
rmftsa,./data/numerical_only/balanced,0.51171875,0.5547201187416001,1.0,0.0,0.0,1.0
rmftsa,./data/numerical_only/balanced,0.51171875,0.5728854933274113,1.0,0.0,0.0,0.8189655172413793
rmftsa,./data/numerical_only/balanced,0.51171875,0.3636549807675843,1.0,0.0,0.0,0.7014218009478673
rmftsa,./data/numerical_only/balanced,0.51171875,0.3702675459923815,0.6,0.0,0.0,1.0
rmftsa,./data/numerical_only/balanced,0.51171875,0.6618452748188159,1.0,0.0,0.0,0.9748743718592966
rmftsa,./data/numerical_only/balanced,0.51171875,0.5084652365037179,1.0,0.0,0.0,1.0
rmftsa,./data/numerical_only/balanced,0.51171875,0.3636549807675843,1.0,0.0,0.0,0.7009345794392523
rmftsa,./data/numerical_only/balanced,0.51171875,0.30246310886326216,0.6153846153846154,0.0,0.0,0.887719298245614
rmftsa,./data/numerical_only/balanced,0.51171875,0.3938838190091233,0.8620689655172413,0.0,0.0,1.0
rmftsa,./data/numerical_only/balanced,0.51171875,0.46213048925996725,0.9423076923076923,0.0,0.0,0.9783549783549784
banknote-authentication,./data/numerical_only/balanced,1.0,0.9994916503529194,1.0,0.0,0.0,1.0
banknote-authentication,./data/numerical_only/balanced,1.0,0.9999952071007373,1.0,0.0,0.0,1.0
banknote-authentication,./data/numerical_only/balanced,1.0,0.9991620690255387,1.0,0.0,0.0,0.9959183673469386
banknote-authentication,./data/numerical_only/balanced,1.0,0.9969377969715488,0.9893617021276595,0.0,0.0,0.966789667896679
banknote-authentication,./data/numerical_only/balanced,1.0,0.9994072609897037,1.0,0.0,0.0,0.9954545454545455
banknote-authentication,./data/numerical_only/balanced,1.0,0.9999895682671736,1.0,0.0,0.0,0.9962264150943396
banknote-authentication,./data/numerical_only/balanced,1.0,0.9996460522418713,1.0,0.0,0.0,0.9879518072289157
banknote-authentication,./data/numerical_only/balanced,1.0,0.9999801554624589,1.0,0.0,0.0,1.0
banknote-authentication,./data/numerical_only/balanced,1.0,0.998542381049564,1.0,0.0,0.0,1.0
banknote-authentication,./data/numerical_only/balanced,1.0,0.999936162890498,1.0,0.0,0.0,1.0
banknote-authentication,./data/numerical_only/balanced,1.0,0.9596435966371718,1.0,0.0,0.0,1.0
banknote-authentication,./data/numerical_only/balanced,1.0,0.9999381560271164,1.0,0.0,0.0,1.0
banknote-authentication,./data/numerical_only/balanced,1.0,0.9999886058374582,1.0,0.0,0.0,0.9970414201183433
banknote-authentication,./data/numerical_only/balanced,1.0,0.9997113349198898,0.9901960784313726,0.0,0.0,1.0
banknote-authentication,./data/numerical_only/balanced,1.0,0.986390417261159,0.9901960784313726,0.0,0.0,1.0
banknote-authentication,./data/numerical_only/balanced,1.0,0.9997039447263035,1.0,0.0,0.0,1.0
banknote-authentication,./data/numerical_only/balanced,1.0,0.9998248249086713,1.0,0.0,0.0,1.0
banknote-authentication,./data/numerical_only/balanced,1.0,0.9964269561893213,0.9875,0.0,0.0,1.0
banknote-authentication,./data/numerical_only/balanced,1.0,0.999956710067125,1.0,0.0,0.0,1.0
banknote-authentication,./data/numerical_only/balanced,1.0,0.9999847834936061,1.0,0.0,0.0,1.0
banknote-authentication,./data/numerical_only/balanced,1.0,0.9999945429481389,1.0,0.0,0.0,0.9961089494163424
banknote-authentication,./data/numerical_only/balanced,1.0,0.9961105727864693,1.0,0.0,0.0,1.0
banknote-authentication,./data/numerical_only/balanced,1.0,0.9999392417922337,1.0,0.0,0.0,1.0
banknote-authentication,./data/numerical_only/balanced,1.0,0.9999525983140694,1.0,0.0,0.0,1.0
banknote-authentication,./data/numerical_only/balanced,1.0,0.8924406558808045,0.9795918367346939,0.0,0.0,1.0
banknote-authentication,./data/numerical_only/balanced,1.0,0.9999414151640732,1.0,0.0,0.0,1.0
banknote-authentication,./data/numerical_only/balanced,1.0,0.9992663769651,0.9901960784313726,0.0,0.0,1.0
banknote-authentication,./data/numerical_only/balanced,1.0,0.9999174852065689,1.0,0.0,0.0,0.9966555183946488
banknote-authentication,./data/numerical_only/balanced,1.0,0.7229179893561037,1.0,0.0,0.0,1.0
banknote-authentication,./data/numerical_only/balanced,1.0,0.9999793332717077,0.9901960784313726,0.0,0.0,1.0
banknote-authentication,./data/numerical_only/balanced,1.0,0.999966354176469,1.0,0.0,0.0,0.9969040247678018
banknote-authentication,./data/numerical_only/balanced,1.0,0.999977295095478,1.0,0.0,0.0,1.0
banknote-authentication,./data/numerical_only/balanced,1.0,0.9992168601173395,1.0,0.0,0.0,1.0
banknote-authentication,./data/numerical_only/balanced,1.0,0.9999023288512691,1.0,0.0,0.0,0.9974358974358974
banknote-authentication,./data/numerical_only/balanced,1.0,0.9972033176323913,1.0,0.0,0.0,1.0
banknote-authentication,./data/numerical_only/balanced,1.0,0.9999531916692264,1.0,0.0,0.0,1.0
banknote-authentication,./data/numerical_only/balanced,1.0,0.9999069350754224,1.0,0.0,0.0,0.9973333333333333
banknote-authentication,./data/numerical_only/balanced,1.0,0.999133341911101,0.9901960784313726,0.0,0.0,1.0
banknote-authentication,./data/numerical_only/balanced,1.0,0.9979682409217072,1.0,0.0,0.0,1.0
banknote-authentication,./data/numerical_only/balanced,1.0,0.9998659705358077,1.0,0.0,0.0,1.0
banknote-authentication,./data/numerical_only/balanced,1.0,0.9986112634805818,1.0,0.0,0.0,1.0
banknote-authentication,./data/numerical_only/balanced,1.0,0.999998104023596,1.0,0.0,0.0,0.9962121212121213
banknote-authentication,./data/numerical_only/balanced,1.0,0.8269027490693445,0.9787234042553191,0.0,0.0,1.0
banknote-authentication,./data/numerical_only/balanced,1.0,0.9904091384693078,1.0,0.0,0.0,1.0
banknote-authentication,./data/numerical_only/balanced,1.0,0.9995375423796863,0.9901960784313726,0.0,0.0,1.0
banknote-authentication,./data/numerical_only/balanced,1.0,0.998327574918774,1.0,0.0,0.0,1.0
banknote-authentication,./data/numerical_only/balanced,1.0,0.9999785633436536,1.0,0.0,0.0,1.0
banknote-authentication,./data/numerical_only/balanced,1.0,0.9987657552834924,1.0,0.0,0.0,0.9806201550387597
banknote-authentication,./data/numerical_only/balanced,1.0,0.9999920646180599,1.0,0.0,0.0,1.0
banknote-authentication,./data/numerical_only/balanced,1.0,0.9986915113995278,1.0,0.0,0.0,1.0
volcanoes-a2,./data/numerical_only/balanced,0.9433497536945813,0.9740465350336176,1.0,0.0,0.0,0.9958643507030602
volcanoes-a2,./data/numerical_only/balanced,0.9433497536945813,0.981373809951614,1.0,0.0,0.0,0.9981549815498155
volcanoes-a2,./data/numerical_only/balanced,0.9433497536945813,0.9997223679478644,1.0,0.0,0.0,1.0
volcanoes-a2,./data/numerical_only/balanced,0.9433497536945813,0.9939951779901963,1.0,0.0,0.0,0.9949799196787149
volcanoes-a2,./data/numerical_only/balanced,0.9433497536945813,0.8963251622579337,1.0,0.0,0.0,0.9951267056530215
volcanoes-a2,./data/numerical_only/balanced,0.9433497536945813,0.9996564605171729,1.0,0.0,0.0,1.0
volcanoes-a2,./data/numerical_only/balanced,0.9433497536945813,0.9844267132803981,1.0,0.0,0.0,1.0
volcanoes-a2,./data/numerical_only/balanced,0.9433497536945813,0.9973820785680829,1.0,0.0,0.0,0.9950576606260297
volcanoes-a2,./data/numerical_only/balanced,0.9433497536945813,0.9869136722877467,1.0,0.0,0.0,0.9982378854625551
volcanoes-a2,./data/numerical_only/balanced,0.9433497536945813,0.986665386241484,1.0,0.0,0.0,0.9957805907172996
volcanoes-a2,./data/numerical_only/balanced,0.9433497536945813,0.596097752553807,1.0,0.0,0.0,0.9969834087481146
volcanoes-a2,./data/numerical_only/balanced,0.9433497536945813,0.9944192495099339,1.0,0.0,0.0,0.9958333333333333
volcanoes-a2,./data/numerical_only/balanced,0.9433497536945813,0.8543033443165882,0.9913043478260871,0.0,0.0,0.9959677419354838
volcanoes-a2,./data/numerical_only/balanced,0.9433497536945813,0.687309861684056,1.0,0.0,0.0,0.998792270531401
volcanoes-a2,./data/numerical_only/balanced,0.9433497536945813,0.9992882276808793,1.0,0.0,0.0,0.9961449498843485
volcanoes-a2,./data/numerical_only/balanced,0.9433497536945813,0.9944220750721305,1.0,0.0,0.0,0.9960443037974682
volcanoes-a2,./data/numerical_only/balanced,0.9433497536945813,0.9945595019293724,1.0,0.0,0.0,0.9973568281938328
volcanoes-a2,./data/numerical_only/balanced,0.9433497536945813,0.9414664500797159,1.0,0.0,0.0,0.9981325863678805
volcanoes-a2,./data/numerical_only/balanced,0.9433497536945813,0.9713221289692239,1.0,0.0,0.0,0.9983333333333333
volcanoes-a2,./data/numerical_only/balanced,0.9433497536945813,0.9978538422777933,1.0,0.0,0.0,0.9976303317535546
volcanoes-a2,./data/numerical_only/balanced,0.9433497536945813,0.9956265688931374,1.0,0.0,0.0,0.995995995995996
volcanoes-a2,./data/numerical_only/balanced,0.9433497536945813,0.997744283121412,1.0,0.0,0.0,0.9960845732184808
volcanoes-a2,./data/numerical_only/balanced,0.9433497536945813,0.9992841037176907,1.0,0.0,0.0,1.0
volcanoes-a2,./data/numerical_only/balanced,0.9433497536945813,0.9765387162786601,1.0,0.0,0.0,1.0
volcanoes-a2,./data/numerical_only/balanced,0.9433497536945813,0.9780283064480086,1.0,0.0,0.0,0.9966358284272496
volcanoes-a2,./data/numerical_only/balanced,0.9433497536945813,0.9951213614011932,1.0,0.0,0.0,0.9991742361684558
volcanoes-a2,./data/numerical_only/balanced,0.9433497536945813,0.9985621188946914,1.0,0.0,0.0,0.9974958263772955
volcanoes-a2,./data/numerical_only/balanced,0.9433497536945813,0.9909726828359998,1.0,0.0,0.0,0.995787700084246
volcanoes-a2,./data/numerical_only/balanced,0.9433497536945813,0.9990001038174837,1.0,0.0,0.0,1.0
volcanoes-a2,./data/numerical_only/balanced,0.9433497536945813,0.9938354393716733,1.0,0.0,0.0,0.9961832061068703
volcanoes-a2,./data/numerical_only/balanced,0.9433497536945813,0.9962524634338543,1.0,0.0,0.0,0.9982668977469672
volcanoes-a2,./data/numerical_only/balanced,0.9433497536945813,0.9995508422377745,1.0,0.0,0.0,1.0
volcanoes-a2,./data/numerical_only/balanced,0.9433497536945813,0.9578903649417642,1.0,0.0,0.0,0.9957947855340622
volcanoes-a2,./data/numerical_only/balanced,0.9433497536945813,0.9995206770134331,1.0,0.0,0.0,1.0
volcanoes-a2,./data/numerical_only/balanced,0.9433497536945813,0.9940340248452065,1.0,0.0,0.0,1.0
volcanoes-a2,./data/numerical_only/balanced,0.9433497536945813,0.9919348039712811,1.0,0.0,0.0,1.0
volcanoes-a2,./data/numerical_only/balanced,0.9433497536945813,0.9927255723689111,1.0,0.0,0.0,0.996059889676911
volcanoes-a2,./data/numerical_only/balanced,0.9433497536945813,0.2748375798023875,0.5333333333333333,0.0,0.0,0.9425287356321839
volcanoes-a2,./data/numerical_only/balanced,0.9433497536945813,0.9986029192321239,1.0,0.0,0.0,0.9961089494163424
volcanoes-a2,./data/numerical_only/balanced,0.9433497536945813,0.9266075079715956,1.0,0.0,0.0,0.9970617042115573
volcanoes-a2,./data/numerical_only/balanced,0.9433497536945813,0.998884605981375,1.0,0.0,0.0,0.995847176079734
volcanoes-a2,./data/numerical_only/balanced,0.9433497536945813,0.9943784822141033,1.0,0.0,0.0,0.9974640743871512
volcanoes-a2,./data/numerical_only/balanced,0.9433497536945813,0.9717336045630097,1.0,0.0,0.0,1.0
volcanoes-a2,./data/numerical_only/balanced,0.9433497536945813,0.9974343145011351,1.0,0.0,0.0,0.9978165938864629
volcanoes-a2,./data/numerical_only/balanced,0.9433497536945813,0.9998117599741475,1.0,0.0,0.0,1.0
volcanoes-a2,./data/numerical_only/balanced,0.9433497536945813,0.24110898759174568,0.5,0.0,0.0,0.9285714285714286
volcanoes-a2,./data/numerical_only/balanced,0.9433497536945813,0.9973899308481727,1.0,0.0,0.0,0.9958813838550247
volcanoes-a2,./data/numerical_only/balanced,0.9433497536945813,0.9077942164789908,1.0,0.0,0.0,0.9977997799779977
volcanoes-a2,./data/numerical_only/balanced,0.9433497536945813,0.9909018204617649,1.0,0.0,0.0,1.0
volcanoes-a2,./data/numerical_only/balanced,0.9433497536945813,0.9398744313788496,1.0,0.0,0.0,0.9988479262672811
volcanoes-a3,./data/numerical_only/balanced,0.9028871391076115,0.7335903076188426,1.0,0.0,0.0,1.0
volcanoes-a3,./data/numerical_only/balanced,0.9028871391076115,0.9735753302619613,1.0,0.0,0.0,0.9970472440944882
volcanoes-a3,./data/numerical_only/balanced,0.9028871391076115,0.31380788556534095,1.0,0.0,0.0,1.0
volcanoes-a3,./data/numerical_only/balanced,0.9028871391076115,0.9989293150405095,1.0,0.0,0.0,0.998272884283247
volcanoes-a3,./data/numerical_only/balanced,0.9028871391076115,0.9997347697445965,1.0,0.0,0.0,0.9991652754590985
volcanoes-a3,./data/numerical_only/balanced,0.9028871391076115,0.994795360597015,1.0,0.0,0.0,0.9964285714285716
volcanoes-a3,./data/numerical_only/balanced,0.9028871391076115,0.9700653887264589,1.0,0.0,0.0,1.0
volcanoes-a3,./data/numerical_only/balanced,0.9028871391076115,0.9959901758886791,1.0,0.0,0.0,0.9982425307557119
volcanoes-a3,./data/numerical_only/balanced,0.9028871391076115,0.9668611346970978,1.0,0.0,0.0,1.0
volcanoes-a3,./data/numerical_only/balanced,0.9028871391076115,0.9931437991825824,1.0,0.0,0.0,1.0
volcanoes-a3,./data/numerical_only/balanced,0.9028871391076115,0.9941443394827565,1.0,0.0,0.0,1.0
volcanoes-a3,./data/numerical_only/balanced,0.9028871391076115,0.5966580841473308,0.9912280701754386,0.0,0.0,1.0
volcanoes-a3,./data/numerical_only/balanced,0.9028871391076115,0.9478544675433895,1.0,0.0,0.0,1.0
volcanoes-a3,./data/numerical_only/balanced,0.9028871391076115,0.6383906990979286,1.0,0.0,0.0,1.0
volcanoes-a3,./data/numerical_only/balanced,0.9028871391076115,0.9010528420717351,1.0,0.0,0.0,0.9963008631319358
volcanoes-a3,./data/numerical_only/balanced,0.9028871391076115,0.9619229081010578,1.0,0.0,0.0,0.9989733059548256
volcanoes-a3,./data/numerical_only/balanced,0.9028871391076115,0.9783993226603471,1.0,0.0,0.0,1.0
volcanoes-a3,./data/numerical_only/balanced,0.9028871391076115,0.9954468878631266,1.0,0.0,0.0,1.0
volcanoes-a3,./data/numerical_only/balanced,0.9028871391076115,0.9939117772571178,1.0,0.0,0.0,0.9983093829247676
volcanoes-a3,./data/numerical_only/balanced,0.9028871391076115,0.9918976278263805,1.0,0.0,0.0,1.0
volcanoes-a3,./data/numerical_only/balanced,0.9028871391076115,0.9982074677467391,1.0,0.0,0.0,1.0
volcanoes-a3,./data/numerical_only/balanced,0.9028871391076115,0.886376752226441,1.0,0.0,0.0,0.9964114832535886
volcanoes-a3,./data/numerical_only/balanced,0.9028871391076115,0.9931242218010063,1.0,0.0,0.0,1.0
volcanoes-a3,./data/numerical_only/balanced,0.9028871391076115,0.6653828512997593,1.0,0.0,0.0,0.9983333333333333
volcanoes-a3,./data/numerical_only/balanced,0.9028871391076115,0.9963043528398021,1.0,0.0,0.0,0.9982773471145563
volcanoes-a3,./data/numerical_only/balanced,0.9028871391076115,0.9983501373332336,1.0,0.0,0.0,1.0
volcanoes-a3,./data/numerical_only/balanced,0.9028871391076115,0.8314384157580905,1.0,0.0,0.0,1.0
volcanoes-a3,./data/numerical_only/balanced,0.9028871391076115,0.9984552766261815,1.0,0.0,0.0,1.0
volcanoes-a3,./data/numerical_only/balanced,0.9028871391076115,0.9990134862100678,1.0,0.0,0.0,1.0
volcanoes-a3,./data/numerical_only/balanced,0.9028871391076115,0.9991111396826162,1.0,0.0,0.0,1.0
volcanoes-a3,./data/numerical_only/balanced,0.9028871391076115,0.9996447043442025,1.0,0.0,0.0,0.9991610738255033
volcanoes-a3,./data/numerical_only/balanced,0.9028871391076115,0.9965436464349761,1.0,0.0,0.0,0.9963269054178145
volcanoes-a3,./data/numerical_only/balanced,0.9028871391076115,0.8417254654062466,1.0,0.0,0.0,1.0
volcanoes-a3,./data/numerical_only/balanced,0.9028871391076115,0.9780974928734307,1.0,0.0,0.0,1.0
volcanoes-a3,./data/numerical_only/balanced,0.9028871391076115,0.999762223621076,1.0,0.0,0.0,1.0
volcanoes-a3,./data/numerical_only/balanced,0.9028871391076115,0.805973307648545,1.0,0.0,0.0,1.0
volcanoes-a3,./data/numerical_only/balanced,0.9028871391076115,0.9107752024576656,1.0,0.0,0.0,1.0
volcanoes-a3,./data/numerical_only/balanced,0.9028871391076115,0.99734011463729,1.0,0.0,0.0,1.0
volcanoes-a3,./data/numerical_only/balanced,0.9028871391076115,0.6771511910177364,1.0,0.0,0.0,1.0
volcanoes-a3,./data/numerical_only/balanced,0.9028871391076115,0.9981274034525202,1.0,0.0,0.0,1.0
volcanoes-a3,./data/numerical_only/balanced,0.9028871391076115,0.99876513484447,1.0,0.0,0.0,1.0
volcanoes-a3,./data/numerical_only/balanced,0.9028871391076115,0.351537885805485,0.9,0.0,0.0,0.8390804597701148
volcanoes-a3,./data/numerical_only/balanced,0.9028871391076115,0.9973578034149538,1.0,0.0,0.0,0.9974446337308349
volcanoes-a3,./data/numerical_only/balanced,0.9028871391076115,0.9990335248924345,1.0,0.0,0.0,0.9974137931034482
volcanoes-a3,./data/numerical_only/balanced,0.9028871391076115,0.9575011568142395,1.0,0.0,0.0,0.9974457215836526
volcanoes-a3,./data/numerical_only/balanced,0.9028871391076115,0.9977158630951688,1.0,0.0,0.0,1.0
volcanoes-a3,./data/numerical_only/balanced,0.9028871391076115,0.9886674080789062,1.0,0.0,0.0,1.0
volcanoes-a3,./data/numerical_only/balanced,0.9028871391076115,0.9965745833168151,1.0,0.0,0.0,1.0
volcanoes-a3,./data/numerical_only/balanced,0.9028871391076115,0.9992086565473968,1.0,0.0,0.0,1.0
volcanoes-a3,./data/numerical_only/balanced,0.9028871391076115,0.9877742203234678,1.0,0.0,0.0,0.9987789987789988
volcanoes-a4,./data/numerical_only/balanced,0.9129287598944591,0.9982673151711712,1.0,0.0,0.0,1.0
volcanoes-a4,./data/numerical_only/balanced,0.9129287598944591,0.9866788916987869,1.0,0.0,0.0,0.9974726200505476
volcanoes-a4,./data/numerical_only/balanced,0.9129287598944591,0.38014318068232616,0.9,0.0,0.0,0.922077922077922
volcanoes-a4,./data/numerical_only/balanced,0.9129287598944591,0.9716456529068277,1.0,0.0,0.0,0.9990627928772259
volcanoes-a4,./data/numerical_only/balanced,0.9129287598944591,0.9927305450551317,1.0,0.0,0.0,0.9991289198606271
volcanoes-a4,./data/numerical_only/balanced,0.9129287598944591,0.3202720829077551,0.6666666666666666,0.0,0.0,1.0
volcanoes-a4,./data/numerical_only/balanced,0.9129287598944591,0.9909077374596504,1.0,0.0,0.0,0.9975570032573289
volcanoes-a4,./data/numerical_only/balanced,0.9129287598944591,0.8847977605069908,1.0,0.0,0.0,0.9961759082217974
volcanoes-a4,./data/numerical_only/balanced,0.9129287598944591,0.9615131432208969,1.0,0.0,0.0,0.9972850678733032
volcanoes-a4,./data/numerical_only/balanced,0.9129287598944591,0.975930639248898,1.0,0.0,0.0,0.999074074074074
volcanoes-a4,./data/numerical_only/balanced,0.9129287598944591,0.998994595146552,1.0,0.0,0.0,0.9991326973113617
volcanoes-a4,./data/numerical_only/balanced,0.9129287598944591,0.9938408662348291,1.0,0.0,0.0,0.9967506092607635
volcanoes-a4,./data/numerical_only/balanced,0.9129287598944591,0.9968641616966127,1.0,0.0,0.0,0.9991166077738516
volcanoes-a4,./data/numerical_only/balanced,0.9129287598944591,0.9974984889626274,1.0,0.0,0.0,0.9967948717948719
volcanoes-a4,./data/numerical_only/balanced,0.9129287598944591,0.9960079314641477,1.0,0.0,0.0,0.9991063449508489
volcanoes-a4,./data/numerical_only/balanced,0.9129287598944591,0.9945120025048063,1.0,0.0,0.0,0.9991063449508489
volcanoes-a4,./data/numerical_only/balanced,0.9129287598944591,0.9975113545661497,1.0,0.0,0.0,0.9967897271268058
volcanoes-a4,./data/numerical_only/balanced,0.9129287598944591,0.9979779746576294,1.0,0.0,0.0,1.0
volcanoes-a4,./data/numerical_only/balanced,0.9129287598944591,0.9879871029571236,1.0,0.0,0.0,0.9975247524752475
volcanoes-a4,./data/numerical_only/balanced,0.9129287598944591,0.9832456427112174,1.0,0.0,0.0,0.999099909990999
volcanoes-a4,./data/numerical_only/balanced,0.9129287598944591,0.9878912170817002,1.0,0.0,0.0,0.9991568296795952
volcanoes-a4,./data/numerical_only/balanced,0.9129287598944591,0.47597168466824263,1.0,0.0,0.0,0.9897959183673469
volcanoes-a4,./data/numerical_only/balanced,0.9129287598944591,0.9962847815940947,1.0,0.0,0.0,1.0
volcanoes-a4,./data/numerical_only/balanced,0.9129287598944591,0.9970534622330055,1.0,0.0,0.0,0.999129677980853
volcanoes-a4,./data/numerical_only/balanced,0.9129287598944591,0.600889511250779,1.0,0.0,0.0,0.9985754985754985
volcanoes-a4,./data/numerical_only/balanced,0.9129287598944591,0.9909289125980308,1.0,0.0,0.0,1.0
volcanoes-a4,./data/numerical_only/balanced,0.9129287598944591,0.9932442573525424,1.0,0.0,0.0,0.9991166077738516
volcanoes-a4,./data/numerical_only/balanced,0.9129287598944591,0.30775951103249705,1.0,0.0,0.0,0.8688524590163935
volcanoes-a4,./data/numerical_only/balanced,0.9129287598944591,0.9725791350275681,1.0,0.0,0.0,0.9961649089165869
volcanoes-a4,./data/numerical_only/balanced,0.9129287598944591,0.9974318236403866,1.0,0.0,0.0,0.999128160418483
volcanoes-a4,./data/numerical_only/balanced,0.9129287598944591,0.9661895158475627,1.0,0.0,0.0,0.995897435897436
volcanoes-a4,./data/numerical_only/balanced,0.9129287598944591,0.9921634701250036,1.0,0.0,0.0,0.9991356957649092
volcanoes-a4,./data/numerical_only/balanced,0.9129287598944591,0.7481052656788989,1.0,0.0,0.0,0.9986910994764397
volcanoes-a4,./data/numerical_only/balanced,0.9129287598944591,0.9494962890132594,1.0,0.0,0.0,0.9989082969432314
volcanoes-a4,./data/numerical_only/balanced,0.9129287598944591,0.2817368578478271,0.8125,0.0,0.0,0.96
volcanoes-a4,./data/numerical_only/balanced,0.9129287598944591,0.9668704034853622,1.0,0.0,0.0,0.9988950276243094
volcanoes-a4,./data/numerical_only/balanced,0.9129287598944591,0.9862593545291088,1.0,0.0,0.0,0.9991079393398751
volcanoes-a4,./data/numerical_only/balanced,0.9129287598944591,0.99544629562099,1.0,0.0,0.0,0.9959546925566343
volcanoes-a4,./data/numerical_only/balanced,0.9129287598944591,0.9421711447849501,1.0,0.0,0.0,1.0
volcanoes-a4,./data/numerical_only/balanced,0.9129287598944591,0.3470810136312439,0.8,0.0,0.0,0.9351851851851853
volcanoes-a4,./data/numerical_only/balanced,0.9129287598944591,0.9883542971955737,1.0,0.0,0.0,0.9990723562152134
volcanoes-a4,./data/numerical_only/balanced,0.9129287598944591,0.5052449851470961,1.0,0.0,0.0,0.9984025559105432
volcanoes-a4,./data/numerical_only/balanced,0.9129287598944591,0.9302993121564511,1.0,0.0,0.0,1.0
volcanoes-a4,./data/numerical_only/balanced,0.9129287598944591,0.9807656322384253,1.0,0.0,0.0,0.9983150800336984
volcanoes-a4,./data/numerical_only/balanced,0.9129287598944591,0.9777312261070199,1.0,0.0,0.0,0.9974402730375427
volcanoes-a4,./data/numerical_only/balanced,0.9129287598944591,0.982665226728098,1.0,0.0,0.0,0.9990049751243781
volcanoes-a4,./data/numerical_only/balanced,0.9129287598944591,0.9697417258950747,1.0,0.0,0.0,1.0
volcanoes-a4,./data/numerical_only/balanced,0.9129287598944591,0.9835366313969199,1.0,0.0,0.0,1.0
volcanoes-a4,./data/numerical_only/balanced,0.9129287598944591,0.8923035276864918,1.0,0.0,0.0,0.9989473684210527
volcanoes-a4,./data/numerical_only/balanced,0.9129287598944591,0.9975027577022423,1.0,0.0,0.0,1.0
volcanoes-e1,./data/numerical_only/balanced,0.918918918918919,0.9988882783000601,1.0,0.0,0.0,1.0
volcanoes-e1,./data/numerical_only/balanced,0.918918918918919,0.9903609106912968,1.0,0.0,0.0,0.9975579975579976
volcanoes-e1,./data/numerical_only/balanced,0.918918918918919,0.9980344227225696,1.0,0.0,0.0,1.0
volcanoes-e1,./data/numerical_only/balanced,0.918918918918919,0.998951423932916,1.0,0.0,0.0,1.0
volcanoes-e1,./data/numerical_only/balanced,0.918918918918919,0.998892073358623,1.0,0.0,0.0,1.0
volcanoes-e1,./data/numerical_only/balanced,0.918918918918919,0.730147978321457,0.9886363636363636,0.0,0.0,0.9982517482517481
volcanoes-e1,./data/numerical_only/balanced,0.918918918918919,0.9977120383224899,1.0,0.0,0.0,0.9975990396158462
volcanoes-e1,./data/numerical_only/balanced,0.918918918918919,0.9446082364842117,1.0,0.0,0.0,0.9973856209150327
volcanoes-e1,./data/numerical_only/balanced,0.918918918918919,0.9919028421915695,1.0,0.0,0.0,1.0
volcanoes-e1,./data/numerical_only/balanced,0.918918918918919,0.8594014924196454,1.0,0.0,0.0,0.9986754966887418
volcanoes-e1,./data/numerical_only/balanced,0.918918918918919,0.980236444218204,1.0,0.0,0.0,0.9976470588235294
volcanoes-e1,./data/numerical_only/balanced,0.918918918918919,0.8994443076674136,1.0,0.0,0.0,0.9986893840104848
volcanoes-e1,./data/numerical_only/balanced,0.918918918918919,0.9719110269727368,1.0,0.0,0.0,1.0
volcanoes-e1,./data/numerical_only/balanced,0.918918918918919,0.7703317076899,1.0,0.0,0.0,1.0
volcanoes-e1,./data/numerical_only/balanced,0.918918918918919,0.9592298226546151,1.0,0.0,0.0,0.997663551401869
volcanoes-e1,./data/numerical_only/balanced,0.918918918918919,0.9899693942827316,1.0,0.0,0.0,1.0
volcanoes-e1,./data/numerical_only/balanced,0.918918918918919,0.9426387029208328,1.0,0.0,0.0,1.0
volcanoes-e1,./data/numerical_only/balanced,0.918918918918919,0.9879765312848788,1.0,0.0,0.0,1.0
volcanoes-e1,./data/numerical_only/balanced,0.918918918918919,0.8662539992488443,1.0,0.0,0.0,1.0
volcanoes-e1,./data/numerical_only/balanced,0.918918918918919,0.5827682990972943,1.0,0.0,0.0,1.0
volcanoes-e1,./data/numerical_only/balanced,0.918918918918919,0.9046393034930171,1.0,0.0,0.0,0.998745294855709
volcanoes-e1,./data/numerical_only/balanced,0.918918918918919,0.9983613100478689,1.0,0.0,0.0,1.0
volcanoes-e1,./data/numerical_only/balanced,0.918918918918919,0.9447173268371305,1.0,0.0,0.0,0.9975609756097562
volcanoes-e1,./data/numerical_only/balanced,0.918918918918919,0.9141883046326341,1.0,0.0,0.0,0.9984894259818731
volcanoes-e1,./data/numerical_only/balanced,0.918918918918919,0.6962669933684665,1.0,0.0,0.0,0.9982300884955752
volcanoes-e1,./data/numerical_only/balanced,0.918918918918919,0.9991441471057988,1.0,0.0,0.0,0.9975247524752475
volcanoes-e1,./data/numerical_only/balanced,0.918918918918919,0.9964391088244021,1.0,0.0,0.0,1.0
volcanoes-e1,./data/numerical_only/balanced,0.918918918918919,0.9835207839569801,1.0,0.0,0.0,1.0
volcanoes-e1,./data/numerical_only/balanced,0.918918918918919,0.9307330380371361,1.0,0.0,0.0,1.0
volcanoes-e1,./data/numerical_only/balanced,0.918918918918919,0.8282753322099001,1.0,0.0,0.0,0.9983766233766234
volcanoes-e1,./data/numerical_only/balanced,0.918918918918919,0.8500144109922136,1.0,0.0,0.0,1.0
volcanoes-e1,./data/numerical_only/balanced,0.918918918918919,0.9468271233456204,1.0,0.0,0.0,1.0
volcanoes-e1,./data/numerical_only/balanced,0.918918918918919,0.9934144958670225,1.0,0.0,0.0,0.9987669543773119
volcanoes-e1,./data/numerical_only/balanced,0.918918918918919,0.8006701141960737,1.0,0.0,0.0,1.0
volcanoes-e1,./data/numerical_only/balanced,0.918918918918919,0.6524110183310152,1.0,0.0,0.0,1.0
volcanoes-e1,./data/numerical_only/balanced,0.918918918918919,0.9719645464371754,1.0,0.0,0.0,0.998769987699877
volcanoes-e1,./data/numerical_only/balanced,0.918918918918919,0.9782273977723388,1.0,0.0,0.0,0.9973684210526315
volcanoes-e1,./data/numerical_only/balanced,0.918918918918919,0.9933984879508595,1.0,0.0,0.0,1.0
volcanoes-e1,./data/numerical_only/balanced,0.918918918918919,0.8664478097862534,1.0,0.0,0.0,0.9984591679506934
volcanoes-e1,./data/numerical_only/balanced,0.918918918918919,0.6396296348625493,1.0,0.0,0.0,1.0
volcanoes-e1,./data/numerical_only/balanced,0.918918918918919,0.9932302603041457,1.0,0.0,0.0,1.0
volcanoes-e1,./data/numerical_only/balanced,0.918918918918919,0.9400056676095059,1.0,0.0,0.0,1.0
volcanoes-e1,./data/numerical_only/balanced,0.918918918918919,0.986241240761307,1.0,0.0,0.0,1.0
volcanoes-e1,./data/numerical_only/balanced,0.918918918918919,0.9976324133557037,1.0,0.0,0.0,0.9976162097735399
volcanoes-e1,./data/numerical_only/balanced,0.918918918918919,0.5384537978139486,1.0,0.0,0.0,1.0
volcanoes-e1,./data/numerical_only/balanced,0.918918918918919,0.988796385885137,1.0,0.0,0.0,1.0
volcanoes-e1,./data/numerical_only/balanced,0.918918918918919,0.9670232358584083,1.0,0.0,0.0,1.0
volcanoes-e1,./data/numerical_only/balanced,0.918918918918919,0.9821823554036067,1.0,0.0,0.0,1.0
volcanoes-e1,./data/numerical_only/balanced,0.918918918918919,0.9771030034443291,1.0,0.0,0.0,0.9976162097735399
volcanoes-e1,./data/numerical_only/balanced,0.918918918918919,0.9903332393165356,1.0,0.0,0.0,1.0
volcanoes-e2,./data/numerical_only/balanced,0.9185185185185185,0.9931824348110642,1.0,0.0,0.0,1.0
volcanoes-e2,./data/numerical_only/balanced,0.9185185185185185,0.8831643500428398,1.0,0.0,0.0,1.0
volcanoes-e2,./data/numerical_only/balanced,0.9185185185185185,0.9958358123294849,1.0,0.0,0.0,0.9984177215189873
volcanoes-e2,./data/numerical_only/balanced,0.9185185185185185,0.9883620548807696,1.0,0.0,0.0,1.0
volcanoes-e2,./data/numerical_only/balanced,0.9185185185185185,0.9876665261695702,1.0,0.0,0.0,0.9984177215189873
volcanoes-e2,./data/numerical_only/balanced,0.9185185185185185,0.9891987949015777,1.0,0.0,0.0,1.0
volcanoes-e2,./data/numerical_only/balanced,0.9185185185185185,0.9813541916605515,1.0,0.0,0.0,0.9984152139461173
volcanoes-e2,./data/numerical_only/balanced,0.9185185185185185,0.9874982218265681,1.0,0.0,0.0,1.0
volcanoes-e2,./data/numerical_only/balanced,0.9185185185185185,0.9522753404377918,1.0,0.0,0.0,0.9967948717948719
volcanoes-e2,./data/numerical_only/balanced,0.9185185185185185,0.6675880512832774,1.0,0.0,0.0,1.0
volcanoes-e2,./data/numerical_only/balanced,0.9185185185185185,0.8643669115900154,1.0,0.0,0.0,0.9982788296041308
volcanoes-e2,./data/numerical_only/balanced,0.9185185185185185,0.9485296789290187,1.0,0.0,0.0,0.9984177215189873
volcanoes-e2,./data/numerical_only/balanced,0.9185185185185185,0.9871183540844864,1.0,0.0,0.0,0.9984177215189873
volcanoes-e2,./data/numerical_only/balanced,0.9185185185185185,0.9807343995268641,1.0,0.0,0.0,1.0
volcanoes-e2,./data/numerical_only/balanced,0.9185185185185185,0.9812705557053586,1.0,0.0,0.0,0.9984177215189873
volcanoes-e2,./data/numerical_only/balanced,0.9185185185185185,0.9732928279748062,1.0,0.0,0.0,1.0
volcanoes-e2,./data/numerical_only/balanced,0.9185185185185185,0.992506237783911,1.0,0.0,0.0,1.0
volcanoes-e2,./data/numerical_only/balanced,0.9185185185185185,0.8718050859713573,1.0,0.0,0.0,0.9981981981981981
volcanoes-e2,./data/numerical_only/balanced,0.9185185185185185,0.9772167353079917,1.0,0.0,0.0,1.0
volcanoes-e2,./data/numerical_only/balanced,0.9185185185185185,0.9897870627548028,1.0,0.0,0.0,0.9984152139461173
volcanoes-e2,./data/numerical_only/balanced,0.9185185185185185,0.9408444008282576,1.0,0.0,0.0,1.0
volcanoes-e2,./data/numerical_only/balanced,0.9185185185185185,0.8084515086776952,1.0,0.0,0.0,1.0
volcanoes-e2,./data/numerical_only/balanced,0.9185185185185185,0.8430511640622714,1.0,0.0,0.0,0.9983792544570502
volcanoes-e2,./data/numerical_only/balanced,0.9185185185185185,0.5104176692194455,1.0,0.0,0.0,1.0
volcanoes-e2,./data/numerical_only/balanced,0.9185185185185185,0.9958091186275774,1.0,0.0,0.0,0.9984177215189873
volcanoes-e2,./data/numerical_only/balanced,0.9185185185185185,0.9916664801181224,1.0,0.0,0.0,1.0
volcanoes-e2,./data/numerical_only/balanced,0.9185185185185185,0.9953009619744569,1.0,0.0,0.0,0.9984152139461173
volcanoes-e2,./data/numerical_only/balanced,0.9185185185185185,0.9918980122786505,1.0,0.0,0.0,1.0
volcanoes-e2,./data/numerical_only/balanced,0.9185185185185185,0.51040172572956,0.9876543209876543,0.0,0.0,1.0
volcanoes-e2,./data/numerical_only/balanced,0.9185185185185185,0.9561709439294788,1.0,0.0,0.0,1.0
volcanoes-e2,./data/numerical_only/balanced,0.9185185185185185,0.9871249368652174,1.0,0.0,0.0,1.0
volcanoes-e2,./data/numerical_only/balanced,0.9185185185185185,0.8350184946995575,1.0,0.0,0.0,1.0
volcanoes-e2,./data/numerical_only/balanced,0.9185185185185185,0.9322671049547628,1.0,0.0,0.0,1.0
volcanoes-e2,./data/numerical_only/balanced,0.9185185185185185,0.9971543857236438,1.0,0.0,0.0,0.9984177215189873
volcanoes-e2,./data/numerical_only/balanced,0.9185185185185185,0.9887285669854088,1.0,0.0,0.0,0.9984177215189873
volcanoes-e2,./data/numerical_only/balanced,0.9185185185185185,0.9730120454620557,1.0,0.0,0.0,1.0
volcanoes-e2,./data/numerical_only/balanced,0.9185185185185185,0.9401539984363123,1.0,0.0,0.0,1.0
volcanoes-e2,./data/numerical_only/balanced,0.9185185185185185,0.9776656940606984,1.0,0.0,0.0,0.9984152139461173
volcanoes-e2,./data/numerical_only/balanced,0.9185185185185185,0.6703774740529159,1.0,0.0,0.0,1.0
volcanoes-e2,./data/numerical_only/balanced,0.9185185185185185,0.9768366203135551,1.0,0.0,0.0,0.9984177215189873
volcanoes-e2,./data/numerical_only/balanced,0.9185185185185185,0.9929217037792063,1.0,0.0,0.0,1.0
volcanoes-e2,./data/numerical_only/balanced,0.9185185185185185,0.9210964687894508,1.0,0.0,0.0,0.9983974358974359
volcanoes-e2,./data/numerical_only/balanced,0.9185185185185185,0.3897461578805903,1.0,0.0,0.0,1.0
volcanoes-e2,./data/numerical_only/balanced,0.9185185185185185,0.9643780136995365,1.0,0.0,0.0,0.9984177215189873
volcanoes-e2,./data/numerical_only/balanced,0.9185185185185185,0.9548960122142038,1.0,0.0,0.0,1.0
volcanoes-e2,./data/numerical_only/balanced,0.9185185185185185,0.8528438183018133,1.0,0.0,0.0,1.0
volcanoes-e2,./data/numerical_only/balanced,0.9185185185185185,0.5309023733058608,0.9876543209876543,0.0,0.0,1.0
volcanoes-e2,./data/numerical_only/balanced,0.9185185185185185,0.8967887623269745,1.0,0.0,0.0,0.998324958123953
volcanoes-e2,./data/numerical_only/balanced,0.9185185185185185,0.9983858111549634,1.0,0.0,0.0,0.9984177215189873
volcanoes-e2,./data/numerical_only/balanced,0.9185185185185185,0.9964825445615285,1.0,0.0,0.0,0.9984152139461173
volcanoes-e3,./data/numerical_only/balanced,0.928125,0.9895162504467706,1.0,0.0,0.0,0.9985714285714286
volcanoes-e3,./data/numerical_only/balanced,0.928125,0.7163626545433358,1.0,0.0,0.0,0.9920760697305864
volcanoes-e3,./data/numerical_only/balanced,0.928125,0.992780687938296,1.0,0.0,0.0,1.0
volcanoes-e3,./data/numerical_only/balanced,0.928125,0.9970729255781303,1.0,0.0,0.0,0.998607242339833
volcanoes-e3,./data/numerical_only/balanced,0.928125,0.8805735054952761,1.0,0.0,0.0,0.9984544049459043
volcanoes-e3,./data/numerical_only/balanced,0.928125,0.9739465657961762,1.0,0.0,0.0,0.998546511627907
volcanoes-e3,./data/numerical_only/balanced,0.928125,0.7153349538463918,1.0,0.0,0.0,1.0
volcanoes-e3,./data/numerical_only/balanced,0.928125,0.954462732477329,1.0,0.0,0.0,1.0
volcanoes-e3,./data/numerical_only/balanced,0.928125,0.967264732449055,1.0,0.0,0.0,0.9986394557823128
volcanoes-e3,./data/numerical_only/balanced,0.928125,0.5885772080295049,1.0,0.0,0.0,1.0
volcanoes-e3,./data/numerical_only/balanced,0.928125,0.9981392138514644,1.0,0.0,0.0,1.0
volcanoes-e3,./data/numerical_only/balanced,0.928125,0.9010002433460802,1.0,0.0,0.0,0.9986206896551725
volcanoes-e3,./data/numerical_only/balanced,0.928125,0.9838086030147499,1.0,0.0,0.0,0.9985915492957746
volcanoes-e3,./data/numerical_only/balanced,0.928125,0.9692148659361428,1.0,0.0,0.0,1.0
volcanoes-e3,./data/numerical_only/balanced,0.928125,0.9720008706843879,1.0,0.0,0.0,0.9986394557823128
volcanoes-e3,./data/numerical_only/balanced,0.928125,0.9986562398530172,1.0,0.0,0.0,1.0
volcanoes-e3,./data/numerical_only/balanced,0.928125,0.9889696041796732,1.0,0.0,0.0,1.0
volcanoes-e3,./data/numerical_only/balanced,0.928125,0.8167210059148948,1.0,0.0,0.0,0.9980657640232108
volcanoes-e3,./data/numerical_only/balanced,0.928125,0.950642500792544,1.0,0.0,0.0,1.0
volcanoes-e3,./data/numerical_only/balanced,0.928125,0.9908675871320802,1.0,0.0,0.0,0.9985590778097982
volcanoes-e3,./data/numerical_only/balanced,0.928125,0.9770162350024804,1.0,0.0,0.0,0.9973297730307076
volcanoes-e3,./data/numerical_only/balanced,0.928125,0.9860606192337206,1.0,0.0,0.0,0.9986631016042781
volcanoes-e3,./data/numerical_only/balanced,0.928125,0.9784657102029449,1.0,0.0,0.0,0.9986631016042781
volcanoes-e3,./data/numerical_only/balanced,0.928125,0.942933334626314,1.0,0.0,0.0,0.9984917043740573
volcanoes-e3,./data/numerical_only/balanced,0.928125,0.9109246586188311,1.0,0.0,0.0,0.9983498349834983
volcanoes-e3,./data/numerical_only/balanced,0.928125,0.996760508029125,1.0,0.0,0.0,0.99860529986053
volcanoes-e3,./data/numerical_only/balanced,0.928125,0.9609272963945851,1.0,0.0,0.0,0.9985855728429985
volcanoes-e3,./data/numerical_only/balanced,0.928125,0.7008682717063913,1.0,0.0,0.0,1.0
volcanoes-e3,./data/numerical_only/balanced,0.928125,0.9924413933667449,1.0,0.0,0.0,0.9943741209563994
volcanoes-e3,./data/numerical_only/balanced,0.928125,0.988650268471517,1.0,0.0,0.0,1.0
volcanoes-e3,./data/numerical_only/balanced,0.928125,0.6926546128025157,1.0,0.0,0.0,1.0
volcanoes-e3,./data/numerical_only/balanced,0.928125,0.9785659588666973,1.0,0.0,0.0,1.0
volcanoes-e3,./data/numerical_only/balanced,0.928125,0.9894488583005383,1.0,0.0,0.0,1.0
volcanoes-e3,./data/numerical_only/balanced,0.928125,0.9665504927778233,1.0,0.0,0.0,1.0
volcanoes-e3,./data/numerical_only/balanced,0.928125,0.9974495155293839,1.0,0.0,0.0,0.9986631016042781
volcanoes-e3,./data/numerical_only/balanced,0.928125,0.9979035005864242,1.0,0.0,0.0,1.0
volcanoes-e3,./data/numerical_only/balanced,0.928125,0.9971369289450085,1.0,0.0,0.0,1.0
volcanoes-e3,./data/numerical_only/balanced,0.928125,0.9720584880904932,1.0,0.0,0.0,1.0
volcanoes-e3,./data/numerical_only/balanced,0.928125,0.9917071805734757,1.0,0.0,0.0,1.0
volcanoes-e3,./data/numerical_only/balanced,0.928125,0.9834973665150928,1.0,0.0,0.0,1.0
volcanoes-e3,./data/numerical_only/balanced,0.928125,0.9817208222843224,1.0,0.0,0.0,1.0
volcanoes-e3,./data/numerical_only/balanced,0.928125,0.6505043765099171,1.0,0.0,0.0,1.0
volcanoes-e3,./data/numerical_only/balanced,0.928125,0.9808470475274607,1.0,0.0,0.0,0.9985935302390999
volcanoes-e3,./data/numerical_only/balanced,0.928125,0.9852917539284601,1.0,0.0,0.0,0.9985974754558204
volcanoes-e3,./data/numerical_only/balanced,0.928125,0.9984927079265107,1.0,0.0,0.0,1.0
volcanoes-e3,./data/numerical_only/balanced,0.928125,0.935989122976603,1.0,0.0,0.0,1.0
volcanoes-e3,./data/numerical_only/balanced,0.928125,0.9952147137670201,1.0,0.0,0.0,1.0
volcanoes-e3,./data/numerical_only/balanced,0.928125,0.8823426308571909,1.0,0.0,0.0,1.0
volcanoes-e3,./data/numerical_only/balanced,0.928125,0.9602446976653152,1.0,0.0,0.0,1.0
volcanoes-e4,./data/numerical_only/balanced,0.9361022364217252,0.9213918746350741,1.0,0.0,0.0,1.0
volcanoes-e4,./data/numerical_only/balanced,0.9361022364217252,0.9850646082158113,1.0,0.0,0.0,1.0
volcanoes-e4,./data/numerical_only/balanced,0.9361022364217252,0.6676932084718331,1.0,0.0,0.0,1.0
volcanoes-e4,./data/numerical_only/balanced,0.9361022364217252,0.993917150021665,1.0,0.0,0.0,1.0
volcanoes-e4,./data/numerical_only/balanced,0.9361022364217252,0.566106874257439,1.0,0.0,0.0,1.0
volcanoes-e4,./data/numerical_only/balanced,0.9361022364217252,0.9991941054957978,1.0,0.0,0.0,1.0
volcanoes-e4,./data/numerical_only/balanced,0.9361022364217252,0.5692211647161041,0.9886363636363636,0.0,0.0,1.0
volcanoes-e4,./data/numerical_only/balanced,0.9361022364217252,0.9956645645353861,1.0,0.0,0.0,0.9986301369863014
volcanoes-e4,./data/numerical_only/balanced,0.9361022364217252,0.9060573822311693,1.0,0.0,0.0,1.0
volcanoes-e4,./data/numerical_only/balanced,0.9361022364217252,0.9966236792729852,1.0,0.0,0.0,1.0
volcanoes-e4,./data/numerical_only/balanced,0.9361022364217252,0.8701146468161274,1.0,0.0,0.0,1.0
volcanoes-e4,./data/numerical_only/balanced,0.9361022364217252,0.9965092232545921,1.0,0.0,0.0,1.0
volcanoes-e4,./data/numerical_only/balanced,0.9361022364217252,0.9497358510240672,1.0,0.0,0.0,1.0
volcanoes-e4,./data/numerical_only/balanced,0.9361022364217252,0.9845615505474619,1.0,0.0,0.0,0.9986301369863014
volcanoes-e4,./data/numerical_only/balanced,0.9361022364217252,0.9937130792719494,1.0,0.0,0.0,1.0
volcanoes-e4,./data/numerical_only/balanced,0.9361022364217252,0.9172631303991166,1.0,0.0,0.0,1.0
volcanoes-e4,./data/numerical_only/balanced,0.9361022364217252,0.9931365592971727,1.0,0.0,0.0,1.0
volcanoes-e4,./data/numerical_only/balanced,0.9361022364217252,0.9918634967386007,1.0,0.0,0.0,1.0
volcanoes-e4,./data/numerical_only/balanced,0.9361022364217252,0.8858519468641581,1.0,0.0,0.0,1.0
volcanoes-e4,./data/numerical_only/balanced,0.9361022364217252,0.985347849090202,1.0,0.0,0.0,0.9986301369863014
volcanoes-e4,./data/numerical_only/balanced,0.9361022364217252,0.48705137856712755,1.0,0.0,0.0,1.0
volcanoes-e4,./data/numerical_only/balanced,0.9361022364217252,0.9933022067985798,1.0,0.0,0.0,1.0
volcanoes-e4,./data/numerical_only/balanced,0.9361022364217252,0.9912080056674324,1.0,0.0,0.0,1.0
volcanoes-e4,./data/numerical_only/balanced,0.9361022364217252,0.9657188309832275,1.0,0.0,0.0,1.0
volcanoes-e4,./data/numerical_only/balanced,0.9361022364217252,0.99900503782408,1.0,0.0,0.0,1.0
volcanoes-e4,./data/numerical_only/balanced,0.9361022364217252,0.9184612033822199,1.0,0.0,0.0,0.9985029940119761
volcanoes-e4,./data/numerical_only/balanced,0.9361022364217252,0.7434678332258178,1.0,0.0,0.0,1.0
volcanoes-e4,./data/numerical_only/balanced,0.9361022364217252,0.952428138474063,1.0,0.0,0.0,0.9985422740524781
volcanoes-e4,./data/numerical_only/balanced,0.9361022364217252,0.9838566218255963,1.0,0.0,0.0,0.9986301369863014
volcanoes-e4,./data/numerical_only/balanced,0.9361022364217252,0.9584291011469602,1.0,0.0,0.0,1.0
volcanoes-e4,./data/numerical_only/balanced,0.9361022364217252,0.9955321708201987,1.0,0.0,0.0,0.9985272459499264
volcanoes-e4,./data/numerical_only/balanced,0.9361022364217252,0.9652747694570751,1.0,0.0,0.0,1.0
volcanoes-e4,./data/numerical_only/balanced,0.9361022364217252,0.996595925698731,1.0,0.0,0.0,0.9986320109439124
volcanoes-e4,./data/numerical_only/balanced,0.9361022364217252,0.9988283580725038,1.0,0.0,0.0,1.0
volcanoes-e4,./data/numerical_only/balanced,0.9361022364217252,0.9960179028849786,1.0,0.0,0.0,1.0
volcanoes-e4,./data/numerical_only/balanced,0.9361022364217252,0.8103644319946957,1.0,0.0,0.0,1.0
volcanoes-e4,./data/numerical_only/balanced,0.9361022364217252,0.9060107153821366,1.0,0.0,0.0,1.0
volcanoes-e4,./data/numerical_only/balanced,0.9361022364217252,0.9900034904449644,1.0,0.0,0.0,1.0
volcanoes-e4,./data/numerical_only/balanced,0.9361022364217252,0.9929746995285944,1.0,0.0,0.0,1.0
volcanoes-e4,./data/numerical_only/balanced,0.9361022364217252,0.9489901195305599,1.0,0.0,0.0,1.0
volcanoes-e4,./data/numerical_only/balanced,0.9361022364217252,0.9985647068885457,1.0,0.0,0.0,1.0
volcanoes-e4,./data/numerical_only/balanced,0.9361022364217252,0.9882989170677413,1.0,0.0,0.0,1.0
volcanoes-e4,./data/numerical_only/balanced,0.9361022364217252,0.9336294875686891,1.0,0.0,0.0,1.0
volcanoes-e4,./data/numerical_only/balanced,0.9361022364217252,0.9974709489549569,1.0,0.0,0.0,1.0
volcanoes-e4,./data/numerical_only/balanced,0.9361022364217252,0.9935795229212605,1.0,0.0,0.0,0.9986301369863014
volcanoes-e4,./data/numerical_only/balanced,0.9361022364217252,0.4313810586245547,1.0,0.0,0.0,0.9980620155038761
volcanoes-e4,./data/numerical_only/balanced,0.9361022364217252,0.9872539391495007,1.0,0.0,0.0,1.0
volcanoes-e4,./data/numerical_only/balanced,0.9361022364217252,0.9948321032755952,1.0,0.0,0.0,0.9986320109439124
volcanoes-e4,./data/numerical_only/balanced,0.9361022364217252,0.9968467461283648,1.0,0.0,0.0,1.0
volcanoes-e4,./data/numerical_only/balanced,0.9361022364217252,0.9947360766270489,1.0,0.0,0.0,1.0
volcanoes-e5,./data/numerical_only/balanced,0.9064748201438849,0.9172706672158454,1.0,0.0,0.0,0.9984152139461173
volcanoes-e5,./data/numerical_only/balanced,0.9064748201438849,0.9769163868647336,1.0,0.0,0.0,0.9984639016897081
volcanoes-e5,./data/numerical_only/balanced,0.9064748201438849,0.976797595697048,1.0,0.0,0.0,0.9968553459119496
volcanoes-e5,./data/numerical_only/balanced,0.9064748201438849,0.9338298120682305,1.0,0.0,0.0,1.0
volcanoes-e5,./data/numerical_only/balanced,0.9064748201438849,0.9756651785870419,1.0,0.0,0.0,0.9984662576687116
volcanoes-e5,./data/numerical_only/balanced,0.9064748201438849,0.94636981537788,1.0,0.0,0.0,0.9984639016897081
volcanoes-e5,./data/numerical_only/balanced,0.9064748201438849,0.7548963483751238,1.0,0.0,0.0,0.9977827050997783
volcanoes-e5,./data/numerical_only/balanced,0.9064748201438849,0.9815840386058423,1.0,0.0,0.0,0.9984639016897081
volcanoes-e5,./data/numerical_only/balanced,0.9064748201438849,0.9540633097305001,1.0,0.0,0.0,1.0
volcanoes-e5,./data/numerical_only/balanced,0.9064748201438849,0.9903486083410029,1.0,0.0,0.0,0.9969183359013869
volcanoes-e5,./data/numerical_only/balanced,0.9064748201438849,0.9756891959460542,1.0,0.0,0.0,0.9984662576687116
volcanoes-e5,./data/numerical_only/balanced,0.9064748201438849,0.5179433541180299,0.9855072463768118,0.0,0.0,1.0
volcanoes-e5,./data/numerical_only/balanced,0.9064748201438849,0.969108439163899,1.0,0.0,0.0,1.0
volcanoes-e5,./data/numerical_only/balanced,0.9064748201438849,0.9907614805035785,1.0,0.0,0.0,0.9984639016897081
volcanoes-e5,./data/numerical_only/balanced,0.9064748201438849,0.8717887641648556,1.0,0.0,0.0,0.9981343283582088
volcanoes-e5,./data/numerical_only/balanced,0.9064748201438849,0.988748180011593,1.0,0.0,0.0,0.998263888888889
volcanoes-e5,./data/numerical_only/balanced,0.9064748201438849,0.9776852499893554,1.0,0.0,0.0,0.9984639016897081
volcanoes-e5,./data/numerical_only/balanced,0.9064748201438849,0.7464281676153791,1.0,0.0,0.0,1.0
volcanoes-e5,./data/numerical_only/balanced,0.9064748201438849,0.9884437614485935,1.0,0.0,0.0,0.9982300884955752
volcanoes-e5,./data/numerical_only/balanced,0.9064748201438849,0.9615844259350947,1.0,0.0,0.0,1.0
volcanoes-e5,./data/numerical_only/balanced,0.9064748201438849,0.9587896768267864,1.0,0.0,0.0,0.9984639016897081
volcanoes-e5,./data/numerical_only/balanced,0.9064748201438849,0.9909147477262213,1.0,0.0,0.0,0.9984639016897081
volcanoes-e5,./data/numerical_only/balanced,0.9064748201438849,0.9491942549694934,1.0,0.0,0.0,0.9980314960629922
volcanoes-e5,./data/numerical_only/balanced,0.9064748201438849,0.9962091625244262,1.0,0.0,0.0,0.9984399375975039
volcanoes-e5,./data/numerical_only/balanced,0.9064748201438849,0.9766684035135488,1.0,0.0,0.0,1.0
volcanoes-e5,./data/numerical_only/balanced,0.9064748201438849,0.9896360162900463,1.0,0.0,0.0,0.9984639016897081
volcanoes-e5,./data/numerical_only/balanced,0.9064748201438849,0.9953675031195764,1.0,0.0,0.0,0.9964539007092199
volcanoes-e5,./data/numerical_only/balanced,0.9064748201438849,0.9831825018081574,1.0,0.0,0.0,0.9984662576687116
volcanoes-e5,./data/numerical_only/balanced,0.9064748201438849,0.9784647597860244,1.0,0.0,0.0,0.9984639016897081
volcanoes-e5,./data/numerical_only/balanced,0.9064748201438849,0.9459492328915113,1.0,0.0,0.0,0.9984662576687116
volcanoes-e5,./data/numerical_only/balanced,0.9064748201438849,0.9057679800851737,1.0,0.0,0.0,0.9984375
volcanoes-e5,./data/numerical_only/balanced,0.9064748201438849,0.9876142170935008,1.0,0.0,0.0,0.9982238010657195
volcanoes-e5,./data/numerical_only/balanced,0.9064748201438849,0.9831582992244774,1.0,0.0,0.0,0.9984639016897081
volcanoes-e5,./data/numerical_only/balanced,0.9064748201438849,0.5754090937716619,1.0,0.0,0.0,0.9974874371859297
volcanoes-e5,./data/numerical_only/balanced,0.9064748201438849,0.9627493197863525,1.0,0.0,0.0,0.9984639016897081
volcanoes-e5,./data/numerical_only/balanced,0.9064748201438849,0.9487112377352112,1.0,0.0,0.0,0.9984639016897081
volcanoes-e5,./data/numerical_only/balanced,0.9064748201438849,0.8331056651665759,1.0,0.0,0.0,1.0
volcanoes-e5,./data/numerical_only/balanced,0.9064748201438849,0.7620694800148108,1.0,0.0,0.0,1.0
volcanoes-e5,./data/numerical_only/balanced,0.9064748201438849,0.835637707341483,1.0,0.0,0.0,0.9978632478632479
volcanoes-e5,./data/numerical_only/balanced,0.9064748201438849,0.8834811405493884,1.0,0.0,0.0,0.9984202211690363
volcanoes-e5,./data/numerical_only/balanced,0.9064748201438849,0.9946592992533241,1.0,0.0,0.0,0.9984662576687116
volcanoes-e5,./data/numerical_only/balanced,0.9064748201438849,0.9296404632032821,1.0,0.0,0.0,0.9984662576687116
volcanoes-e5,./data/numerical_only/balanced,0.9064748201438849,0.9947746955714175,1.0,0.0,0.0,0.9983660130718954
volcanoes-e5,./data/numerical_only/balanced,0.9064748201438849,0.9818437722414503,1.0,0.0,0.0,1.0
volcanoes-e5,./data/numerical_only/balanced,0.9064748201438849,0.9902636808462623,1.0,0.0,0.0,0.998211091234347
volcanoes-e5,./data/numerical_only/balanced,0.9064748201438849,0.9969214129633074,1.0,0.0,0.0,0.9984662576687116
wine-quality-red,./data/numerical_only/balanced,0.6075,0.56908345003766,0.967741935483871,0.0,0.0,0.99822695035461
wine-quality-red,./data/numerical_only/balanced,0.6075,0.7295304206510327,0.9666666666666666,0.0,0.0,0.9956521739130435
wine-quality-red,./data/numerical_only/balanced,0.6075,0.8069320470467226,1.0,0.0,0.0,0.9989939637826962
wine-quality-red,./data/numerical_only/balanced,0.6075,0.44519368923554725,1.0,0.0,0.0,0.9823008849557521
wine-quality-red,./data/numerical_only/balanced,0.6075,0.45061396335092274,0.8571428571428571,0.0,0.0,1.0
wine-quality-red,./data/numerical_only/balanced,0.6075,0.7474994244135875,1.0,0.0,0.0,0.9985935302390999
wine-quality-red,./data/numerical_only/balanced,0.6075,0.48249010245885704,1.0,0.0,0.0,1.0
wine-quality-red,./data/numerical_only/balanced,0.6075,0.7482128808583622,1.0,0.0,0.0,1.0
wine-quality-red,./data/numerical_only/balanced,0.6075,0.6258148308938263,0.980392156862745,0.0,0.0,0.9987096774193548
wine-quality-red,./data/numerical_only/balanced,0.6075,0.4490881605920566,1.0,0.0,0.0,1.0
wine-quality-red,./data/numerical_only/balanced,0.6075,0.6651942860716346,0.9759036144578314,0.0,0.0,1.0
wine-quality-red,./data/numerical_only/balanced,0.6075,0.6445955237889609,0.9615384615384615,0.0,0.0,1.0
wine-quality-red,./data/numerical_only/balanced,0.6075,0.7240048567031618,0.9333333333333333,0.0,0.0,1.0
wine-quality-red,./data/numerical_only/balanced,0.6075,0.6784307033770162,1.0,0.0,0.0,1.0
wine-quality-red,./data/numerical_only/balanced,0.6075,0.8609876807629754,1.0,0.0,0.0,1.0
wine-quality-red,./data/numerical_only/balanced,0.6075,0.5081383381743257,0.9811320754716981,0.0,0.0,0.9944029850746269
wine-quality-red,./data/numerical_only/balanced,0.6075,0.5734920330766757,1.0,0.0,0.0,1.0
wine-quality-red,./data/numerical_only/balanced,0.6075,0.6428132947239067,0.9772727272727273,0.0,0.0,0.9976133651551311
wine-quality-red,./data/numerical_only/balanced,0.6075,0.7923977770139315,1.0,0.0,0.0,1.0
wine-quality-red,./data/numerical_only/balanced,0.6075,0.35691295763258973,1.0,0.0,0.0,0.9076086956521741
wine-quality-red,./data/numerical_only/balanced,0.6075,0.533783696916251,1.0,0.0,0.0,1.0
wine-quality-red,./data/numerical_only/balanced,0.6075,0.5127463240507227,0.972972972972973,0.0,0.0,0.7437810945273632
wine-quality-red,./data/numerical_only/balanced,0.6075,0.4705546364347788,1.0,0.0,0.0,0.7102564102564103
wine-quality-red,./data/numerical_only/balanced,0.6075,0.6962177403033077,0.9473684210526315,0.0,0.0,0.9987577639751553
wine-quality-red,./data/numerical_only/balanced,0.6075,0.5308954771323803,0.9285714285714286,0.0,0.0,1.0
wine-quality-red,./data/numerical_only/balanced,0.6075,0.6328040272476755,1.0,0.0,0.0,0.9953271028037383
wine-quality-red,./data/numerical_only/balanced,0.6075,0.4297421321019815,0.9285714285714286,0.0,0.0,0.8169491525423729
wine-quality-red,./data/numerical_only/balanced,0.6075,0.7878944015843963,1.0,0.0,0.0,1.0
wine-quality-red,./data/numerical_only/balanced,0.6075,0.6843995886829428,0.9800000000000001,0.0,0.0,1.0
wine-quality-red,./data/numerical_only/balanced,0.6075,0.645543112575183,1.0,0.0,0.0,0.9985714285714286
wine-quality-red,./data/numerical_only/balanced,0.6075,0.7114845697944341,0.98989898989899,0.0,0.0,1.0
wine-quality-red,./data/numerical_only/balanced,0.6075,0.7914621213398199,0.9807692307692306,0.0,0.0,1.0
wine-quality-red,./data/numerical_only/balanced,0.6075,0.5328692605717632,0.975609756097561,0.0,0.0,1.0
wine-quality-red,./data/numerical_only/balanced,0.6075,0.6842916174570788,1.0,0.0,0.0,1.0
wine-quality-red,./data/numerical_only/balanced,0.6075,0.577397227506705,0.9736842105263157,0.0,0.0,1.0
wine-quality-red,./data/numerical_only/balanced,0.6075,0.6584076160372723,1.0,0.0,0.0,0.9973333333333333
wine-quality-red,./data/numerical_only/balanced,0.6075,0.9883058473645575,1.0,0.0,0.0,1.0
wine-quality-red,./data/numerical_only/balanced,0.6075,0.3974057927556222,0.75,0.0,0.0,0.7990430622009569
wine-quality-red,./data/numerical_only/balanced,0.6075,0.6193632028508776,1.0,0.0,0.0,1.0
wine-quality-red,./data/numerical_only/balanced,0.6075,0.7013691094501903,1.0,0.0,0.0,1.0
wine-quality-red,./data/numerical_only/balanced,0.6075,0.560136985279269,1.0,0.0,0.0,1.0
wine-quality-red,./data/numerical_only/balanced,0.6075,0.7869887160413652,1.0,0.0,0.0,1.0
wine-quality-red,./data/numerical_only/balanced,0.6075,0.6603196428234294,0.9047619047619048,0.0,0.0,1.0
wine-quality-red,./data/numerical_only/balanced,0.6075,0.62717920363034,0.8823529411764707,0.0,0.0,0.9972375690607734
wine-quality-red,./data/numerical_only/balanced,0.6075,0.5176308831997242,1.0,0.0,0.0,0.9928400954653938
wine-quality-red,./data/numerical_only/balanced,0.6075,0.4839964589537903,1.0,0.0,0.0,1.0
wine-quality-red,./data/numerical_only/balanced,0.6075,0.6330132158878391,1.0,0.0,0.0,0.9984126984126984
wine-quality-red,./data/numerical_only/balanced,0.6075,0.6504967192910046,0.75,0.0,0.0,1.0
wine-quality-red,./data/numerical_only/balanced,0.6075,0.67273377285735,1.0,0.0,0.0,0.9956896551724139
wine-quality-red,./data/numerical_only/balanced,0.6075,0.5315086100783443,0.9857142857142858,0.0,0.0,1.0
maternal,./data/numerical_only/balanced,0.6811023622047244,0.8664684705562242,1.0,0.0,0.0,1.0
maternal,./data/numerical_only/balanced,0.6811023622047244,0.5343464283231741,1.0,0.0,0.0,1.0
maternal,./data/numerical_only/balanced,0.6811023622047244,0.5696650215722728,0.9868421052631579,0.0,0.0,1.0
maternal,./data/numerical_only/balanced,0.6811023622047244,0.7771879237616257,1.0,0.0,0.0,1.0
maternal,./data/numerical_only/balanced,0.6811023622047244,0.9479264199967886,1.0,0.0,0.0,1.0
maternal,./data/numerical_only/balanced,0.6811023622047244,0.8554050313381887,1.0,0.0,0.0,1.0
maternal,./data/numerical_only/balanced,0.6811023622047244,0.7644945179405878,1.0,0.0,0.0,1.0
maternal,./data/numerical_only/balanced,0.6811023622047244,0.7672331978907292,1.0,0.0,0.0,1.0
maternal,./data/numerical_only/balanced,0.6811023622047244,0.5378217188511432,1.0,0.0,0.0,0.9927536231884059
maternal,./data/numerical_only/balanced,0.6811023622047244,0.707372006554992,1.0,0.0,0.0,1.0
maternal,./data/numerical_only/balanced,0.6811023622047244,0.8465644558183201,1.0,0.0,0.0,1.0
maternal,./data/numerical_only/balanced,0.6811023622047244,0.7646218231642669,0.9714285714285713,0.0,0.0,1.0
maternal,./data/numerical_only/balanced,0.6811023622047244,0.9934793892000072,1.0,0.0,0.0,1.0
maternal,./data/numerical_only/balanced,0.6811023622047244,0.5511127926246858,1.0,0.0,0.0,0.995433789954338
maternal,./data/numerical_only/balanced,0.6811023622047244,0.9479264199967886,1.0,0.0,0.0,1.0
maternal,./data/numerical_only/balanced,0.6811023622047244,0.5735630374594556,1.0,0.0,0.0,1.0
maternal,./data/numerical_only/balanced,0.6811023622047244,0.9444307559596802,1.0,0.0,0.0,1.0
maternal,./data/numerical_only/balanced,0.6811023622047244,0.7953923609868352,0.9857142857142858,0.0,0.0,0.9975845410628018
maternal,./data/numerical_only/balanced,0.6811023622047244,0.5308551493573281,0.888888888888889,0.0,0.0,1.0
maternal,./data/numerical_only/balanced,0.6811023622047244,0.5955730538841476,1.0,0.0,0.0,1.0
maternal,./data/numerical_only/balanced,0.6811023622047244,0.5597334896905496,1.0,0.0,0.0,0.9815384615384616
maternal,./data/numerical_only/balanced,0.6811023622047244,0.7982335922770772,1.0,0.0,0.0,1.0
maternal,./data/numerical_only/balanced,0.6811023622047244,0.4384839522138894,1.0,0.0,0.0,0.9911504424778761
maternal,./data/numerical_only/balanced,0.6811023622047244,0.5803357134055326,1.0,0.0,0.0,0.9964788732394366
maternal,./data/numerical_only/balanced,0.6811023622047244,0.6130784800412844,1.0,0.0,0.0,1.0
maternal,./data/numerical_only/balanced,0.6811023622047244,0.6075033439233519,1.0,0.0,0.0,1.0
maternal,./data/numerical_only/balanced,0.6811023622047244,0.7058557313036997,0.9696969696969697,0.0,0.0,1.0
maternal,./data/numerical_only/balanced,0.6811023622047244,0.8793967678991493,1.0,0.0,0.0,1.0
maternal,./data/numerical_only/balanced,0.6811023622047244,0.943245955977199,1.0,0.0,0.0,1.0
maternal,./data/numerical_only/balanced,0.6811023622047244,0.6819374928412688,1.0,0.0,0.0,0.9975961538461539
maternal,./data/numerical_only/balanced,0.6811023622047244,0.9479264199967886,1.0,0.0,0.0,1.0
maternal,./data/numerical_only/balanced,0.6811023622047244,0.7091685175975125,1.0,0.0,0.0,1.0
maternal,./data/numerical_only/balanced,0.6811023622047244,0.7111655958816488,1.0,0.0,0.0,1.0
maternal,./data/numerical_only/balanced,0.6811023622047244,0.4782738812501148,1.0,0.0,0.0,1.0
maternal,./data/numerical_only/balanced,0.6811023622047244,0.720428010634846,1.0,0.0,0.0,0.9936708860759493
maternal,./data/numerical_only/balanced,0.6811023622047244,0.6123070843486438,1.0,0.0,0.0,1.0
maternal,./data/numerical_only/balanced,0.6811023622047244,0.6274976943336217,1.0,0.0,0.0,1.0
maternal,./data/numerical_only/balanced,0.6811023622047244,0.863106613518902,1.0,0.0,0.0,1.0
maternal,./data/numerical_only/balanced,0.6811023622047244,0.720428010634846,1.0,0.0,0.0,0.9936708860759493
maternal,./data/numerical_only/balanced,0.6811023622047244,0.5511127926246858,1.0,0.0,0.0,0.995433789954338
maternal,./data/numerical_only/balanced,0.6811023622047244,0.812162121998361,1.0,0.0,0.0,1.0
maternal,./data/numerical_only/balanced,0.6811023622047244,0.8890256461070895,1.0,0.0,0.0,0.994535519125683
maternal,./data/numerical_only/balanced,0.6811023622047244,0.616758187948619,1.0,0.0,0.0,0.9953917050691243
maternal,./data/numerical_only/balanced,0.6811023622047244,0.7643715375653034,1.0,0.0,0.0,1.0
maternal,./data/numerical_only/balanced,0.6811023622047244,0.7932153463971932,1.0,0.0,0.0,1.0
maternal,./data/numerical_only/balanced,0.6811023622047244,0.6881598411822075,1.0,0.0,0.0,1.0
maternal,./data/numerical_only/balanced,0.6811023622047244,0.9879912835918402,1.0,0.0,0.0,1.0
maternal,./data/numerical_only/balanced,0.6811023622047244,0.5199117922475464,0.9722222222222221,0.0,0.0,0.9904306220095693
maternal,./data/numerical_only/balanced,0.6811023622047244,0.6123070843486438,1.0,0.0,0.0,0.9738219895287958
maternal,./data/numerical_only/balanced,0.6811023622047244,0.6023400393158425,1.0,0.0,0.0,1.0
