dataset,num_and_cat,instance_certainty_clf,ac_score_ablation_acc,ac_score_pure_acc,ac_score_proba_acc,ac_score_shap_acc,model_score,dectree_score_acc,ac_score_explan_acc,ac_score_lore_acc
yeast,./data/numerical_only/balanced,0.6159443977723928,0.5135135135135135,0.0,0.0,0.6216216216216216,0.6199460916442049,0.5135135135135135,,0.5135135135135135
yeast,./data/numerical_only/balanced,0.8250250539742421,0.5945945945945946,0.0,0.0,0.6756756756756757,0.6199460916442049,0.5945945945945946,,0.6486486486486487
yeast,./data/numerical_only/balanced,0.7973071640762602,0.7297297297297297,0.0,0.0,0.6486486486486487,0.6199460916442049,0.6216216216216216,,0.6216216216216216
yeast,./data/numerical_only/balanced,0.8152199772725199,0.5945945945945946,0.0,0.0,0.0,0.6199460916442049,0.6216216216216216,,0.5945945945945946
yeast,./data/numerical_only/balanced,0.8682135999399115,0.6756756756756757,0.0,0.0,0.6216216216216216,0.6199460916442049,0.6216216216216216,,0.7027027027027027
yeast,./data/numerical_only/balanced,0.5445753778092669,0.40540540540540543,0.0,0.0,0.43243243243243246,0.6199460916442049,0.5405405405405406,,0.4864864864864865
yeast,./data/numerical_only/balanced,0.7244654908135044,0.5945945945945946,0.0,0.0,0.6486486486486487,0.6199460916442049,0.6486486486486487,,0.7027027027027027
yeast,./data/numerical_only/balanced,0.5921854212424509,0.5405405405405406,0.0,0.0,0.6216216216216216,0.6199460916442049,0.5405405405405406,,0.5135135135135135
yeast,./data/numerical_only/balanced,0.583264425971437,0.4594594594594595,0.0,0.0,0.40540540540540543,0.6199460916442049,0.4594594594594595,,0.5135135135135135
yeast,./data/numerical_only/balanced,0.6678515535326774,0.7837837837837838,0.0,0.0,0.8108108108108109,0.6199460916442049,0.8108108108108109,,0.7297297297297297
yeast,./data/numerical_only/balanced,0.9615023951134444,0.8108108108108109,0.0,0.0,0.0,0.6199460916442049,0.8378378378378378,,0.7027027027027027
yeast,./data/numerical_only/balanced,0.6553672710149224,0.7297297297297297,0.0,0.0,0.7297297297297297,0.6199460916442049,0.7027027027027027,,0.6486486486486487
yeast,./data/numerical_only/balanced,0.6091262814249407,0.6756756756756757,0.0,0.0,0.7027027027027027,0.6199460916442049,0.6216216216216216,,0.6216216216216216
yeast,./data/numerical_only/balanced,0.5888402956137627,0.5405405405405406,0.0,0.0,0.5135135135135135,0.6199460916442049,0.5405405405405406,,0.5135135135135135
yeast,./data/numerical_only/balanced,0.6227043135099942,0.5945945945945946,0.0,0.0,0.6486486486486487,0.6199460916442049,0.6216216216216216,,0.6756756756756757
yeast,./data/numerical_only/balanced,0.6343747033925953,0.5945945945945946,0.0,0.0,0.5405405405405406,0.6199460916442049,0.5945945945945946,,0.5675675675675675
yeast,./data/numerical_only/balanced,0.6727807790583862,0.43243243243243246,0.0,0.0,0.3783783783783784,0.6199460916442049,0.5405405405405406,,0.43243243243243246
yeast,./data/numerical_only/balanced,0.5451236663385215,0.4864864864864865,0.0,0.0,0.35135135135135137,0.6199460916442049,0.5135135135135135,,0.40540540540540543
yeast,./data/numerical_only/balanced,0.6624567000525368,0.7297297297297297,0.0,0.0,0.7027027027027027,0.6199460916442049,0.6756756756756757,,0.7837837837837838
yeast,./data/numerical_only/balanced,0.6909250911352561,0.5945945945945946,0.0,0.0,0.6756756756756757,0.6199460916442049,0.7027027027027027,,0.7027027027027027
yeast,./data/numerical_only/balanced,0.9291670920366423,0.43243243243243246,0.0,0.0,0.4594594594594595,0.6199460916442049,0.40540540540540543,,0.32432432432432434
yeast,./data/numerical_only/balanced,0.7141777014108566,0.7297297297297297,0.0,0.0,0.6486486486486487,0.6199460916442049,0.6756756756756757,,0.7027027027027027
yeast,./data/numerical_only/balanced,0.6052395960273713,0.5675675675675675,0.0,0.0,0.5945945945945946,0.6199460916442049,0.5945945945945946,,0.5675675675675675
yeast,./data/numerical_only/balanced,0.4220149154591119,0.5675675675675675,0.0,0.0,0.5135135135135135,0.6199460916442049,0.5675675675675675,,0.5945945945945946
yeast,./data/numerical_only/balanced,0.40411816448948457,0.5405405405405406,0.0,0.0,0.4594594594594595,0.6199460916442049,0.5135135135135135,,0.3783783783783784
yeast,./data/numerical_only/balanced,0.5708724648287542,0.5135135135135135,0.0,0.0,0.6756756756756757,0.6199460916442049,0.4594594594594595,,0.5945945945945946
yeast,./data/numerical_only/balanced,0.5510224168197861,0.6486486486486487,0.0,0.0,0.6216216216216216,0.6199460916442049,0.6756756756756757,,0.7297297297297297
yeast,./data/numerical_only/balanced,0.632359732789611,0.7567567567567568,0.0,0.0,0.8108108108108109,0.6199460916442049,0.7027027027027027,,0.6756756756756757
yeast,./data/numerical_only/balanced,0.7262888224676121,0.5675675675675675,0.0,0.0,0.5405405405405406,0.6199460916442049,0.5405405405405406,,0.5945945945945946
yeast,./data/numerical_only/balanced,0.5530972798149265,0.4864864864864865,0.0,0.0,0.4594594594594595,0.6199460916442049,0.4864864864864865,,0.4864864864864865
yeast,./data/numerical_only/balanced,0.5687320025500944,0.7027027027027027,0.0,0.0,0.7567567567567568,0.6199460916442049,0.6756756756756757,,0.6756756756756757
yeast,./data/numerical_only/balanced,0.3672846357438283,0.5945945945945946,0.0,0.0,0.5675675675675675,0.6199460916442049,0.5945945945945946,,0.5945945945945946
yeast,./data/numerical_only/balanced,0.5000162232013681,0.5405405405405406,0.0,0.0,0.5405405405405406,0.6199460916442049,0.5135135135135135,,0.5405405405405406
yeast,./data/numerical_only/balanced,0.8278563226224367,0.5135135135135135,0.0,0.0,0.4594594594594595,0.6199460916442049,0.4864864864864865,,0.5135135135135135
yeast,./data/numerical_only/balanced,0.5522876982469606,0.4864864864864865,0.0,0.0,0.5405405405405406,0.6199460916442049,0.5675675675675675,,0.43243243243243246
yeast,./data/numerical_only/balanced,0.8728968638611734,0.7027027027027027,0.0,0.0,0.6486486486486487,0.6199460916442049,0.7027027027027027,,0.7027027027027027
yeast,./data/numerical_only/balanced,0.8699808209284432,0.5675675675675675,0.0,0.0,0.5675675675675675,0.6199460916442049,0.5135135135135135,,0.5135135135135135
yeast,./data/numerical_only/balanced,0.3127813850469842,0.6486486486486487,0.0,0.0,0.5675675675675675,0.6199460916442049,0.6216216216216216,,0.4594594594594595
yeast,./data/numerical_only/balanced,0.6253672523844045,0.5135135135135135,0.0,0.0,0.5405405405405406,0.6199460916442049,0.5405405405405406,,0.6216216216216216
yeast,./data/numerical_only/balanced,0.6180441721347284,0.5135135135135135,0.0,0.0,0.5675675675675675,0.6199460916442049,0.5405405405405406,,0.5675675675675675
yeast,./data/numerical_only/balanced,0.3158948114700807,0.3783783783783784,0.0,0.0,0.43243243243243246,0.6199460916442049,0.4594594594594595,,0.3783783783783784
yeast,./data/numerical_only/balanced,0.5663845231945416,0.6486486486486487,0.0,0.0,0.4864864864864865,0.6199460916442049,0.6486486486486487,,0.5945945945945946
yeast,./data/numerical_only/balanced,0.9418726516776678,0.4864864864864865,0.0,0.0,0.4864864864864865,0.6199460916442049,0.4594594594594595,,0.4864864864864865
yeast,./data/numerical_only/balanced,0.7251393528754612,0.5675675675675675,0.0,0.0,0.5405405405405406,0.6199460916442049,0.4864864864864865,,0.5675675675675675
yeast,./data/numerical_only/balanced,0.37398380595972847,0.5675675675675675,0.0,0.0,0.5135135135135135,0.6199460916442049,0.5405405405405406,,0.5135135135135135
yeast,./data/numerical_only/balanced,0.6596288414257484,0.7837837837837838,0.0,0.0,0.7567567567567568,0.6199460916442049,0.7837837837837838,,0.7837837837837838
yeast,./data/numerical_only/balanced,0.7190160412547838,0.6756756756756757,0.0,0.0,0.7567567567567568,0.6199460916442049,0.7027027027027027,,0.7027027027027027
yeast,./data/numerical_only/balanced,0.8181551637660598,0.7567567567567568,0.0,0.0,0.8108108108108109,0.6199460916442049,0.7297297297297297,,0.7297297297297297
rmftsa,./data/numerical_only/balanced,0.44038999608534307,0.6,0.0,0.0,0.6,0.51171875,0.56,,0.56
rmftsa,./data/numerical_only/balanced,0.48745261011838537,0.28,0.0,0.0,0.28,0.51171875,0.2,,0.24
rmftsa,./data/numerical_only/balanced,0.4012083385316723,0.4,0.0,0.0,0.32,0.51171875,0.28,,0.24
rmftsa,./data/numerical_only/balanced,0.4677453849714511,0.48,0.0,0.0,0.52,0.51171875,0.4,,0.4
rmftsa,./data/numerical_only/balanced,0.6249719756247475,0.76,0.0,0.0,0.76,0.51171875,0.76,,0.76
rmftsa,./data/numerical_only/balanced,0.49236486099131466,0.76,0.0,0.0,0.76,0.51171875,0.76,,0.76
rmftsa,./data/numerical_only/balanced,0.43650006103261874,0.24,0.0,0.0,0.28,0.51171875,0.16,,0.16
rmftsa,./data/numerical_only/balanced,0.5243692345262708,0.52,0.0,0.0,0.52,0.51171875,0.52,,0.52
rmftsa,./data/numerical_only/balanced,0.49636230088628136,0.32,0.0,0.0,0.36,0.51171875,0.24,,0.44
rmftsa,./data/numerical_only/balanced,0.5084652365037179,0.52,0.0,0.0,0.52,0.51171875,0.52,,0.52
rmftsa,./data/numerical_only/balanced,0.74670768942158,0.8,0.0,0.0,0.8,0.51171875,0.8,,0.8
rmftsa,./data/numerical_only/balanced,0.5425905729305046,0.44,0.0,0.0,0.44,0.51171875,0.44,,0.44
rmftsa,./data/numerical_only/balanced,0.4973621877273382,0.44,0.0,0.0,0.48,0.51171875,0.28,,0.48
rmftsa,./data/numerical_only/balanced,0.4704210858832449,0.24,0.0,0.0,0.28,0.51171875,0.12,,0.24
rmftsa,./data/numerical_only/balanced,0.4929710854828951,0.56,0.0,0.0,0.56,0.51171875,0.56,,0.56
rmftsa,./data/numerical_only/balanced,0.5426543374903007,0.52,0.0,0.0,0.52,0.51171875,0.32,,0.52
rmftsa,./data/numerical_only/balanced,0.3357359519378877,0.36,0.0,0.0,0.28,0.51171875,0.28,,0.36
rmftsa,./data/numerical_only/balanced,0.5084652365037179,0.52,0.0,0.0,0.52,0.51171875,0.52,,0.52
rmftsa,./data/numerical_only/balanced,0.5815400485602292,0.32,0.0,0.0,0.32,0.51171875,0.2,,0.32
rmftsa,./data/numerical_only/balanced,0.5805897127238807,0.68,0.0,0.0,0.68,0.51171875,0.68,,0.68
rmftsa,./data/numerical_only/balanced,0.44856041669327534,0.56,0.0,0.0,0.56,0.51171875,0.56,,0.56
rmftsa,./data/numerical_only/balanced,0.42692580761643684,0.4,0.0,0.0,0.32,0.51171875,0.24,,0.36
rmftsa,./data/numerical_only/balanced,0.37241863140469034,0.2,0.0,0.0,0.2,0.51171875,0.2,,0.4
rmftsa,./data/numerical_only/balanced,0.6788186097299296,0.76,0.0,0.0,0.64,0.51171875,0.76,,0.76
rmftsa,./data/numerical_only/balanced,0.3554753849648173,0.4,0.0,0.0,0.48,0.51171875,0.36,,0.32
rmftsa,./data/numerical_only/balanced,0.3741131248296661,0.44,0.0,0.0,0.52,0.51171875,0.36,,0.48
rmftsa,./data/numerical_only/balanced,0.35002576204356367,0.56,0.0,0.0,0.52,0.51171875,0.52,,0.52
rmftsa,./data/numerical_only/balanced,0.3481105817509823,0.48,0.0,0.0,0.44,0.51171875,0.36,,0.44
rmftsa,./data/numerical_only/balanced,0.41286541417428574,0.64,0.0,0.0,0.64,0.51171875,0.64,,0.64
rmftsa,./data/numerical_only/balanced,0.4537101364162079,0.48,0.0,0.0,0.48,0.51171875,0.32,,0.4
rmftsa,./data/numerical_only/balanced,0.4293433083122844,0.52,0.0,0.0,0.44,0.51171875,0.48,,0.52
rmftsa,./data/numerical_only/balanced,0.5201350026453004,0.48,0.0,0.0,0.48,0.51171875,0.28,,0.48
rmftsa,./data/numerical_only/balanced,0.4704210858832449,0.24,0.0,0.0,0.28,0.51171875,0.12,,0.24
rmftsa,./data/numerical_only/balanced,0.524972410297458,0.28,0.0,0.0,0.28,0.51171875,0.24,,0.28
rmftsa,./data/numerical_only/balanced,0.451730900054754,0.68,0.0,0.0,0.68,0.51171875,0.68,,0.68
rmftsa,./data/numerical_only/balanced,0.2921869765307132,0.4,0.0,0.0,0.44,0.51171875,0.32,,0.4
rmftsa,./data/numerical_only/balanced,0.7347439099181302,0.64,0.0,0.0,0.64,0.51171875,0.64,,0.64
rmftsa,./data/numerical_only/balanced,0.7201611335013736,0.6,0.0,0.0,0.6,0.51171875,0.36,,0.56
rmftsa,./data/numerical_only/balanced,0.6595572826006677,0.64,0.0,0.0,0.64,0.51171875,0.64,,0.64
rmftsa,./data/numerical_only/balanced,0.5339782426737375,0.44,0.0,0.0,0.32,0.51171875,0.28,,0.48
rmftsa,./data/numerical_only/balanced,0.5547201187416001,0.36,0.0,0.0,0.36,0.51171875,0.24,,0.36
rmftsa,./data/numerical_only/balanced,0.5728854933274113,0.36,0.0,0.0,0.36,0.51171875,0.2,,0.36
rmftsa,./data/numerical_only/balanced,0.3636549807675843,0.56,0.0,0.0,0.56,0.51171875,0.52,,0.52
rmftsa,./data/numerical_only/balanced,0.3702675459923815,0.44,0.0,0.0,0.56,0.51171875,0.4,,0.44
rmftsa,./data/numerical_only/balanced,0.6618452748188159,0.6,0.0,0.0,0.6,0.51171875,0.4,,0.6
rmftsa,./data/numerical_only/balanced,0.5084652365037179,0.52,0.0,0.0,0.52,0.51171875,0.52,,0.52
rmftsa,./data/numerical_only/balanced,0.3636549807675843,0.56,0.0,0.0,0.56,0.51171875,0.52,,0.52
rmftsa,./data/numerical_only/balanced,0.30246310886326216,0.32,0.0,0.0,0.4,0.51171875,0.24,,0.32
rmftsa,./data/numerical_only/balanced,0.3938838190091233,0.44,0.0,0.0,0.48,0.51171875,0.32,,0.32
rmftsa,./data/numerical_only/balanced,0.46213048925996725,0.24,0.0,0.0,0.32,0.51171875,0.2,,0.28
banknote-authentication,./data/numerical_only/balanced,0.9994916503529194,1.0,0.0,0.0,1.0,1.0,1.0,0.6764705882352942,1.0
banknote-authentication,./data/numerical_only/balanced,0.9999952071007373,1.0,0.0,0.0,1.0,1.0,1.0,0.9705882352941176,1.0
banknote-authentication,./data/numerical_only/balanced,0.9991620690255387,1.0,0.0,0.0,0.9705882352941176,1.0,0.9705882352941176,1.0,1.0
banknote-authentication,./data/numerical_only/balanced,0.9969377969715488,1.0,0.0,0.0,1.0,1.0,0.8235294117647058,1.0,0.9411764705882353
banknote-authentication,./data/numerical_only/balanced,0.9994072609897037,0.9705882352941176,0.0,0.0,0.8823529411764706,1.0,1.0,0.8529411764705882,0.8529411764705882
banknote-authentication,./data/numerical_only/balanced,0.9999895682671736,1.0,0.0,0.0,1.0,1.0,1.0,0.8235294117647058,0.7941176470588235
banknote-authentication,./data/numerical_only/balanced,0.9996460522418713,1.0,0.0,0.0,1.0,1.0,1.0,1.0,0.9705882352941176
banknote-authentication,./data/numerical_only/balanced,0.9999801554624589,1.0,0.0,0.0,1.0,1.0,1.0,0.9117647058823529,1.0
banknote-authentication,./data/numerical_only/balanced,0.998542381049564,1.0,0.0,0.0,0.9705882352941176,1.0,1.0,0.6470588235294118,1.0
banknote-authentication,./data/numerical_only/balanced,0.999936162890498,1.0,0.0,0.0,1.0,1.0,1.0,1.0,1.0
banknote-authentication,./data/numerical_only/balanced,0.9596435966371718,1.0,0.0,0.0,0.9705882352941176,1.0,0.9705882352941176,0.5,1.0
banknote-authentication,./data/numerical_only/balanced,0.9999381560271164,0.9705882352941176,0.0,0.0,1.0,1.0,1.0,0.8235294117647058,0.9705882352941176
banknote-authentication,./data/numerical_only/balanced,0.9999886058374582,1.0,0.0,0.0,1.0,1.0,1.0,1.0,0.9411764705882353
banknote-authentication,./data/numerical_only/balanced,0.9997113349198898,1.0,0.0,0.0,1.0,1.0,0.9705882352941176,0.9705882352941176,0.9705882352941176
banknote-authentication,./data/numerical_only/balanced,0.986390417261159,0.9705882352941176,0.0,0.0,0.9411764705882353,1.0,1.0,0.9117647058823529,0.8529411764705882
banknote-authentication,./data/numerical_only/balanced,0.9997039447263035,0.9705882352941176,0.0,0.0,0.9705882352941176,1.0,1.0,0.4117647058823529,0.47058823529411764
banknote-authentication,./data/numerical_only/balanced,0.9998248249086713,0.9705882352941176,0.0,0.0,0.9705882352941176,1.0,1.0,0.8823529411764706,1.0
banknote-authentication,./data/numerical_only/balanced,0.9964269561893213,1.0,0.0,0.0,1.0,1.0,0.9705882352941176,0.9117647058823529,0.8529411764705882
banknote-authentication,./data/numerical_only/balanced,0.999956710067125,1.0,0.0,0.0,1.0,1.0,1.0,0.9705882352941176,1.0
banknote-authentication,./data/numerical_only/balanced,0.9999847834936061,1.0,0.0,0.0,1.0,1.0,1.0,0.9411764705882353,1.0
banknote-authentication,./data/numerical_only/balanced,0.9999945429481389,1.0,0.0,0.0,1.0,1.0,1.0,0.6470588235294118,0.6470588235294118
banknote-authentication,./data/numerical_only/balanced,0.9961105727864693,0.9705882352941176,0.0,0.0,1.0,1.0,0.7941176470588235,0.8529411764705882,0.9117647058823529
banknote-authentication,./data/numerical_only/balanced,0.9999392417922337,1.0,0.0,0.0,1.0,1.0,1.0,1.0,1.0
banknote-authentication,./data/numerical_only/balanced,0.9999525983140694,1.0,0.0,0.0,1.0,1.0,1.0,1.0,1.0
banknote-authentication,./data/numerical_only/balanced,0.8924406558808045,1.0,0.0,0.0,1.0,1.0,0.9705882352941176,0.8823529411764706,1.0
banknote-authentication,./data/numerical_only/balanced,0.9999414151640732,1.0,0.0,0.0,1.0,1.0,1.0,1.0,1.0
banknote-authentication,./data/numerical_only/balanced,0.9992663769651,1.0,0.0,0.0,1.0,1.0,1.0,0.8529411764705882,0.9117647058823529
banknote-authentication,./data/numerical_only/balanced,0.9999174852065689,1.0,0.0,0.0,1.0,1.0,1.0,1.0,1.0
banknote-authentication,./data/numerical_only/balanced,0.7229179893561037,1.0,0.0,0.0,1.0,1.0,1.0,0.9705882352941176,0.8235294117647058
banknote-authentication,./data/numerical_only/balanced,0.9999793332717077,1.0,0.0,0.0,1.0,1.0,1.0,0.8235294117647058,1.0
banknote-authentication,./data/numerical_only/balanced,0.999966354176469,1.0,0.0,0.0,0.9705882352941176,1.0,0.9705882352941176,0.9705882352941176,1.0
banknote-authentication,./data/numerical_only/balanced,0.999977295095478,1.0,0.0,0.0,1.0,1.0,1.0,0.7058823529411765,1.0
banknote-authentication,./data/numerical_only/balanced,0.9992168601173395,1.0,0.0,0.0,1.0,1.0,1.0,0.8823529411764706,0.8235294117647058
banknote-authentication,./data/numerical_only/balanced,0.9999023288512691,1.0,0.0,0.0,1.0,1.0,1.0,1.0,1.0
banknote-authentication,./data/numerical_only/balanced,0.9972033176323913,0.9705882352941176,0.0,0.0,1.0,1.0,0.9705882352941176,1.0,0.9411764705882353
banknote-authentication,./data/numerical_only/balanced,0.9999531916692264,1.0,0.0,0.0,1.0,1.0,1.0,0.9705882352941176,1.0
banknote-authentication,./data/numerical_only/balanced,0.9999069350754224,1.0,0.0,0.0,1.0,1.0,1.0,0.7352941176470589,1.0
banknote-authentication,./data/numerical_only/balanced,0.999133341911101,1.0,0.0,0.0,1.0,1.0,1.0,0.9411764705882353,1.0
banknote-authentication,./data/numerical_only/balanced,0.9979682409217072,1.0,0.0,0.0,1.0,1.0,1.0,1.0,0.9705882352941176
banknote-authentication,./data/numerical_only/balanced,0.9998659705358077,1.0,0.0,0.0,1.0,1.0,1.0,1.0,1.0
banknote-authentication,./data/numerical_only/balanced,0.9986112634805818,0.9705882352941176,0.0,0.0,1.0,1.0,1.0,1.0,0.8823529411764706
banknote-authentication,./data/numerical_only/balanced,0.999998104023596,1.0,0.0,0.0,1.0,1.0,1.0,0.9705882352941176,0.5882352941176471
banknote-authentication,./data/numerical_only/balanced,0.8269027490693445,1.0,0.0,0.0,1.0,1.0,0.9705882352941176,0.8235294117647058,0.9117647058823529
banknote-authentication,./data/numerical_only/balanced,0.9904091384693078,0.9705882352941176,0.0,0.0,1.0,1.0,1.0,0.9705882352941176,0.7647058823529411
banknote-authentication,./data/numerical_only/balanced,0.9995375423796863,1.0,0.0,0.0,1.0,1.0,0.9117647058823529,0.9705882352941176,0.8823529411764706
banknote-authentication,./data/numerical_only/balanced,0.998327574918774,1.0,0.0,0.0,1.0,1.0,1.0,0.9411764705882353,0.9705882352941176
banknote-authentication,./data/numerical_only/balanced,0.9999785633436536,1.0,0.0,0.0,1.0,1.0,1.0,1.0,1.0
banknote-authentication,./data/numerical_only/balanced,0.9987657552834924,0.9705882352941176,0.0,0.0,1.0,1.0,0.8235294117647058,0.9411764705882353,0.9705882352941176
banknote-authentication,./data/numerical_only/balanced,0.9999920646180599,1.0,0.0,0.0,1.0,1.0,1.0,1.0,1.0
banknote-authentication,./data/numerical_only/balanced,0.9986915113995278,1.0,0.0,0.0,1.0,1.0,1.0,1.0,0.7647058823529411
volcanoes-a2,./data/numerical_only/balanced,0.9740465350336176,0.975,0.0,0.0,0.975,0.9433497536945813,0.975,0.975,0.975
volcanoes-a2,./data/numerical_only/balanced,0.981373809951614,0.975,0.0,0.0,0.975,0.9433497536945813,0.975,0.975,
volcanoes-a2,./data/numerical_only/balanced,0.9997223679478644,1.0,0.0,0.0,1.0,0.9433497536945813,1.0,1.0,1.0
volcanoes-a2,./data/numerical_only/balanced,0.9939951779901963,1.0,0.0,0.0,1.0,0.9433497536945813,1.0,1.0,1.0
volcanoes-a2,./data/numerical_only/balanced,0.8963251622579337,0.975,0.0,0.0,0.975,0.9433497536945813,0.975,0.975,0.975
volcanoes-a2,./data/numerical_only/balanced,0.9996564605171729,1.0,0.0,0.0,1.0,0.9433497536945813,1.0,1.0,
volcanoes-a2,./data/numerical_only/balanced,0.9844267132803981,0.975,0.0,0.0,0.975,0.9433497536945813,0.975,0.975,0.975
volcanoes-a2,./data/numerical_only/balanced,0.9973820785680829,1.0,0.0,0.0,1.0,0.9433497536945813,1.0,0.75,
volcanoes-a2,./data/numerical_only/balanced,0.9869136722877467,0.975,0.0,0.0,0.975,0.9433497536945813,0.975,0.975,
volcanoes-a2,./data/numerical_only/balanced,0.986665386241484,1.0,0.0,0.0,1.0,0.9433497536945813,1.0,1.0,1.0
volcanoes-a2,./data/numerical_only/balanced,0.596097752553807,0.8,0.0,0.0,0.8,0.9433497536945813,0.725,0.8,
volcanoes-a2,./data/numerical_only/balanced,0.9944192495099339,1.0,0.0,0.0,1.0,0.9433497536945813,1.0,1.0,
volcanoes-a2,./data/numerical_only/balanced,0.8543033443165882,0.95,0.0,0.0,0.95,0.9433497536945813,0.95,0.95,0.95
volcanoes-a2,./data/numerical_only/balanced,0.687309861684056,0.95,0.0,0.0,0.95,0.9433497536945813,0.95,0.95,0.95
volcanoes-a2,./data/numerical_only/balanced,0.9992882276808793,1.0,0.0,0.0,1.0,0.9433497536945813,1.0,1.0,
volcanoes-a2,./data/numerical_only/balanced,0.9944220750721305,1.0,0.0,0.0,1.0,0.9433497536945813,1.0,0.975,
volcanoes-a2,./data/numerical_only/balanced,0.9945595019293724,0.975,0.0,0.0,0.975,0.9433497536945813,0.975,0.975,
volcanoes-a2,./data/numerical_only/balanced,0.9414664500797159,0.975,0.0,0.0,0.975,0.9433497536945813,0.975,0.975,
volcanoes-a2,./data/numerical_only/balanced,0.9713221289692239,1.0,0.0,0.0,1.0,0.9433497536945813,1.0,1.0,
volcanoes-a2,./data/numerical_only/balanced,0.9978538422777933,1.0,0.0,0.0,1.0,0.9433497536945813,1.0,1.0,
volcanoes-a2,./data/numerical_only/balanced,0.9956265688931374,1.0,0.0,0.0,1.0,0.9433497536945813,1.0,1.0,
volcanoes-a2,./data/numerical_only/balanced,0.997744283121412,1.0,0.0,0.0,1.0,0.9433497536945813,1.0,1.0,1.0
volcanoes-a2,./data/numerical_only/balanced,0.9992841037176907,1.0,0.0,0.0,1.0,0.9433497536945813,1.0,1.0,
volcanoes-a2,./data/numerical_only/balanced,0.9765387162786601,0.975,0.0,0.0,0.975,0.9433497536945813,0.975,0.975,
volcanoes-a2,./data/numerical_only/balanced,0.9780283064480086,1.0,0.0,0.0,1.0,0.9433497536945813,1.0,,1.0
volcanoes-a2,./data/numerical_only/balanced,0.9951213614011932,0.975,0.0,0.0,0.975,0.9433497536945813,0.975,0.975,
volcanoes-a2,./data/numerical_only/balanced,0.9985621188946914,1.0,0.0,0.0,1.0,0.9433497536945813,1.0,,
volcanoes-a2,./data/numerical_only/balanced,0.9909726828359998,1.0,0.0,0.0,1.0,0.9433497536945813,1.0,1.0,
volcanoes-a2,./data/numerical_only/balanced,0.9990001038174837,1.0,0.0,0.0,1.0,0.9433497536945813,1.0,1.0,1.0
volcanoes-a2,./data/numerical_only/balanced,0.9938354393716733,1.0,0.0,0.0,1.0,0.9433497536945813,1.0,1.0,
volcanoes-a2,./data/numerical_only/balanced,0.9962524634338543,0.975,0.0,0.0,0.975,0.9433497536945813,0.975,0.975,
volcanoes-a2,./data/numerical_only/balanced,0.9995508422377745,1.0,0.0,0.0,1.0,0.9433497536945813,1.0,1.0,
volcanoes-a2,./data/numerical_only/balanced,0.9578903649417642,0.975,0.0,0.0,0.975,0.9433497536945813,0.975,0.975,0.975
volcanoes-a2,./data/numerical_only/balanced,0.9995206770134331,1.0,0.0,0.0,1.0,0.9433497536945813,1.0,1.0,
volcanoes-a2,./data/numerical_only/balanced,0.9940340248452065,0.975,0.0,0.0,0.975,0.9433497536945813,0.975,,0.975
volcanoes-a2,./data/numerical_only/balanced,0.9919348039712811,0.975,0.0,0.0,0.975,0.9433497536945813,0.975,0.975,
volcanoes-a2,./data/numerical_only/balanced,0.9927255723689111,1.0,0.0,0.0,1.0,0.9433497536945813,1.0,1.0,1.0
volcanoes-a2,./data/numerical_only/balanced,0.2748375798023875,0.725,0.0,0.0,0.65,0.9433497536945813,0.675,0.625,0.7
volcanoes-a2,./data/numerical_only/balanced,0.9986029192321239,1.0,0.0,0.0,1.0,0.9433497536945813,1.0,1.0,
volcanoes-a2,./data/numerical_only/balanced,0.9266075079715956,0.95,0.0,0.0,0.95,0.9433497536945813,0.95,0.95,
volcanoes-a2,./data/numerical_only/balanced,0.998884605981375,1.0,0.0,0.0,1.0,0.9433497536945813,1.0,1.0,
volcanoes-a2,./data/numerical_only/balanced,0.9943784822141033,0.975,0.0,0.0,0.975,0.9433497536945813,0.975,0.975,
volcanoes-a2,./data/numerical_only/balanced,0.9717336045630097,0.975,0.0,0.0,0.975,0.9433497536945813,0.975,0.975,0.975
volcanoes-a2,./data/numerical_only/balanced,0.9974343145011351,0.975,0.0,0.0,0.975,0.9433497536945813,0.975,0.925,0.975
volcanoes-a2,./data/numerical_only/balanced,0.9998117599741475,1.0,0.0,0.0,1.0,0.9433497536945813,1.0,1.0,
volcanoes-a2,./data/numerical_only/balanced,0.24110898759174568,0.725,0.0,0.0,0.75,0.9433497536945813,0.675,0.375,0.65
volcanoes-a2,./data/numerical_only/balanced,0.9973899308481727,1.0,0.0,0.0,1.0,0.9433497536945813,1.0,1.0,
volcanoes-a2,./data/numerical_only/balanced,0.9077942164789908,0.95,0.0,0.0,0.95,0.9433497536945813,0.95,0.95,
volcanoes-a2,./data/numerical_only/balanced,0.9909018204617649,0.975,0.0,0.0,0.975,0.9433497536945813,0.975,0.975,0.975
volcanoes-a2,./data/numerical_only/balanced,0.9398744313788496,0.975,0.0,0.0,0.975,0.9433497536945813,0.975,0.975,
volcanoes-a3,./data/numerical_only/balanced,0.7335903076188426,0.7368421052631579,0.0,0.0,0.7368421052631579,0.9028871391076115,0.7368421052631579,0.7631578947368421,
volcanoes-a3,./data/numerical_only/balanced,0.9735753302619613,1.0,0.0,0.0,1.0,0.9028871391076115,1.0,1.0,
volcanoes-a3,./data/numerical_only/balanced,0.31380788556534095,0.5789473684210527,0.0,0.0,0.6052631578947368,0.9028871391076115,0.5789473684210527,0.6052631578947368,
volcanoes-a3,./data/numerical_only/balanced,0.9989293150405095,1.0,0.0,0.0,1.0,0.9028871391076115,1.0,1.0,
volcanoes-a3,./data/numerical_only/balanced,0.9997347697445965,1.0,0.0,0.0,1.0,0.9028871391076115,1.0,1.0,
volcanoes-a3,./data/numerical_only/balanced,0.994795360597015,1.0,0.0,0.0,1.0,0.9028871391076115,1.0,1.0,
volcanoes-a3,./data/numerical_only/balanced,0.9700653887264589,0.9210526315789473,0.0,0.0,0.9210526315789473,0.9028871391076115,0.9210526315789473,0.8947368421052632,0.9210526315789473
volcanoes-a3,./data/numerical_only/balanced,0.9959901758886791,1.0,0.0,0.0,1.0,0.9028871391076115,1.0,0.868421052631579,1.0
volcanoes-a3,./data/numerical_only/balanced,0.9668611346970978,1.0,0.0,0.0,1.0,0.9028871391076115,1.0,1.0,
volcanoes-a3,./data/numerical_only/balanced,0.9931437991825824,0.9473684210526315,0.0,0.0,0.9473684210526315,0.9028871391076115,0.9473684210526315,0.8421052631578947,0.9473684210526315
volcanoes-a3,./data/numerical_only/balanced,0.9941443394827565,0.9736842105263158,0.0,0.0,0.9736842105263158,0.9028871391076115,0.9736842105263158,0.9736842105263158,0.9736842105263158
volcanoes-a3,./data/numerical_only/balanced,0.5966580841473308,0.7894736842105263,0.0,0.0,0.7631578947368421,0.9028871391076115,0.7631578947368421,0.5789473684210527,
volcanoes-a3,./data/numerical_only/balanced,0.9478544675433895,0.9210526315789473,0.0,0.0,0.9210526315789473,0.9028871391076115,0.9210526315789473,0.868421052631579,0.9210526315789473
volcanoes-a3,./data/numerical_only/balanced,0.6383906990979286,0.7368421052631579,0.0,0.0,0.7631578947368421,0.9028871391076115,0.7368421052631579,0.7631578947368421,0.7368421052631579
volcanoes-a3,./data/numerical_only/balanced,0.9010528420717351,0.9210526315789473,0.0,0.0,0.9210526315789473,0.9028871391076115,0.9210526315789473,0.9210526315789473,0.9210526315789473
volcanoes-a3,./data/numerical_only/balanced,0.9619229081010578,0.9473684210526315,0.0,0.0,0.9473684210526315,0.9028871391076115,0.9473684210526315,0.9473684210526315,0.9473684210526315
volcanoes-a3,./data/numerical_only/balanced,0.9783993226603471,0.9473684210526315,0.0,0.0,0.9473684210526315,0.9028871391076115,0.9473684210526315,0.9473684210526315,
volcanoes-a3,./data/numerical_only/balanced,0.9954468878631266,1.0,0.0,0.0,1.0,0.9028871391076115,1.0,1.0,1.0
volcanoes-a3,./data/numerical_only/balanced,0.9939117772571178,1.0,0.0,0.0,1.0,0.9028871391076115,1.0,1.0,1.0
volcanoes-a3,./data/numerical_only/balanced,0.9918976278263805,0.9736842105263158,0.0,0.0,0.9736842105263158,0.9028871391076115,0.9736842105263158,0.9736842105263158,0.9736842105263158
volcanoes-a3,./data/numerical_only/balanced,0.9982074677467391,1.0,0.0,0.0,1.0,0.9028871391076115,1.0,1.0,
volcanoes-a3,./data/numerical_only/balanced,0.886376752226441,0.9473684210526315,0.0,0.0,0.9473684210526315,0.9028871391076115,0.9473684210526315,0.9473684210526315,0.9473684210526315
volcanoes-a3,./data/numerical_only/balanced,0.9931242218010063,0.9736842105263158,0.0,0.0,0.9736842105263158,0.9028871391076115,0.9736842105263158,0.9736842105263158,
volcanoes-a3,./data/numerical_only/balanced,0.6653828512997593,0.8157894736842105,0.0,0.0,0.8421052631578947,0.9028871391076115,0.8157894736842105,0.8157894736842105,
volcanoes-a3,./data/numerical_only/balanced,0.9963043528398021,1.0,0.0,0.0,1.0,0.9028871391076115,1.0,1.0,
volcanoes-a3,./data/numerical_only/balanced,0.9983501373332336,1.0,0.0,0.0,1.0,0.9028871391076115,1.0,1.0,1.0
volcanoes-a3,./data/numerical_only/balanced,0.8314384157580905,0.8421052631578947,0.0,0.0,0.8421052631578947,0.9028871391076115,0.8157894736842105,0.7105263157894737,0.8421052631578947
volcanoes-a3,./data/numerical_only/balanced,0.9984552766261815,1.0,0.0,0.0,1.0,0.9028871391076115,1.0,1.0,1.0
volcanoes-a3,./data/numerical_only/balanced,0.9990134862100678,1.0,0.0,0.0,1.0,0.9028871391076115,1.0,1.0,
volcanoes-a3,./data/numerical_only/balanced,0.9991111396826162,1.0,0.0,0.0,1.0,0.9028871391076115,1.0,1.0,1.0
volcanoes-a3,./data/numerical_only/balanced,0.9996447043442025,1.0,0.0,0.0,1.0,0.9028871391076115,1.0,1.0,
volcanoes-a3,./data/numerical_only/balanced,0.9965436464349761,1.0,0.0,0.0,1.0,0.9028871391076115,1.0,0.631578947368421,1.0
volcanoes-a3,./data/numerical_only/balanced,0.8417254654062466,0.8157894736842105,0.0,0.0,0.8157894736842105,0.9028871391076115,0.8157894736842105,0.8157894736842105,0.8157894736842105
volcanoes-a3,./data/numerical_only/balanced,0.9780974928734307,1.0,0.0,0.0,1.0,0.9028871391076115,1.0,1.0,
volcanoes-a3,./data/numerical_only/balanced,0.999762223621076,1.0,0.0,0.0,1.0,0.9028871391076115,1.0,1.0,1.0
volcanoes-a3,./data/numerical_only/balanced,0.805973307648545,0.8421052631578947,0.0,0.0,0.8421052631578947,0.9028871391076115,0.8421052631578947,0.8421052631578947,0.8421052631578947
volcanoes-a3,./data/numerical_only/balanced,0.9107752024576656,0.868421052631579,0.0,0.0,0.868421052631579,0.9028871391076115,0.868421052631579,0.8421052631578947,0.868421052631579
volcanoes-a3,./data/numerical_only/balanced,0.99734011463729,0.9736842105263158,0.0,0.0,0.9736842105263158,0.9028871391076115,0.9736842105263158,0.9736842105263158,0.9736842105263158
volcanoes-a3,./data/numerical_only/balanced,0.6771511910177364,0.7631578947368421,0.0,0.0,0.7631578947368421,0.9028871391076115,0.7631578947368421,0.7631578947368421,0.7631578947368421
volcanoes-a3,./data/numerical_only/balanced,0.9981274034525202,1.0,0.0,0.0,1.0,0.9028871391076115,1.0,1.0,1.0
volcanoes-a3,./data/numerical_only/balanced,0.99876513484447,1.0,0.0,0.0,1.0,0.9028871391076115,1.0,1.0,
volcanoes-a3,./data/numerical_only/balanced,0.351537885805485,0.3157894736842105,0.0,0.0,0.34210526315789475,0.9028871391076115,0.2894736842105263,0.2631578947368421,0.34210526315789475
volcanoes-a3,./data/numerical_only/balanced,0.9973578034149538,1.0,0.0,0.0,1.0,0.9028871391076115,1.0,1.0,
volcanoes-a3,./data/numerical_only/balanced,0.9990335248924345,1.0,0.0,0.0,1.0,0.9028871391076115,1.0,1.0,
volcanoes-a3,./data/numerical_only/balanced,0.9575011568142395,0.9736842105263158,0.0,0.0,0.9736842105263158,0.9028871391076115,0.9736842105263158,0.9736842105263158,
volcanoes-a3,./data/numerical_only/balanced,0.9977158630951688,1.0,0.0,0.0,1.0,0.9028871391076115,1.0,1.0,1.0
volcanoes-a3,./data/numerical_only/balanced,0.9886674080789062,0.9736842105263158,0.0,0.0,0.9736842105263158,0.9028871391076115,0.9736842105263158,0.9736842105263158,
volcanoes-a3,./data/numerical_only/balanced,0.9965745833168151,1.0,0.0,0.0,1.0,0.9028871391076115,1.0,0.9473684210526315,1.0
volcanoes-a3,./data/numerical_only/balanced,0.9992086565473968,1.0,0.0,0.0,1.0,0.9028871391076115,1.0,1.0,
volcanoes-a3,./data/numerical_only/balanced,0.9877742203234678,0.9736842105263158,0.0,0.0,0.9736842105263158,0.9028871391076115,0.9736842105263158,0.9736842105263158,0.9736842105263158
volcanoes-a4,./data/numerical_only/balanced,0.9982673151711712,1.0,0.0,0.0,1.0,0.9129287598944591,1.0,1.0,1.0
volcanoes-a4,./data/numerical_only/balanced,0.9866788916987869,1.0,0.0,0.0,1.0,0.9129287598944591,1.0,1.0,
volcanoes-a4,./data/numerical_only/balanced,0.38014318068232616,0.5675675675675675,0.0,0.0,0.4864864864864865,0.9129287598944591,0.4594594594594595,0.4594594594594595,0.5405405405405406
volcanoes-a4,./data/numerical_only/balanced,0.9716456529068277,0.9459459459459459,0.0,0.0,0.9459459459459459,0.9129287598944591,0.9459459459459459,0.8108108108108109,0.9459459459459459
volcanoes-a4,./data/numerical_only/balanced,0.9927305450551317,0.972972972972973,0.0,0.0,0.972972972972973,0.9129287598944591,0.972972972972973,0.972972972972973,0.972972972972973
volcanoes-a4,./data/numerical_only/balanced,0.3202720829077551,0.6756756756756757,0.0,0.0,0.6216216216216216,0.9129287598944591,0.5945945945945946,0.4864864864864865,0.24324324324324326
volcanoes-a4,./data/numerical_only/balanced,0.9909077374596504,0.972972972972973,0.0,0.0,0.972972972972973,0.9129287598944591,0.972972972972973,0.972972972972973,0.972972972972973
volcanoes-a4,./data/numerical_only/balanced,0.8847977605069908,0.8918918918918919,0.0,0.0,0.8918918918918919,0.9129287598944591,0.8918918918918919,0.8918918918918919,0.8918918918918919
volcanoes-a4,./data/numerical_only/balanced,0.9615131432208969,0.9459459459459459,0.0,0.0,0.9459459459459459,0.9129287598944591,0.9459459459459459,0.9459459459459459,
volcanoes-a4,./data/numerical_only/balanced,0.975930639248898,1.0,0.0,0.0,1.0,0.9129287598944591,1.0,1.0,1.0
volcanoes-a4,./data/numerical_only/balanced,0.998994595146552,1.0,0.0,0.0,1.0,0.9129287598944591,1.0,1.0,
volcanoes-a4,./data/numerical_only/balanced,0.9938408662348291,0.972972972972973,0.0,0.0,0.972972972972973,0.9129287598944591,0.972972972972973,0.972972972972973,
volcanoes-a4,./data/numerical_only/balanced,0.9968641616966127,1.0,0.0,0.0,1.0,0.9129287598944591,1.0,1.0,
volcanoes-a4,./data/numerical_only/balanced,0.9974984889626274,1.0,0.0,0.0,1.0,0.9129287598944591,1.0,1.0,
volcanoes-a4,./data/numerical_only/balanced,0.9960079314641477,0.972972972972973,0.0,0.0,0.972972972972973,0.9129287598944591,0.972972972972973,0.972972972972973,0.972972972972973
volcanoes-a4,./data/numerical_only/balanced,0.9945120025048063,0.972972972972973,0.0,0.0,0.972972972972973,0.9129287598944591,0.972972972972973,0.972972972972973,
volcanoes-a4,./data/numerical_only/balanced,0.9975113545661497,1.0,0.0,0.0,1.0,0.9129287598944591,1.0,1.0,
volcanoes-a4,./data/numerical_only/balanced,0.9979779746576294,1.0,0.0,0.0,1.0,0.9129287598944591,1.0,1.0,1.0
volcanoes-a4,./data/numerical_only/balanced,0.9879871029571236,0.972972972972973,0.0,0.0,0.972972972972973,0.9129287598944591,0.972972972972973,0.9459459459459459,0.972972972972973
volcanoes-a4,./data/numerical_only/balanced,0.9832456427112174,1.0,0.0,0.0,1.0,0.9129287598944591,1.0,1.0,
volcanoes-a4,./data/numerical_only/balanced,0.9878912170817002,0.972972972972973,0.0,0.0,0.972972972972973,0.9129287598944591,0.972972972972973,0.8378378378378378,
volcanoes-a4,./data/numerical_only/balanced,0.47597168466824263,0.5675675675675675,0.0,0.0,0.43243243243243246,0.9129287598944591,0.43243243243243246,0.4864864864864865,0.5945945945945946
volcanoes-a4,./data/numerical_only/balanced,0.9962847815940947,1.0,0.0,0.0,1.0,0.9129287598944591,1.0,1.0,
volcanoes-a4,./data/numerical_only/balanced,0.9970534622330055,1.0,0.0,0.0,1.0,0.9129287598944591,1.0,1.0,1.0
volcanoes-a4,./data/numerical_only/balanced,0.600889511250779,0.7567567567567568,0.0,0.0,0.7837837837837838,0.9129287598944591,0.7567567567567568,0.5945945945945946,0.7567567567567568
volcanoes-a4,./data/numerical_only/balanced,0.9909289125980308,0.972972972972973,0.0,0.0,0.972972972972973,0.9129287598944591,0.972972972972973,0.972972972972973,0.972972972972973
volcanoes-a4,./data/numerical_only/balanced,0.9932442573525424,0.972972972972973,0.0,0.0,0.972972972972973,0.9129287598944591,0.972972972972973,0.972972972972973,0.972972972972973
volcanoes-a4,./data/numerical_only/balanced,0.30775951103249705,0.5675675675675675,0.0,0.0,0.4594594594594595,0.9129287598944591,0.4594594594594595,0.40540540540540543,0.4594594594594595
volcanoes-a4,./data/numerical_only/balanced,0.9725791350275681,0.9459459459459459,0.0,0.0,0.9459459459459459,0.9129287598944591,0.9459459459459459,0.8918918918918919,
volcanoes-a4,./data/numerical_only/balanced,0.9974318236403866,0.972972972972973,0.0,0.0,0.972972972972973,0.9129287598944591,0.972972972972973,0.972972972972973,
volcanoes-a4,./data/numerical_only/balanced,0.9661895158475627,0.9459459459459459,0.0,0.0,0.9459459459459459,0.9129287598944591,0.9459459459459459,0.9459459459459459,0.9459459459459459
volcanoes-a4,./data/numerical_only/balanced,0.9921634701250036,0.972972972972973,0.0,0.0,0.972972972972973,0.9129287598944591,0.972972972972973,0.972972972972973,0.972972972972973
volcanoes-a4,./data/numerical_only/balanced,0.7481052656788989,0.8918918918918919,0.0,0.0,0.8918918918918919,0.9129287598944591,0.8918918918918919,0.8918918918918919,0.8918918918918919
volcanoes-a4,./data/numerical_only/balanced,0.9494962890132594,0.8918918918918919,0.0,0.0,0.8918918918918919,0.9129287598944591,0.8918918918918919,0.8918918918918919,0.8918918918918919
volcanoes-a4,./data/numerical_only/balanced,0.2817368578478271,0.5405405405405406,0.0,0.0,0.5675675675675675,0.9129287598944591,0.5675675675675675,0.40540540540540543,0.5405405405405406
volcanoes-a4,./data/numerical_only/balanced,0.9668704034853622,0.9459459459459459,0.0,0.0,0.9459459459459459,0.9129287598944591,0.9459459459459459,0.9459459459459459,
volcanoes-a4,./data/numerical_only/balanced,0.9862593545291088,0.972972972972973,0.0,0.0,0.972972972972973,0.9129287598944591,0.972972972972973,0.9459459459459459,0.972972972972973
volcanoes-a4,./data/numerical_only/balanced,0.99544629562099,1.0,0.0,0.0,1.0,0.9129287598944591,1.0,1.0,1.0
volcanoes-a4,./data/numerical_only/balanced,0.9421711447849501,1.0,0.0,0.0,1.0,0.9129287598944591,1.0,1.0,1.0
volcanoes-a4,./data/numerical_only/balanced,0.3470810136312439,0.5945945945945946,0.0,0.0,0.5675675675675675,0.9129287598944591,0.5405405405405406,0.5945945945945946,0.5405405405405406
volcanoes-a4,./data/numerical_only/balanced,0.9883542971955737,1.0,0.0,0.0,1.0,0.9129287598944591,1.0,0.972972972972973,
volcanoes-a4,./data/numerical_only/balanced,0.5052449851470961,0.7567567567567568,0.0,0.0,0.7027027027027027,0.9129287598944591,0.7567567567567568,0.7297297297297297,
volcanoes-a4,./data/numerical_only/balanced,0.9302993121564511,0.918918918918919,0.0,0.0,0.918918918918919,0.9129287598944591,0.918918918918919,0.918918918918919,0.918918918918919
volcanoes-a4,./data/numerical_only/balanced,0.9807656322384253,0.9459459459459459,0.0,0.0,0.9459459459459459,0.9129287598944591,0.9459459459459459,0.9459459459459459,0.9459459459459459
volcanoes-a4,./data/numerical_only/balanced,0.9777312261070199,0.972972972972973,0.0,0.0,0.972972972972973,0.9129287598944591,0.972972972972973,0.972972972972973,
volcanoes-a4,./data/numerical_only/balanced,0.982665226728098,0.972972972972973,0.0,0.0,0.972972972972973,0.9129287598944591,0.972972972972973,0.972972972972973,
volcanoes-a4,./data/numerical_only/balanced,0.9697417258950747,1.0,0.0,0.0,1.0,0.9129287598944591,1.0,1.0,1.0
volcanoes-a4,./data/numerical_only/balanced,0.9835366313969199,1.0,0.0,0.0,1.0,0.9129287598944591,1.0,1.0,
volcanoes-a4,./data/numerical_only/balanced,0.8923035276864918,0.9459459459459459,0.0,0.0,0.9459459459459459,0.9129287598944591,0.9459459459459459,0.9459459459459459,
volcanoes-a4,./data/numerical_only/balanced,0.9975027577022423,1.0,0.0,0.0,1.0,0.9129287598944591,1.0,1.0,
volcanoes-e1,./data/numerical_only/balanced,0.9988882783000601,0.9655172413793104,0.0,0.0,0.9655172413793104,0.918918918918919,0.9655172413793104,,
volcanoes-e1,./data/numerical_only/balanced,0.9903609106912968,1.0,0.0,0.0,1.0,0.918918918918919,1.0,,
volcanoes-e1,./data/numerical_only/balanced,0.9980344227225696,1.0,0.0,0.0,1.0,0.918918918918919,1.0,,
volcanoes-e1,./data/numerical_only/balanced,0.998951423932916,1.0,0.0,0.0,1.0,0.918918918918919,1.0,,1.0
volcanoes-e1,./data/numerical_only/balanced,0.998892073358623,1.0,0.0,0.0,1.0,0.918918918918919,1.0,,
volcanoes-e1,./data/numerical_only/balanced,0.730147978321457,0.7241379310344828,0.0,0.0,0.7241379310344828,0.918918918918919,0.7241379310344828,,
volcanoes-e1,./data/numerical_only/balanced,0.9977120383224899,1.0,0.0,0.0,1.0,0.918918918918919,1.0,,
volcanoes-e1,./data/numerical_only/balanced,0.9446082364842117,1.0,0.0,0.0,1.0,0.918918918918919,1.0,,
volcanoes-e1,./data/numerical_only/balanced,0.9919028421915695,1.0,0.0,0.0,1.0,0.918918918918919,1.0,,
volcanoes-e1,./data/numerical_only/balanced,0.8594014924196454,0.896551724137931,0.0,0.0,0.896551724137931,0.918918918918919,0.896551724137931,,
volcanoes-e1,./data/numerical_only/balanced,0.980236444218204,0.896551724137931,0.0,0.0,0.896551724137931,0.918918918918919,0.896551724137931,,
volcanoes-e1,./data/numerical_only/balanced,0.8994443076674136,0.8620689655172413,0.0,0.0,0.8620689655172413,0.918918918918919,0.8620689655172413,,0.8620689655172413
volcanoes-e1,./data/numerical_only/balanced,0.9719110269727368,1.0,0.0,0.0,1.0,0.918918918918919,1.0,,
volcanoes-e1,./data/numerical_only/balanced,0.7703317076899,0.7586206896551724,0.0,0.0,0.7586206896551724,0.918918918918919,0.7586206896551724,,
volcanoes-e1,./data/numerical_only/balanced,0.9592298226546151,0.896551724137931,0.0,0.0,0.896551724137931,0.918918918918919,0.896551724137931,,
volcanoes-e1,./data/numerical_only/balanced,0.9899693942827316,1.0,0.0,0.0,1.0,0.918918918918919,1.0,,
volcanoes-e1,./data/numerical_only/balanced,0.9426387029208328,1.0,0.0,0.0,1.0,0.918918918918919,1.0,,1.0
volcanoes-e1,./data/numerical_only/balanced,0.9879765312848788,0.9655172413793104,0.0,0.0,0.9655172413793104,0.918918918918919,0.9655172413793104,,
volcanoes-e1,./data/numerical_only/balanced,0.8662539992488443,0.9655172413793104,0.0,0.0,0.9655172413793104,0.918918918918919,0.9655172413793104,,
volcanoes-e1,./data/numerical_only/balanced,0.5827682990972943,0.6206896551724138,0.0,0.0,0.6551724137931034,0.918918918918919,0.6551724137931034,,
volcanoes-e1,./data/numerical_only/balanced,0.9046393034930171,0.9310344827586207,0.0,0.0,0.9310344827586207,0.918918918918919,0.9310344827586207,,
volcanoes-e1,./data/numerical_only/balanced,0.9983613100478689,1.0,0.0,0.0,1.0,0.918918918918919,1.0,,
volcanoes-e1,./data/numerical_only/balanced,0.9447173268371305,0.9310344827586207,0.0,0.0,0.9310344827586207,0.918918918918919,0.9310344827586207,,
volcanoes-e1,./data/numerical_only/balanced,0.9141883046326341,0.8620689655172413,0.0,0.0,0.8620689655172413,0.918918918918919,0.8620689655172413,,
volcanoes-e1,./data/numerical_only/balanced,0.6962669933684665,0.7241379310344828,0.0,0.0,0.7241379310344828,0.918918918918919,0.7241379310344828,,
volcanoes-e1,./data/numerical_only/balanced,0.9991441471057988,1.0,0.0,0.0,1.0,0.918918918918919,1.0,,
volcanoes-e1,./data/numerical_only/balanced,0.9964391088244021,0.9655172413793104,0.0,0.0,0.9655172413793104,0.918918918918919,0.9655172413793104,,
volcanoes-e1,./data/numerical_only/balanced,0.9835207839569801,1.0,0.0,0.0,1.0,0.918918918918919,1.0,,
volcanoes-e1,./data/numerical_only/balanced,0.9307330380371361,1.0,0.0,0.0,1.0,0.918918918918919,1.0,,
volcanoes-e1,./data/numerical_only/balanced,0.8282753322099001,0.8620689655172413,0.0,0.0,0.8620689655172413,0.918918918918919,0.8620689655172413,,
volcanoes-e1,./data/numerical_only/balanced,0.8500144109922136,1.0,0.0,0.0,1.0,0.918918918918919,1.0,,
volcanoes-e1,./data/numerical_only/balanced,0.9468271233456204,0.8620689655172413,0.0,0.0,0.8620689655172413,0.918918918918919,0.8620689655172413,,
volcanoes-e1,./data/numerical_only/balanced,0.9934144958670225,0.9655172413793104,0.0,0.0,0.9655172413793104,0.918918918918919,0.9655172413793104,,
volcanoes-e1,./data/numerical_only/balanced,0.8006701141960737,0.9310344827586207,0.0,0.0,0.9310344827586207,0.918918918918919,0.9310344827586207,,
volcanoes-e1,./data/numerical_only/balanced,0.6524110183310152,0.8620689655172413,0.0,0.0,0.8620689655172413,0.918918918918919,0.8620689655172413,,
volcanoes-e1,./data/numerical_only/balanced,0.9719645464371754,0.9655172413793104,0.0,0.0,0.9655172413793104,0.918918918918919,0.9655172413793104,,
volcanoes-e1,./data/numerical_only/balanced,0.9782273977723388,0.9655172413793104,0.0,0.0,0.9655172413793104,0.918918918918919,0.9655172413793104,,
volcanoes-e1,./data/numerical_only/balanced,0.9933984879508595,0.9655172413793104,0.0,0.0,0.9655172413793104,0.918918918918919,0.9655172413793104,,
volcanoes-e1,./data/numerical_only/balanced,0.8664478097862534,0.7931034482758621,0.0,0.0,0.7931034482758621,0.918918918918919,0.7931034482758621,,
volcanoes-e1,./data/numerical_only/balanced,0.6396296348625493,0.7586206896551724,0.0,0.0,0.7586206896551724,0.918918918918919,0.7586206896551724,,
volcanoes-e1,./data/numerical_only/balanced,0.9932302603041457,1.0,0.0,0.0,1.0,0.918918918918919,1.0,,
volcanoes-e1,./data/numerical_only/balanced,0.9400056676095059,1.0,0.0,0.0,1.0,0.918918918918919,1.0,,
volcanoes-e1,./data/numerical_only/balanced,0.986241240761307,1.0,0.0,0.0,1.0,0.918918918918919,1.0,,
volcanoes-e1,./data/numerical_only/balanced,0.9976324133557037,0.9655172413793104,0.0,0.0,0.9655172413793104,0.918918918918919,0.9655172413793104,,
volcanoes-e1,./data/numerical_only/balanced,0.5384537978139486,0.7931034482758621,0.0,0.0,0.7931034482758621,0.918918918918919,0.7931034482758621,,
volcanoes-e1,./data/numerical_only/balanced,0.988796385885137,1.0,0.0,0.0,1.0,0.918918918918919,1.0,,
volcanoes-e1,./data/numerical_only/balanced,0.9670232358584083,1.0,0.0,0.0,1.0,0.918918918918919,1.0,,
volcanoes-e1,./data/numerical_only/balanced,0.9821823554036067,0.9655172413793104,0.0,0.0,0.9655172413793104,0.918918918918919,0.9655172413793104,,
volcanoes-e1,./data/numerical_only/balanced,0.9771030034443291,0.9310344827586207,0.0,0.0,0.9310344827586207,0.918918918918919,0.9310344827586207,,
volcanoes-e1,./data/numerical_only/balanced,0.9903332393165356,1.0,0.0,0.0,1.0,0.918918918918919,1.0,,
volcanoes-e2,./data/numerical_only/balanced,0.9931824348110642,1.0,0.0,0.0,1.0,0.9185185185185185,1.0,,
volcanoes-e2,./data/numerical_only/balanced,0.8831643500428398,0.9629629629629629,0.0,0.0,0.9629629629629629,0.9185185185185185,0.9629629629629629,,
volcanoes-e2,./data/numerical_only/balanced,0.9958358123294849,0.9629629629629629,0.0,0.0,0.9629629629629629,0.9185185185185185,0.9629629629629629,,
volcanoes-e2,./data/numerical_only/balanced,0.9883620548807696,0.9629629629629629,0.0,0.0,0.9629629629629629,0.9185185185185185,0.9629629629629629,,
volcanoes-e2,./data/numerical_only/balanced,0.9876665261695702,1.0,0.0,0.0,1.0,0.9185185185185185,1.0,,
volcanoes-e2,./data/numerical_only/balanced,0.9891987949015777,1.0,0.0,0.0,1.0,0.9185185185185185,1.0,,
volcanoes-e2,./data/numerical_only/balanced,0.9813541916605515,1.0,0.0,0.0,1.0,0.9185185185185185,1.0,,
volcanoes-e2,./data/numerical_only/balanced,0.9874982218265681,0.8518518518518519,0.0,0.0,0.8518518518518519,0.9185185185185185,0.8518518518518519,,
volcanoes-e2,./data/numerical_only/balanced,0.9522753404377918,0.9629629629629629,0.0,0.0,0.9629629629629629,0.9185185185185185,0.9629629629629629,,
volcanoes-e2,./data/numerical_only/balanced,0.6675880512832774,0.7037037037037037,0.0,0.0,0.7037037037037037,0.9185185185185185,0.7037037037037037,,
volcanoes-e2,./data/numerical_only/balanced,0.8643669115900154,0.8888888888888888,0.0,0.0,0.8888888888888888,0.9185185185185185,0.8888888888888888,,
volcanoes-e2,./data/numerical_only/balanced,0.9485296789290187,1.0,0.0,0.0,1.0,0.9185185185185185,1.0,,1.0
volcanoes-e2,./data/numerical_only/balanced,0.9871183540844864,0.9629629629629629,0.0,0.0,0.9629629629629629,0.9185185185185185,0.9629629629629629,,
volcanoes-e2,./data/numerical_only/balanced,0.9807343995268641,0.8518518518518519,0.0,0.0,0.8518518518518519,0.9185185185185185,0.8518518518518519,,
volcanoes-e2,./data/numerical_only/balanced,0.9812705557053586,1.0,0.0,0.0,1.0,0.9185185185185185,1.0,,
volcanoes-e2,./data/numerical_only/balanced,0.9732928279748062,0.9629629629629629,0.0,0.0,0.9629629629629629,0.9185185185185185,0.9629629629629629,,
volcanoes-e2,./data/numerical_only/balanced,0.992506237783911,1.0,0.0,0.0,1.0,0.9185185185185185,1.0,,
volcanoes-e2,./data/numerical_only/balanced,0.8718050859713573,0.8518518518518519,0.0,0.0,0.8518518518518519,0.9185185185185185,0.8518518518518519,,
volcanoes-e2,./data/numerical_only/balanced,0.9772167353079917,0.9259259259259259,0.0,0.0,0.9259259259259259,0.9185185185185185,0.9259259259259259,,
volcanoes-e2,./data/numerical_only/balanced,0.9897870627548028,0.9629629629629629,0.0,0.0,0.9629629629629629,0.9185185185185185,0.9629629629629629,,
volcanoes-e2,./data/numerical_only/balanced,0.9408444008282576,0.9629629629629629,0.0,0.0,0.9629629629629629,0.9185185185185185,0.9629629629629629,,
volcanoes-e2,./data/numerical_only/balanced,0.8084515086776952,0.9259259259259259,0.0,0.0,0.9259259259259259,0.9185185185185185,0.9259259259259259,,
volcanoes-e2,./data/numerical_only/balanced,0.8430511640622714,0.9259259259259259,0.0,0.0,0.9259259259259259,0.9185185185185185,0.9259259259259259,,
volcanoes-e2,./data/numerical_only/balanced,0.5104176692194455,0.7037037037037037,0.0,0.0,0.7037037037037037,0.9185185185185185,0.7037037037037037,,
volcanoes-e2,./data/numerical_only/balanced,0.9958091186275774,0.9629629629629629,0.0,0.0,0.9629629629629629,0.9185185185185185,0.9629629629629629,,
volcanoes-e2,./data/numerical_only/balanced,0.9916664801181224,0.9629629629629629,0.0,0.0,0.9629629629629629,0.9185185185185185,0.9629629629629629,,
volcanoes-e2,./data/numerical_only/balanced,0.9953009619744569,0.9629629629629629,0.0,0.0,0.9629629629629629,0.9185185185185185,0.9629629629629629,,
volcanoes-e2,./data/numerical_only/balanced,0.9918980122786505,1.0,0.0,0.0,1.0,0.9185185185185185,1.0,,
volcanoes-e2,./data/numerical_only/balanced,0.51040172572956,0.7407407407407407,0.0,0.0,0.7407407407407407,0.9185185185185185,0.7407407407407407,,
volcanoes-e2,./data/numerical_only/balanced,0.9561709439294788,1.0,0.0,0.0,1.0,0.9185185185185185,1.0,,
volcanoes-e2,./data/numerical_only/balanced,0.9871249368652174,0.9259259259259259,0.0,0.0,0.9259259259259259,0.9185185185185185,0.9259259259259259,,
volcanoes-e2,./data/numerical_only/balanced,0.8350184946995575,0.9629629629629629,0.0,0.0,0.9629629629629629,0.9185185185185185,0.9629629629629629,,
volcanoes-e2,./data/numerical_only/balanced,0.9322671049547628,0.8888888888888888,0.0,0.0,0.8888888888888888,0.9185185185185185,0.8888888888888888,,
volcanoes-e2,./data/numerical_only/balanced,0.9971543857236438,0.9629629629629629,0.0,0.0,0.9629629629629629,0.9185185185185185,0.9629629629629629,,
volcanoes-e2,./data/numerical_only/balanced,0.9887285669854088,1.0,0.0,0.0,1.0,0.9185185185185185,1.0,,
volcanoes-e2,./data/numerical_only/balanced,0.9730120454620557,0.9259259259259259,0.0,0.0,0.9259259259259259,0.9185185185185185,0.9259259259259259,,
volcanoes-e2,./data/numerical_only/balanced,0.9401539984363123,0.9629629629629629,0.0,0.0,0.9629629629629629,0.9185185185185185,0.9629629629629629,,
volcanoes-e2,./data/numerical_only/balanced,0.9776656940606984,0.9629629629629629,0.0,0.0,0.9629629629629629,0.9185185185185185,0.9629629629629629,,
volcanoes-e2,./data/numerical_only/balanced,0.6703774740529159,0.7407407407407407,0.0,0.0,0.7407407407407407,0.9185185185185185,0.7407407407407407,,
volcanoes-e2,./data/numerical_only/balanced,0.9768366203135551,1.0,0.0,0.0,1.0,0.9185185185185185,1.0,,
volcanoes-e2,./data/numerical_only/balanced,0.9929217037792063,1.0,0.0,0.0,1.0,0.9185185185185185,1.0,,
volcanoes-e2,./data/numerical_only/balanced,0.9210964687894508,0.9259259259259259,0.0,0.0,0.9259259259259259,0.9185185185185185,0.9259259259259259,,
volcanoes-e2,./data/numerical_only/balanced,0.3897461578805903,0.5555555555555556,0.0,0.0,0.5185185185185185,0.9185185185185185,0.5555555555555556,,0.5555555555555556
volcanoes-e2,./data/numerical_only/balanced,0.9643780136995365,0.8888888888888888,0.0,0.0,0.8888888888888888,0.9185185185185185,0.8888888888888888,,
volcanoes-e2,./data/numerical_only/balanced,0.9548960122142038,0.8888888888888888,0.0,0.0,0.8888888888888888,0.9185185185185185,0.8888888888888888,,
volcanoes-e2,./data/numerical_only/balanced,0.8528438183018133,0.9629629629629629,0.0,0.0,0.9629629629629629,0.9185185185185185,0.9629629629629629,,
volcanoes-e2,./data/numerical_only/balanced,0.5309023733058608,0.7777777777777778,0.0,0.0,0.7777777777777778,0.9185185185185185,0.7777777777777778,,
volcanoes-e2,./data/numerical_only/balanced,0.8967887623269745,0.9629629629629629,0.0,0.0,0.9629629629629629,0.9185185185185185,0.9629629629629629,,
volcanoes-e2,./data/numerical_only/balanced,0.9983858111549634,0.9629629629629629,0.0,0.0,0.9629629629629629,0.9185185185185185,0.9629629629629629,,
volcanoes-e2,./data/numerical_only/balanced,0.9964825445615285,0.9629629629629629,0.0,0.0,0.9629629629629629,0.9185185185185185,0.9629629629629629,,
volcanoes-e3,./data/numerical_only/balanced,0.9895162504467706,1.0,0.0,0.0,1.0,0.928125,1.0,,
volcanoes-e3,./data/numerical_only/balanced,0.7163626545433358,0.84375,0.0,0.0,0.84375,0.928125,0.84375,,
volcanoes-e3,./data/numerical_only/balanced,0.992780687938296,1.0,0.0,0.0,1.0,0.928125,1.0,,
volcanoes-e3,./data/numerical_only/balanced,0.9970729255781303,0.96875,0.0,0.0,0.96875,0.928125,0.96875,,
volcanoes-e3,./data/numerical_only/balanced,0.8805735054952761,0.96875,0.0,0.0,0.96875,0.928125,0.96875,,
volcanoes-e3,./data/numerical_only/balanced,0.9739465657961762,1.0,0.0,0.0,1.0,0.928125,1.0,,
volcanoes-e3,./data/numerical_only/balanced,0.7153349538463918,0.9375,0.0,0.0,0.9375,0.928125,0.9375,,
volcanoes-e3,./data/numerical_only/balanced,0.954462732477329,1.0,0.0,0.0,1.0,0.928125,1.0,,
volcanoes-e3,./data/numerical_only/balanced,0.967264732449055,0.9375,0.0,0.0,0.9375,0.928125,0.9375,,
volcanoes-e3,./data/numerical_only/balanced,0.5885772080295049,0.78125,0.0,0.0,0.78125,0.928125,0.78125,,
volcanoes-e3,./data/numerical_only/balanced,0.9981392138514644,1.0,0.0,0.0,1.0,0.928125,1.0,,
volcanoes-e3,./data/numerical_only/balanced,0.9010002433460802,0.96875,0.0,0.0,0.96875,0.928125,0.96875,,
volcanoes-e3,./data/numerical_only/balanced,0.9838086030147499,0.96875,0.0,0.0,0.96875,0.928125,0.96875,,
volcanoes-e3,./data/numerical_only/balanced,0.9692148659361428,0.96875,0.0,0.0,0.96875,0.928125,0.96875,,
volcanoes-e3,./data/numerical_only/balanced,0.9720008706843879,0.96875,0.0,0.0,0.96875,0.928125,0.96875,,
volcanoes-e3,./data/numerical_only/balanced,0.9986562398530172,1.0,0.0,0.0,1.0,0.928125,1.0,,
volcanoes-e3,./data/numerical_only/balanced,0.9889696041796732,1.0,0.0,0.0,1.0,0.928125,1.0,,
volcanoes-e3,./data/numerical_only/balanced,0.8167210059148948,0.875,0.0,0.0,0.875,0.928125,0.875,,
volcanoes-e3,./data/numerical_only/balanced,0.950642500792544,0.96875,0.0,0.0,0.96875,0.928125,0.96875,,
volcanoes-e3,./data/numerical_only/balanced,0.9908675871320802,1.0,0.0,0.0,1.0,0.928125,1.0,,
volcanoes-e3,./data/numerical_only/balanced,0.9770162350024804,1.0,0.0,0.0,1.0,0.928125,1.0,,
volcanoes-e3,./data/numerical_only/balanced,0.9860606192337206,1.0,0.0,0.0,1.0,0.928125,1.0,,
volcanoes-e3,./data/numerical_only/balanced,0.9784657102029449,0.96875,0.0,0.0,0.96875,0.928125,0.96875,,
volcanoes-e3,./data/numerical_only/balanced,0.942933334626314,0.96875,0.0,0.0,0.96875,0.928125,0.96875,,
volcanoes-e3,./data/numerical_only/balanced,0.9109246586188311,0.875,0.0,0.0,0.875,0.928125,0.875,,
volcanoes-e3,./data/numerical_only/balanced,0.996760508029125,0.96875,0.0,0.0,0.96875,0.928125,0.96875,,
volcanoes-e3,./data/numerical_only/balanced,0.9609272963945851,0.9375,0.0,0.0,0.9375,0.928125,0.9375,,
volcanoes-e3,./data/numerical_only/balanced,0.7008682717063913,0.9375,0.0,0.0,0.9375,0.928125,0.9375,,
volcanoes-e3,./data/numerical_only/balanced,0.9924413933667449,1.0,0.0,0.0,1.0,0.928125,1.0,,
volcanoes-e3,./data/numerical_only/balanced,0.988650268471517,1.0,0.0,0.0,1.0,0.928125,1.0,,
volcanoes-e3,./data/numerical_only/balanced,0.6926546128025157,0.90625,0.0,0.0,0.90625,0.928125,0.90625,,
volcanoes-e3,./data/numerical_only/balanced,0.9785659588666973,0.96875,0.0,0.0,0.96875,0.928125,0.96875,,
volcanoes-e3,./data/numerical_only/balanced,0.9894488583005383,1.0,0.0,0.0,1.0,0.928125,1.0,,
volcanoes-e3,./data/numerical_only/balanced,0.9665504927778233,0.96875,0.0,0.0,0.96875,0.928125,0.96875,,
volcanoes-e3,./data/numerical_only/balanced,0.9974495155293839,1.0,0.0,0.0,1.0,0.928125,1.0,,
volcanoes-e3,./data/numerical_only/balanced,0.9979035005864242,1.0,0.0,0.0,1.0,0.928125,1.0,,
volcanoes-e3,./data/numerical_only/balanced,0.9971369289450085,1.0,0.0,0.0,1.0,0.928125,1.0,,
volcanoes-e3,./data/numerical_only/balanced,0.9720584880904932,0.96875,0.0,0.0,0.96875,0.928125,0.96875,,
volcanoes-e3,./data/numerical_only/balanced,0.9917071805734757,1.0,0.0,0.0,1.0,0.928125,1.0,,
volcanoes-e3,./data/numerical_only/balanced,0.9834973665150928,0.96875,0.0,0.0,0.96875,0.928125,0.96875,,
volcanoes-e3,./data/numerical_only/balanced,0.9817208222843224,0.96875,0.0,0.0,0.96875,0.928125,0.96875,,
volcanoes-e3,./data/numerical_only/balanced,0.6505043765099171,0.71875,0.0,0.0,0.71875,0.928125,0.71875,,0.71875
volcanoes-e3,./data/numerical_only/balanced,0.9808470475274607,1.0,0.0,0.0,1.0,0.928125,1.0,,
volcanoes-e3,./data/numerical_only/balanced,0.9852917539284601,0.96875,0.0,0.0,0.96875,0.928125,0.96875,,
volcanoes-e3,./data/numerical_only/balanced,0.9984927079265107,1.0,0.0,0.0,1.0,0.928125,1.0,,
volcanoes-e3,./data/numerical_only/balanced,0.935989122976603,0.96875,0.0,0.0,0.96875,0.928125,0.96875,,
volcanoes-e3,./data/numerical_only/balanced,0.9952147137670201,1.0,0.0,0.0,1.0,0.928125,1.0,,
volcanoes-e3,./data/numerical_only/balanced,0.8823426308571909,0.9375,0.0,0.0,0.9375,0.928125,0.9375,,
volcanoes-e3,./data/numerical_only/balanced,0.9602446976653152,0.9375,0.0,0.0,0.9375,0.928125,0.9375,,
volcanoes-e4,./data/numerical_only/balanced,0.9213918746350741,0.8709677419354839,0.0,0.0,0.8709677419354839,0.9361022364217252,0.8709677419354839,,
volcanoes-e4,./data/numerical_only/balanced,0.9850646082158113,0.967741935483871,0.0,0.0,0.967741935483871,0.9361022364217252,0.967741935483871,,
volcanoes-e4,./data/numerical_only/balanced,0.6676932084718331,0.8387096774193549,0.0,0.0,0.8387096774193549,0.9361022364217252,0.8387096774193549,,
volcanoes-e4,./data/numerical_only/balanced,0.993917150021665,1.0,0.0,0.0,1.0,0.9361022364217252,1.0,,1.0
volcanoes-e4,./data/numerical_only/balanced,0.566106874257439,0.8064516129032258,0.0,0.0,0.8064516129032258,0.9361022364217252,0.8064516129032258,,
volcanoes-e4,./data/numerical_only/balanced,0.9991941054957978,1.0,0.0,0.0,1.0,0.9361022364217252,1.0,,
volcanoes-e4,./data/numerical_only/balanced,0.5692211647161041,0.7419354838709677,0.0,0.0,0.7419354838709677,0.9361022364217252,0.7419354838709677,,0.7741935483870968
volcanoes-e4,./data/numerical_only/balanced,0.9956645645353861,1.0,0.0,0.0,1.0,0.9361022364217252,1.0,,1.0
volcanoes-e4,./data/numerical_only/balanced,0.9060573822311693,0.967741935483871,0.0,0.0,0.967741935483871,0.9361022364217252,0.967741935483871,,
volcanoes-e4,./data/numerical_only/balanced,0.9966236792729852,1.0,0.0,0.0,1.0,0.9361022364217252,1.0,,
volcanoes-e4,./data/numerical_only/balanced,0.8701146468161274,0.9032258064516129,0.0,0.0,0.9032258064516129,0.9361022364217252,0.9032258064516129,,
volcanoes-e4,./data/numerical_only/balanced,0.9965092232545921,0.967741935483871,0.0,0.0,0.967741935483871,0.9361022364217252,0.967741935483871,,
volcanoes-e4,./data/numerical_only/balanced,0.9497358510240672,1.0,0.0,0.0,1.0,0.9361022364217252,1.0,,
volcanoes-e4,./data/numerical_only/balanced,0.9845615505474619,0.967741935483871,0.0,0.0,0.967741935483871,0.9361022364217252,0.967741935483871,,
volcanoes-e4,./data/numerical_only/balanced,0.9937130792719494,0.967741935483871,0.0,0.0,0.967741935483871,0.9361022364217252,0.967741935483871,,
volcanoes-e4,./data/numerical_only/balanced,0.9172631303991166,0.9354838709677419,0.0,0.0,0.9354838709677419,0.9361022364217252,0.9354838709677419,,0.9354838709677419
volcanoes-e4,./data/numerical_only/balanced,0.9931365592971727,0.967741935483871,0.0,0.0,0.967741935483871,0.9361022364217252,0.967741935483871,,
volcanoes-e4,./data/numerical_only/balanced,0.9918634967386007,0.967741935483871,0.0,0.0,0.967741935483871,0.9361022364217252,0.967741935483871,,
volcanoes-e4,./data/numerical_only/balanced,0.8858519468641581,0.7741935483870968,0.0,0.0,0.7741935483870968,0.9361022364217252,0.7741935483870968,,
volcanoes-e4,./data/numerical_only/balanced,0.985347849090202,1.0,0.0,0.0,1.0,0.9361022364217252,1.0,,
volcanoes-e4,./data/numerical_only/balanced,0.48705137856712755,0.8064516129032258,0.0,0.0,0.8064516129032258,0.9361022364217252,0.8064516129032258,,0.8387096774193549
volcanoes-e4,./data/numerical_only/balanced,0.9933022067985798,1.0,0.0,0.0,1.0,0.9361022364217252,1.0,,
volcanoes-e4,./data/numerical_only/balanced,0.9912080056674324,0.9354838709677419,0.0,0.0,0.9354838709677419,0.9361022364217252,0.9354838709677419,,
volcanoes-e4,./data/numerical_only/balanced,0.9657188309832275,0.8387096774193549,0.0,0.0,0.8387096774193549,0.9361022364217252,0.8387096774193549,,
volcanoes-e4,./data/numerical_only/balanced,0.99900503782408,1.0,0.0,0.0,1.0,0.9361022364217252,1.0,,
volcanoes-e4,./data/numerical_only/balanced,0.9184612033822199,0.9032258064516129,0.0,0.0,0.9032258064516129,0.9361022364217252,0.9032258064516129,,
volcanoes-e4,./data/numerical_only/balanced,0.7434678332258178,0.9032258064516129,0.0,0.0,0.9032258064516129,0.9361022364217252,0.9032258064516129,,
volcanoes-e4,./data/numerical_only/balanced,0.952428138474063,0.9354838709677419,0.0,0.0,0.9354838709677419,0.9361022364217252,0.9354838709677419,,0.9354838709677419
volcanoes-e4,./data/numerical_only/balanced,0.9838566218255963,1.0,0.0,0.0,1.0,0.9361022364217252,1.0,,
volcanoes-e4,./data/numerical_only/balanced,0.9584291011469602,0.9354838709677419,0.0,0.0,0.9354838709677419,0.9361022364217252,0.9354838709677419,,
volcanoes-e4,./data/numerical_only/balanced,0.9955321708201987,1.0,0.0,0.0,1.0,0.9361022364217252,1.0,,
volcanoes-e4,./data/numerical_only/balanced,0.9652747694570751,1.0,0.0,0.0,1.0,0.9361022364217252,1.0,,
volcanoes-e4,./data/numerical_only/balanced,0.996595925698731,1.0,0.0,0.0,1.0,0.9361022364217252,1.0,,
volcanoes-e4,./data/numerical_only/balanced,0.9988283580725038,0.967741935483871,0.0,0.0,0.967741935483871,0.9361022364217252,0.967741935483871,,
volcanoes-e4,./data/numerical_only/balanced,0.9960179028849786,1.0,0.0,0.0,1.0,0.9361022364217252,1.0,,
volcanoes-e4,./data/numerical_only/balanced,0.8103644319946957,0.9354838709677419,0.0,0.0,0.9354838709677419,0.9361022364217252,0.9354838709677419,,
volcanoes-e4,./data/numerical_only/balanced,0.9060107153821366,0.8064516129032258,0.0,0.0,0.8064516129032258,0.9361022364217252,0.8064516129032258,,
volcanoes-e4,./data/numerical_only/balanced,0.9900034904449644,1.0,0.0,0.0,1.0,0.9361022364217252,1.0,,
volcanoes-e4,./data/numerical_only/balanced,0.9929746995285944,0.967741935483871,0.0,0.0,0.967741935483871,0.9361022364217252,0.967741935483871,,
volcanoes-e4,./data/numerical_only/balanced,0.9489901195305599,0.8387096774193549,0.0,0.0,0.8387096774193549,0.9361022364217252,0.8387096774193549,,
volcanoes-e4,./data/numerical_only/balanced,0.9985647068885457,0.967741935483871,0.0,0.0,0.967741935483871,0.9361022364217252,0.967741935483871,,
volcanoes-e4,./data/numerical_only/balanced,0.9882989170677413,0.8709677419354839,0.0,0.0,0.8709677419354839,0.9361022364217252,0.8709677419354839,,
volcanoes-e4,./data/numerical_only/balanced,0.9336294875686891,0.9354838709677419,0.0,0.0,0.9354838709677419,0.9361022364217252,0.9354838709677419,,
volcanoes-e4,./data/numerical_only/balanced,0.9974709489549569,0.967741935483871,0.0,0.0,0.967741935483871,0.9361022364217252,0.967741935483871,,
volcanoes-e4,./data/numerical_only/balanced,0.9935795229212605,1.0,0.0,0.0,1.0,0.9361022364217252,1.0,,
volcanoes-e4,./data/numerical_only/balanced,0.4313810586245547,0.7419354838709677,0.0,0.0,0.7419354838709677,0.9361022364217252,0.7419354838709677,,
volcanoes-e4,./data/numerical_only/balanced,0.9872539391495007,0.9354838709677419,0.0,0.0,0.9354838709677419,0.9361022364217252,0.9354838709677419,,
volcanoes-e4,./data/numerical_only/balanced,0.9948321032755952,1.0,0.0,0.0,1.0,0.9361022364217252,1.0,,
volcanoes-e4,./data/numerical_only/balanced,0.9968467461283648,0.9354838709677419,0.0,0.0,0.9354838709677419,0.9361022364217252,0.9354838709677419,,
volcanoes-e4,./data/numerical_only/balanced,0.9947360766270489,0.967741935483871,0.0,0.0,0.967741935483871,0.9361022364217252,0.967741935483871,,
volcanoes-e5,./data/numerical_only/balanced,0.9172706672158454,0.9259259259259259,0.0,0.0,0.9259259259259259,0.9064748201438849,0.9259259259259259,,
volcanoes-e5,./data/numerical_only/balanced,0.9769163868647336,0.9259259259259259,0.0,0.0,0.9259259259259259,0.9064748201438849,0.9259259259259259,,
volcanoes-e5,./data/numerical_only/balanced,0.976797595697048,1.0,0.0,0.0,1.0,0.9064748201438849,1.0,,
volcanoes-e5,./data/numerical_only/balanced,0.9338298120682305,0.9629629629629629,0.0,0.0,0.9629629629629629,0.9064748201438849,0.9629629629629629,,
volcanoes-e5,./data/numerical_only/balanced,0.9756651785870419,0.9629629629629629,0.0,0.0,0.9629629629629629,0.9064748201438849,0.9629629629629629,,
volcanoes-e5,./data/numerical_only/balanced,0.94636981537788,0.9259259259259259,0.0,0.0,0.9259259259259259,0.9064748201438849,0.9259259259259259,,0.9259259259259259
volcanoes-e5,./data/numerical_only/balanced,0.7548963483751238,0.7407407407407407,0.0,0.0,0.7407407407407407,0.9064748201438849,0.7407407407407407,,0.7407407407407407
volcanoes-e5,./data/numerical_only/balanced,0.9815840386058423,1.0,0.0,0.0,1.0,0.9064748201438849,1.0,,
volcanoes-e5,./data/numerical_only/balanced,0.9540633097305001,1.0,0.0,0.0,1.0,0.9064748201438849,1.0,,
volcanoes-e5,./data/numerical_only/balanced,0.9903486083410029,0.9629629629629629,0.0,0.0,0.9629629629629629,0.9064748201438849,0.9629629629629629,,
volcanoes-e5,./data/numerical_only/balanced,0.9756891959460542,1.0,0.0,0.0,1.0,0.9064748201438849,1.0,,
volcanoes-e5,./data/numerical_only/balanced,0.5179433541180299,0.5555555555555556,0.0,0.0,0.5185185185185185,0.9064748201438849,0.5555555555555556,,0.5555555555555556
volcanoes-e5,./data/numerical_only/balanced,0.969108439163899,1.0,0.0,0.0,1.0,0.9064748201438849,1.0,,
volcanoes-e5,./data/numerical_only/balanced,0.9907614805035785,0.9629629629629629,0.0,0.0,0.9629629629629629,0.9064748201438849,0.9629629629629629,,
volcanoes-e5,./data/numerical_only/balanced,0.8717887641648556,0.9629629629629629,0.0,0.0,0.9629629629629629,0.9064748201438849,0.9629629629629629,,
volcanoes-e5,./data/numerical_only/balanced,0.988748180011593,1.0,0.0,0.0,1.0,0.9064748201438849,1.0,,
volcanoes-e5,./data/numerical_only/balanced,0.9776852499893554,0.9629629629629629,0.0,0.0,0.9629629629629629,0.9064748201438849,0.9629629629629629,,
volcanoes-e5,./data/numerical_only/balanced,0.7464281676153791,0.9259259259259259,0.0,0.0,0.9259259259259259,0.9064748201438849,0.9259259259259259,,0.9259259259259259
volcanoes-e5,./data/numerical_only/balanced,0.9884437614485935,1.0,0.0,0.0,1.0,0.9064748201438849,1.0,,
volcanoes-e5,./data/numerical_only/balanced,0.9615844259350947,0.8518518518518519,0.0,0.0,0.8518518518518519,0.9064748201438849,0.8518518518518519,,
volcanoes-e5,./data/numerical_only/balanced,0.9587896768267864,0.9259259259259259,0.0,0.0,0.9259259259259259,0.9064748201438849,0.9259259259259259,,
volcanoes-e5,./data/numerical_only/balanced,0.9909147477262213,1.0,0.0,0.0,1.0,0.9064748201438849,1.0,,
volcanoes-e5,./data/numerical_only/balanced,0.9491942549694934,0.9259259259259259,0.0,0.0,0.9259259259259259,0.9064748201438849,0.9259259259259259,,
volcanoes-e5,./data/numerical_only/balanced,0.9962091625244262,1.0,0.0,0.0,1.0,0.9064748201438849,1.0,,
volcanoes-e5,./data/numerical_only/balanced,0.9766684035135488,0.9259259259259259,0.0,0.0,0.9259259259259259,0.9064748201438849,0.9259259259259259,,
volcanoes-e5,./data/numerical_only/balanced,0.9896360162900463,0.9629629629629629,0.0,0.0,0.9629629629629629,0.9064748201438849,0.9629629629629629,,
volcanoes-e5,./data/numerical_only/balanced,0.9953675031195764,1.0,0.0,0.0,1.0,0.9064748201438849,1.0,,
volcanoes-e5,./data/numerical_only/balanced,0.9831825018081574,0.9259259259259259,0.0,0.0,0.9259259259259259,0.9064748201438849,0.9259259259259259,,
volcanoes-e5,./data/numerical_only/balanced,0.9784647597860244,1.0,0.0,0.0,1.0,0.9064748201438849,1.0,,
volcanoes-e5,./data/numerical_only/balanced,0.9459492328915113,0.9629629629629629,0.0,0.0,0.9629629629629629,0.9064748201438849,0.9629629629629629,,
volcanoes-e5,./data/numerical_only/balanced,0.9057679800851737,0.9259259259259259,0.0,0.0,0.9259259259259259,0.9064748201438849,0.9259259259259259,,
volcanoes-e5,./data/numerical_only/balanced,0.9876142170935008,1.0,0.0,0.0,1.0,0.9064748201438849,1.0,,
volcanoes-e5,./data/numerical_only/balanced,0.9831582992244774,1.0,0.0,0.0,1.0,0.9064748201438849,1.0,,
volcanoes-e5,./data/numerical_only/balanced,0.5754090937716619,0.5555555555555556,0.0,0.0,0.5555555555555556,0.9064748201438849,0.5555555555555556,,0.48148148148148145
volcanoes-e5,./data/numerical_only/balanced,0.9627493197863525,1.0,0.0,0.0,1.0,0.9064748201438849,1.0,,
volcanoes-e5,./data/numerical_only/balanced,0.9487112377352112,0.9629629629629629,0.0,0.0,0.9629629629629629,0.9064748201438849,0.9629629629629629,,0.9629629629629629
volcanoes-e5,./data/numerical_only/balanced,0.8331056651665759,0.8888888888888888,0.0,0.0,0.8888888888888888,0.9064748201438849,0.8888888888888888,,
volcanoes-e5,./data/numerical_only/balanced,0.7620694800148108,0.6666666666666666,0.0,0.0,0.6666666666666666,0.9064748201438849,0.6666666666666666,,
volcanoes-e5,./data/numerical_only/balanced,0.835637707341483,0.5925925925925926,0.0,0.0,0.5925925925925926,0.9064748201438849,0.5925925925925926,,0.5925925925925926
volcanoes-e5,./data/numerical_only/balanced,0.8834811405493884,0.8518518518518519,0.0,0.0,0.8518518518518519,0.9064748201438849,0.8518518518518519,,
volcanoes-e5,./data/numerical_only/balanced,0.9946592992533241,0.9629629629629629,0.0,0.0,0.9629629629629629,0.9064748201438849,0.9629629629629629,,
volcanoes-e5,./data/numerical_only/balanced,0.9296404632032821,0.9629629629629629,0.0,0.0,0.9629629629629629,0.9064748201438849,0.9629629629629629,,
volcanoes-e5,./data/numerical_only/balanced,0.9947746955714175,0.9629629629629629,0.0,0.0,0.9629629629629629,0.9064748201438849,0.9629629629629629,,
volcanoes-e5,./data/numerical_only/balanced,0.9818437722414503,0.9629629629629629,0.0,0.0,0.9629629629629629,0.9064748201438849,0.9629629629629629,,
volcanoes-e5,./data/numerical_only/balanced,0.9902636808462623,1.0,0.0,0.0,1.0,0.9064748201438849,1.0,,
volcanoes-e5,./data/numerical_only/balanced,0.9969214129633074,0.9629629629629629,0.0,0.0,0.9629629629629629,0.9064748201438849,0.9629629629629629,,
wine-quality-red,./data/numerical_only/balanced,0.56908345003766,0.7,0.0,0.0,0.575,0.6075,0.675,0.575,0.5
wine-quality-red,./data/numerical_only/balanced,0.7295304206510327,0.475,0.0,0.0,0.6,0.6075,0.425,0.425,0.475
wine-quality-red,./data/numerical_only/balanced,0.8069320470467226,0.45,0.0,0.0,0.475,0.6075,0.5,0.375,0.45
wine-quality-red,./data/numerical_only/balanced,0.44519368923554725,0.45,0.0,0.0,0.5,0.6075,0.5,0.375,0.475
wine-quality-red,./data/numerical_only/balanced,0.45061396335092274,0.45,0.0,0.0,0.425,0.6075,0.375,0.4,0.5
wine-quality-red,./data/numerical_only/balanced,0.7474994244135875,0.55,0.0,0.0,0.525,0.6075,0.55,0.675,0.675
wine-quality-red,./data/numerical_only/balanced,0.48249010245885704,0.5,0.0,0.0,0.525,0.6075,0.525,0.425,0.55
wine-quality-red,./data/numerical_only/balanced,0.7482128808583622,0.575,0.0,0.0,0.625,0.6075,0.575,0.35,0.475
wine-quality-red,./data/numerical_only/balanced,0.6258148308938263,0.6,0.0,0.0,0.575,0.6075,0.525,0.5,0.65
wine-quality-red,./data/numerical_only/balanced,0.4490881605920566,0.6,0.0,0.0,0.4,0.6075,0.575,,0.5
wine-quality-red,./data/numerical_only/balanced,0.6651942860716346,0.55,0.0,0.0,0.575,0.6075,0.525,0.475,0.525
wine-quality-red,./data/numerical_only/balanced,0.6445955237889609,0.525,0.0,0.0,0.55,0.6075,0.625,0.55,0.475
wine-quality-red,./data/numerical_only/balanced,0.7240048567031618,0.625,0.0,0.0,0.65,0.6075,0.525,0.3,0.6
wine-quality-red,./data/numerical_only/balanced,0.6784307033770162,0.45,0.0,0.0,0.55,0.6075,0.55,0.5,0.45
wine-quality-red,./data/numerical_only/balanced,0.8609876807629754,0.625,0.0,0.0,0.725,0.6075,0.7,0.55,0.725
wine-quality-red,./data/numerical_only/balanced,0.5081383381743257,0.4,0.0,0.0,0.475,0.6075,0.45,0.4,0.45
wine-quality-red,./data/numerical_only/balanced,0.5734920330766757,0.525,0.0,0.0,0.525,0.6075,0.6,0.4,0.55
wine-quality-red,./data/numerical_only/balanced,0.6428132947239067,0.45,0.0,0.0,0.4,0.6075,0.525,0.55,0.625
wine-quality-red,./data/numerical_only/balanced,0.7923977770139315,0.475,0.0,0.0,0.45,0.6075,0.5,0.5,0.6
wine-quality-red,./data/numerical_only/balanced,0.35691295763258973,0.6,0.0,0.0,0.675,0.6075,0.625,0.375,0.55
wine-quality-red,./data/numerical_only/balanced,0.533783696916251,0.55,0.0,0.0,0.575,0.6075,0.475,0.675,0.5
wine-quality-red,./data/numerical_only/balanced,0.5127463240507227,0.6,0.0,0.0,0.625,0.6075,0.6,0.625,0.45
wine-quality-red,./data/numerical_only/balanced,0.4705546364347788,0.5,0.0,0.0,0.5,0.6075,0.475,0.575,0.525
wine-quality-red,./data/numerical_only/balanced,0.6962177403033077,0.6,0.0,0.0,0.55,0.6075,0.575,0.425,0.45
wine-quality-red,./data/numerical_only/balanced,0.5308954771323803,0.475,0.0,0.0,0.5,0.6075,0.45,0.425,0.475
wine-quality-red,./data/numerical_only/balanced,0.6328040272476755,0.525,0.0,0.0,0.425,0.6075,0.525,0.4,0.425
wine-quality-red,./data/numerical_only/balanced,0.4297421321019815,0.55,0.0,0.0,0.5,0.6075,0.525,0.425,0.475
wine-quality-red,./data/numerical_only/balanced,0.7878944015843963,0.625,0.0,0.0,0.65,0.6075,0.675,0.6,0.75
wine-quality-red,./data/numerical_only/balanced,0.6843995886829428,0.4,0.0,0.0,0.525,0.6075,0.575,0.45,0.6
wine-quality-red,./data/numerical_only/balanced,0.645543112575183,0.75,0.0,0.0,0.7,0.6075,0.65,0.525,0.65
wine-quality-red,./data/numerical_only/balanced,0.7114845697944341,0.725,0.0,0.0,0.7,0.6075,0.6,0.55,0.675
wine-quality-red,./data/numerical_only/balanced,0.7914621213398199,0.5,0.0,0.0,0.4,0.6075,0.65,,0.575
wine-quality-red,./data/numerical_only/balanced,0.5328692605717632,0.55,0.0,0.0,0.5,0.6075,0.5,0.575,0.275
wine-quality-red,./data/numerical_only/balanced,0.6842916174570788,0.6,0.0,0.0,0.575,0.6075,0.475,0.525,0.5
wine-quality-red,./data/numerical_only/balanced,0.577397227506705,0.6,0.0,0.0,0.55,0.6075,0.575,0.6,0.6
wine-quality-red,./data/numerical_only/balanced,0.6584076160372723,0.55,0.0,0.0,0.525,0.6075,0.5,0.475,0.4
wine-quality-red,./data/numerical_only/balanced,0.9883058473645575,0.9,0.0,0.0,0.875,0.6075,0.9,0.825,0.85
wine-quality-red,./data/numerical_only/balanced,0.3974057927556222,0.525,0.0,0.0,0.55,0.6075,0.475,0.5,0.45
wine-quality-red,./data/numerical_only/balanced,0.6193632028508776,0.625,0.0,0.0,0.6,0.6075,0.55,0.375,0.5
wine-quality-red,./data/numerical_only/balanced,0.7013691094501903,0.625,0.0,0.0,0.45,0.6075,0.625,0.65,0.55
wine-quality-red,./data/numerical_only/balanced,0.560136985279269,0.55,0.0,0.0,0.575,0.6075,0.55,0.575,0.55
wine-quality-red,./data/numerical_only/balanced,0.7869887160413652,0.6,0.0,0.0,0.625,0.6075,0.625,0.5,0.575
wine-quality-red,./data/numerical_only/balanced,0.6603196428234294,0.65,0.0,0.0,0.5,0.6075,0.625,0.525,0.375
wine-quality-red,./data/numerical_only/balanced,0.62717920363034,0.45,0.0,0.0,0.525,0.6075,0.55,0.525,0.525
wine-quality-red,./data/numerical_only/balanced,0.5176308831997242,0.675,0.0,0.0,0.575,0.6075,0.625,0.475,0.55
wine-quality-red,./data/numerical_only/balanced,0.4839964589537903,0.55,0.0,0.0,0.5,0.6075,0.525,0.45,0.425
wine-quality-red,./data/numerical_only/balanced,0.6330132158878391,0.55,0.0,0.0,0.55,0.6075,0.45,0.55,0.575
wine-quality-red,./data/numerical_only/balanced,0.6504967192910046,0.6,0.0,0.0,0.5,0.6075,0.625,0.425,0.525
wine-quality-red,./data/numerical_only/balanced,0.67273377285735,0.625,0.0,0.0,0.475,0.6075,0.575,,0.3
wine-quality-red,./data/numerical_only/balanced,0.5315086100783443,0.65,0.0,0.0,0.525,0.6075,0.575,,0.575
maternal,./data/numerical_only/balanced,0.8664684705562242,0.68,0.0,0.0,0.76,0.6811023622047244,0.76,0.76,0.76
maternal,./data/numerical_only/balanced,0.5343464283231741,0.68,0.0,0.0,0.64,0.6811023622047244,0.64,0.64,0.64
maternal,./data/numerical_only/balanced,0.5696650215722728,0.44,0.0,0.0,0.44,0.6811023622047244,0.44,0.44,0.44
maternal,./data/numerical_only/balanced,0.7771879237616257,0.48,0.0,0.0,0.6,0.6811023622047244,0.48,0.36,0.48
maternal,./data/numerical_only/balanced,0.9479264199967886,0.8,0.0,0.0,0.8,0.6811023622047244,0.84,0.8,0.88
maternal,./data/numerical_only/balanced,0.8554050313381887,0.68,0.0,0.0,0.68,0.6811023622047244,0.72,0.36,0.72
maternal,./data/numerical_only/balanced,0.7644945179405878,0.76,0.0,0.0,0.76,0.6811023622047244,0.76,0.76,0.76
maternal,./data/numerical_only/balanced,0.7672331978907292,0.6,0.0,0.0,0.68,0.6811023622047244,0.68,0.56,0.56
maternal,./data/numerical_only/balanced,0.5378217188511432,0.56,0.0,0.0,0.4,0.6811023622047244,0.48,0.48,0.48
maternal,./data/numerical_only/balanced,0.707372006554992,0.52,0.0,0.0,0.48,0.6811023622047244,0.52,0.6,0.44
maternal,./data/numerical_only/balanced,0.8465644558183201,0.72,0.0,0.0,0.64,0.6811023622047244,0.72,0.68,0.64
maternal,./data/numerical_only/balanced,0.7646218231642669,0.52,0.0,0.0,0.6,0.6811023622047244,0.64,0.64,0.52
maternal,./data/numerical_only/balanced,0.9934793892000072,0.76,0.0,0.0,0.72,0.6811023622047244,0.76,0.72,0.76
maternal,./data/numerical_only/balanced,0.5511127926246858,0.52,0.0,0.0,0.6,0.6811023622047244,0.52,0.52,0.52
maternal,./data/numerical_only/balanced,0.9479264199967886,0.8,0.0,0.0,0.8,0.6811023622047244,0.84,0.8,0.84
maternal,./data/numerical_only/balanced,0.5735630374594556,0.48,0.0,0.0,0.48,0.6811023622047244,0.6,0.48,0.52
maternal,./data/numerical_only/balanced,0.9444307559596802,0.68,0.0,0.0,0.6,0.6811023622047244,0.6,0.68,0.68
maternal,./data/numerical_only/balanced,0.7953923609868352,0.56,0.0,0.0,0.6,0.6811023622047244,0.68,0.48,0.64
maternal,./data/numerical_only/balanced,0.5308551493573281,0.48,0.0,0.0,0.52,0.6811023622047244,0.6,0.64,0.6
maternal,./data/numerical_only/balanced,0.5955730538841476,0.56,0.0,0.0,0.68,0.6811023622047244,0.6,0.72,0.72
maternal,./data/numerical_only/balanced,0.5597334896905496,0.44,0.0,0.0,0.44,0.6811023622047244,0.44,0.44,0.44
maternal,./data/numerical_only/balanced,0.7982335922770772,0.72,0.0,0.0,0.8,0.6811023622047244,0.8,0.8,0.72
maternal,./data/numerical_only/balanced,0.4384839522138894,0.56,0.0,0.0,0.52,0.6811023622047244,0.48,0.44,0.52
maternal,./data/numerical_only/balanced,0.5803357134055326,0.48,0.0,0.0,0.44,0.6811023622047244,0.48,0.52,0.48
maternal,./data/numerical_only/balanced,0.6130784800412844,0.48,0.0,0.0,0.48,0.6811023622047244,0.48,0.48,0.48
maternal,./data/numerical_only/balanced,0.6075033439233519,0.44,0.0,0.0,0.52,0.6811023622047244,0.52,0.48,0.44
maternal,./data/numerical_only/balanced,0.7058557313036997,0.52,0.0,0.0,0.64,0.6811023622047244,0.68,0.6,0.6
maternal,./data/numerical_only/balanced,0.8793967678991493,0.8,0.0,0.0,0.8,0.6811023622047244,0.8,0.8,0.8
maternal,./data/numerical_only/balanced,0.943245955977199,0.8,0.0,0.0,0.8,0.6811023622047244,0.84,0.88,0.76
maternal,./data/numerical_only/balanced,0.6819374928412688,0.52,0.0,0.0,0.44,0.6811023622047244,0.52,0.4,0.44
maternal,./data/numerical_only/balanced,0.9479264199967886,0.8,0.0,0.0,0.8,0.6811023622047244,0.84,0.72,0.76
maternal,./data/numerical_only/balanced,0.7091685175975125,0.72,0.0,0.0,0.72,0.6811023622047244,0.72,0.72,0.72
maternal,./data/numerical_only/balanced,0.7111655958816488,0.8,0.0,0.0,0.8,0.6811023622047244,0.8,0.8,0.8
maternal,./data/numerical_only/balanced,0.4782738812501148,0.6,0.0,0.0,0.68,0.6811023622047244,0.64,0.6,0.64
maternal,./data/numerical_only/balanced,0.720428010634846,0.64,0.0,0.0,0.56,0.6811023622047244,0.6,0.48,0.52
maternal,./data/numerical_only/balanced,0.6123070843486438,0.6,0.0,0.0,0.68,0.6811023622047244,0.72,0.8,0.84
maternal,./data/numerical_only/balanced,0.6274976943336217,0.48,0.0,0.0,0.48,0.6811023622047244,0.48,0.52,0.48
maternal,./data/numerical_only/balanced,0.863106613518902,0.68,0.0,0.0,0.68,0.6811023622047244,0.6,0.64,0.68
maternal,./data/numerical_only/balanced,0.720428010634846,0.64,0.0,0.0,0.6,0.6811023622047244,0.6,0.56,0.56
maternal,./data/numerical_only/balanced,0.5511127926246858,0.52,0.0,0.0,0.6,0.6811023622047244,0.52,0.52,0.52
maternal,./data/numerical_only/balanced,0.812162121998361,0.48,0.0,0.0,0.56,0.6811023622047244,0.56,0.44,0.56
maternal,./data/numerical_only/balanced,0.8890256461070895,0.68,0.0,0.0,0.76,0.6811023622047244,0.76,0.76,0.76
maternal,./data/numerical_only/balanced,0.616758187948619,0.48,0.0,0.0,0.48,0.6811023622047244,0.48,0.48,0.48
maternal,./data/numerical_only/balanced,0.7643715375653034,0.8,0.0,0.0,0.8,0.6811023622047244,0.8,0.76,0.76
maternal,./data/numerical_only/balanced,0.7932153463971932,0.56,0.0,0.0,0.52,0.6811023622047244,0.56,0.52,0.52
maternal,./data/numerical_only/balanced,0.6881598411822075,0.84,0.0,0.0,0.8,0.6811023622047244,0.84,0.88,0.76
maternal,./data/numerical_only/balanced,0.9879912835918402,0.72,0.0,0.0,0.64,0.6811023622047244,0.72,0.72,0.72
maternal,./data/numerical_only/balanced,0.5199117922475464,0.64,0.0,0.0,0.64,0.6811023622047244,0.64,0.6,0.64
maternal,./data/numerical_only/balanced,0.6123070843486438,0.6,0.0,0.0,0.8,0.6811023622047244,0.72,0.76,0.84
maternal,./data/numerical_only/balanced,0.6023400393158425,0.76,0.0,0.0,0.76,0.6811023622047244,0.84,0.68,0.68
