dataset,num_and_cat,time_lux_ablation,time_lux_pure,time_lux_proba,time_lux_shap,time_explan,time_lore,time_anchor
yeast,./data/numerical_only/balanced,0.18220138549804688,0.0,0.0,50.75152230262756,,3.6730594635009766,0.1390070915222168
yeast,./data/numerical_only/balanced,0.12449288368225098,0.0,0.0,78.78549098968506,,3.3940248489379883,0.18599605560302734
yeast,./data/numerical_only/balanced,0.18289685249328613,0.0,0.0,64.96565890312195,,3.441376209259033,0.18789887428283691
yeast,./data/numerical_only/balanced,0.14793658256530762,0.0,0.0,0.0,,3.5092344284057617,0.2079777717590332
yeast,./data/numerical_only/balanced,0.2944803237915039,0.0,0.0,48.11505317687988,,3.5881338119506836,0.2856297492980957
yeast,./data/numerical_only/balanced,0.1687479019165039,0.0,0.0,53.66570830345154,,3.758713960647583,0.1023552417755127
yeast,./data/numerical_only/balanced,0.17616629600524902,0.0,0.0,47.69820213317871,,3.901275157928467,0.25899338722229004
yeast,./data/numerical_only/balanced,0.19352126121520996,0.0,0.0,71.23653793334961,,4.006901741027832,0.16649603843688965
yeast,./data/numerical_only/balanced,0.14662480354309082,0.0,0.0,69.92417407035828,,3.7147598266601562,0.3533620834350586
yeast,./data/numerical_only/balanced,0.14212989807128906,0.0,0.0,117.91912031173706,,3.5928895473480225,0.23971223831176758
yeast,./data/numerical_only/balanced,0.1311652660369873,0.0,0.0,0.0,,3.533296823501587,0.25528955459594727
yeast,./data/numerical_only/balanced,0.1722869873046875,0.0,0.0,56.51098442077637,,3.671672821044922,0.24651622772216797
yeast,./data/numerical_only/balanced,0.1859748363494873,0.0,0.0,64.83924770355225,,3.5375425815582275,0.10016655921936035
yeast,./data/numerical_only/balanced,0.14279484748840332,0.0,0.0,106.70061039924622,,3.620922088623047,0.25810980796813965
yeast,./data/numerical_only/balanced,0.19223737716674805,0.0,0.0,57.842628955841064,,3.522886276245117,0.1792755126953125
yeast,./data/numerical_only/balanced,0.18106436729431152,0.0,0.0,42.107125997543335,,3.5864856243133545,0.218214750289917
yeast,./data/numerical_only/balanced,0.22348284721374512,0.0,0.0,26.066388607025146,,3.8433640003204346,0.37621164321899414
yeast,./data/numerical_only/balanced,0.2042524814605713,0.0,0.0,30.930498838424683,,3.8438665866851807,0.5244588851928711
yeast,./data/numerical_only/balanced,0.17345213890075684,0.0,0.0,100.3203992843628,,3.681490421295166,0.21663260459899902
yeast,./data/numerical_only/balanced,0.17980575561523438,0.0,0.0,47.448954582214355,,3.4621150493621826,0.2652106285095215
yeast,./data/numerical_only/balanced,0.16880083084106445,0.0,0.0,62.15637516975403,,3.5663418769836426,0.1609973907470703
yeast,./data/numerical_only/balanced,0.16233301162719727,0.0,0.0,45.40542507171631,,3.6752231121063232,0.25034523010253906
yeast,./data/numerical_only/balanced,0.1396341323852539,0.0,0.0,108.51216053962708,,3.359285831451416,0.15357017517089844
yeast,./data/numerical_only/balanced,0.17548632621765137,0.0,0.0,67.3354880809784,,3.8020100593566895,0.28641462326049805
yeast,./data/numerical_only/balanced,0.2124621868133545,0.0,0.0,78.51590728759766,,3.998757839202881,0.25075531005859375
yeast,./data/numerical_only/balanced,0.20257329940795898,0.0,0.0,52.44777035713196,,3.708500862121582,0.11716890335083008
yeast,./data/numerical_only/balanced,0.1473536491394043,0.0,0.0,67.08798313140869,,3.4965600967407227,0.09486579895019531
yeast,./data/numerical_only/balanced,0.1389460563659668,0.0,0.0,122.86583685874939,,3.753563165664673,0.19887185096740723
yeast,./data/numerical_only/balanced,0.16411781311035156,0.0,0.0,79.91267585754395,,3.475087881088257,0.24062013626098633
yeast,./data/numerical_only/balanced,0.1679379940032959,0.0,0.0,80.2584855556488,,3.824277400970459,0.2164304256439209
yeast,./data/numerical_only/balanced,0.1448061466217041,0.0,0.0,66.40783214569092,,3.7552402019500732,0.20998477935791016
yeast,./data/numerical_only/balanced,0.15965652465820312,0.0,0.0,38.25816988945007,,3.5856027603149414,0.2558445930480957
yeast,./data/numerical_only/balanced,0.18123269081115723,0.0,0.0,62.80572962760925,,3.632964849472046,0.17543864250183105
yeast,./data/numerical_only/balanced,0.22605347633361816,0.0,0.0,54.07039284706116,,3.750845432281494,0.20328140258789062
yeast,./data/numerical_only/balanced,0.23916268348693848,0.0,0.0,28.175695419311523,,3.8751049041748047,0.35062551498413086
yeast,./data/numerical_only/balanced,0.16795134544372559,0.0,0.0,37.047104358673096,,3.6561529636383057,0.2336721420288086
yeast,./data/numerical_only/balanced,0.09206509590148926,0.0,0.0,71.03825736045837,,3.394479274749756,0.1695704460144043
yeast,./data/numerical_only/balanced,0.34372425079345703,0.0,0.0,98.10794448852539,,3.826669692993164,0.2543516159057617
yeast,./data/numerical_only/balanced,0.19951844215393066,0.0,0.0,67.42193627357483,,3.311723470687866,0.11173820495605469
yeast,./data/numerical_only/balanced,0.1820685863494873,0.0,0.0,106.69304490089417,,3.5810015201568604,0.21564531326293945
yeast,./data/numerical_only/balanced,0.19751381874084473,0.0,0.0,67.36743235588074,,3.77988338470459,0.15563130378723145
yeast,./data/numerical_only/balanced,0.18853998184204102,0.0,0.0,58.50590133666992,,3.448806047439575,0.19737696647644043
yeast,./data/numerical_only/balanced,0.1277773380279541,0.0,0.0,84.56948351860046,,3.401271104812622,0.18118715286254883
yeast,./data/numerical_only/balanced,0.1400127410888672,0.0,0.0,66.31290650367737,,3.761514902114868,0.28743791580200195
yeast,./data/numerical_only/balanced,0.17498135566711426,0.0,0.0,82.5292296409607,,3.8432140350341797,0.2801694869995117
yeast,./data/numerical_only/balanced,0.12888097763061523,0.0,0.0,80.19147944450378,,3.486294984817505,0.1849822998046875
yeast,./data/numerical_only/balanced,0.18277263641357422,0.0,0.0,57.0815155506134,,3.662799119949341,0.2595853805541992
yeast,./data/numerical_only/balanced,0.16097164154052734,0.0,0.0,52.230633020401,,3.475167751312256,0.2049572467803955
rmftsa,./data/numerical_only/balanced,0.043099164962768555,0.0,0.0,2.941934823989868,,2.346475839614868,0.05259275436401367
rmftsa,./data/numerical_only/balanced,0.04722285270690918,0.0,0.0,3.1208362579345703,,2.231339454650879,0.04616594314575195
rmftsa,./data/numerical_only/balanced,0.053250789642333984,0.0,0.0,2.3341593742370605,,2.2765583992004395,0.06496667861938477
rmftsa,./data/numerical_only/balanced,0.05054879188537598,0.0,0.0,3.6890060901641846,,2.3012702465057373,0.06393599510192871
rmftsa,./data/numerical_only/balanced,0.031800031661987305,0.0,0.0,9.566811084747314,,2.240032911300659,0.05494976043701172
rmftsa,./data/numerical_only/balanced,0.031076669692993164,0.0,0.0,2.822605609893799,,2.2524008750915527,0.05806255340576172
rmftsa,./data/numerical_only/balanced,0.0404207706451416,0.0,0.0,3.9774909019470215,,2.2871499061584473,0.033548593521118164
rmftsa,./data/numerical_only/balanced,0.03303813934326172,0.0,0.0,4.46282172203064,,2.3200204372406006,0.05264925956726074
rmftsa,./data/numerical_only/balanced,0.04942512512207031,0.0,0.0,2.392688751220703,,2.3112294673919678,0.06766557693481445
rmftsa,./data/numerical_only/balanced,0.03223228454589844,0.0,0.0,9.092732191085815,,2.3089563846588135,0.05511760711669922
rmftsa,./data/numerical_only/balanced,0.03453564643859863,0.0,0.0,10.071897745132446,,2.3231050968170166,0.0532224178314209
rmftsa,./data/numerical_only/balanced,0.047594308853149414,0.0,0.0,3.1736228466033936,,2.2667479515075684,0.045828819274902344
rmftsa,./data/numerical_only/balanced,0.044779300689697266,0.0,0.0,3.3536226749420166,,2.230942487716675,0.05022692680358887
rmftsa,./data/numerical_only/balanced,0.041181087493896484,0.0,0.0,3.567119836807251,,2.46533465385437,0.05320477485656738
rmftsa,./data/numerical_only/balanced,0.03262066841125488,0.0,0.0,8.33814287185669,,2.3923182487487793,0.05304455757141113
rmftsa,./data/numerical_only/balanced,0.04210543632507324,0.0,0.0,2.549309492111206,,2.420201063156128,0.047200679779052734
rmftsa,./data/numerical_only/balanced,0.04899454116821289,0.0,0.0,2.318601131439209,,2.4302332401275635,0.05117321014404297
rmftsa,./data/numerical_only/balanced,0.029462337493896484,0.0,0.0,8.967393398284912,,2.3670654296875,0.05725717544555664
rmftsa,./data/numerical_only/balanced,0.038649797439575195,0.0,0.0,4.361372232437134,,2.2591710090637207,0.04290437698364258
rmftsa,./data/numerical_only/balanced,0.03159451484680176,0.0,0.0,10.052882194519043,,2.372324228286743,0.058413028717041016
rmftsa,./data/numerical_only/balanced,0.030491352081298828,0.0,0.0,3.7335383892059326,,2.4313876628875732,0.056391239166259766
rmftsa,./data/numerical_only/balanced,0.040396928787231445,0.0,0.0,2.6062088012695312,,2.439176321029663,0.05303168296813965
rmftsa,./data/numerical_only/balanced,0.04157447814941406,0.0,0.0,3.035814046859741,,2.212721586227417,0.05678534507751465
rmftsa,./data/numerical_only/balanced,0.02783679962158203,0.0,0.0,9.198719263076782,,2.4058127403259277,0.0454404354095459
rmftsa,./data/numerical_only/balanced,0.043326377868652344,0.0,0.0,1.9504213333129883,,2.272801399230957,0.058159589767456055
rmftsa,./data/numerical_only/balanced,0.041538238525390625,0.0,0.0,3.338881731033325,,2.2547311782836914,0.058556556701660156
rmftsa,./data/numerical_only/balanced,0.036235809326171875,0.0,0.0,3.6396403312683105,,2.2514305114746094,0.05036616325378418
rmftsa,./data/numerical_only/balanced,0.05173826217651367,0.0,0.0,3.3356316089630127,,2.2975096702575684,0.054555654525756836
rmftsa,./data/numerical_only/balanced,0.03419923782348633,0.0,0.0,4.647832632064819,,2.2585010528564453,0.04609179496765137
rmftsa,./data/numerical_only/balanced,0.04693412780761719,0.0,0.0,7.824203729629517,,2.312215805053711,0.05083155632019043
rmftsa,./data/numerical_only/balanced,0.051807403564453125,0.0,0.0,4.724499940872192,,2.2722959518432617,0.04853320121765137
rmftsa,./data/numerical_only/balanced,0.04661226272583008,0.0,0.0,3.314962863922119,,2.304481267929077,0.047777652740478516
rmftsa,./data/numerical_only/balanced,0.04003095626831055,0.0,0.0,3.7941994667053223,,2.239037275314331,0.06071615219116211
rmftsa,./data/numerical_only/balanced,0.04090595245361328,0.0,0.0,4.235285758972168,,2.3289194107055664,0.04111957550048828
rmftsa,./data/numerical_only/balanced,0.0404362678527832,0.0,0.0,5.680396556854248,,2.337214469909668,0.05286836624145508
rmftsa,./data/numerical_only/balanced,0.04646635055541992,0.0,0.0,3.5297253131866455,,2.314807176589966,0.048543691635131836
rmftsa,./data/numerical_only/balanced,0.03257632255554199,0.0,0.0,4.528733491897583,,2.429896831512451,0.04706740379333496
rmftsa,./data/numerical_only/balanced,0.04108381271362305,0.0,0.0,3.6266913414001465,,2.46505069732666,0.05242776870727539
rmftsa,./data/numerical_only/balanced,0.033652305603027344,0.0,0.0,10.084584712982178,,2.360852003097534,0.04955863952636719
rmftsa,./data/numerical_only/balanced,0.0556485652923584,0.0,0.0,3.558830976486206,,2.4136219024658203,0.03292679786682129
rmftsa,./data/numerical_only/balanced,0.04647111892700195,0.0,0.0,4.282237529754639,,2.3243114948272705,0.03364419937133789
rmftsa,./data/numerical_only/balanced,0.04521322250366211,0.0,0.0,4.386495113372803,,2.2529470920562744,0.04095578193664551
rmftsa,./data/numerical_only/balanced,0.040081024169921875,0.0,0.0,3.7370104789733887,,2.3385589122772217,0.05734062194824219
rmftsa,./data/numerical_only/balanced,0.0512080192565918,0.0,0.0,3.4314911365509033,,2.2392003536224365,0.05462765693664551
rmftsa,./data/numerical_only/balanced,0.03741455078125,0.0,0.0,3.6360530853271484,,2.3061676025390625,0.06596612930297852
rmftsa,./data/numerical_only/balanced,0.03364992141723633,0.0,0.0,9.093011140823364,,2.2614946365356445,0.05658388137817383
rmftsa,./data/numerical_only/balanced,0.03772401809692383,0.0,0.0,3.7744529247283936,,2.3761098384857178,0.04903817176818848
rmftsa,./data/numerical_only/balanced,0.045166730880737305,0.0,0.0,6.321447134017944,,2.281583309173584,0.04633355140686035
rmftsa,./data/numerical_only/balanced,0.05248522758483887,0.0,0.0,3.5849335193634033,,2.3133010864257812,0.06910347938537598
rmftsa,./data/numerical_only/balanced,0.04592776298522949,0.0,0.0,3.819597005844116,,2.2203049659729004,0.05552554130554199
banknote-authentication,./data/numerical_only/balanced,0.04140830039978027,0.0,0.0,10.621745109558105,0.7091360092163086,2.5139527320861816,0.10602831840515137
banknote-authentication,./data/numerical_only/balanced,0.03910565376281738,0.0,0.0,9.729904174804688,0.39776039123535156,2.4709231853485107,0.09038901329040527
banknote-authentication,./data/numerical_only/balanced,0.03657388687133789,0.0,0.0,11.124729633331299,0.4854295253753662,2.560950517654419,0.10201478004455566
banknote-authentication,./data/numerical_only/balanced,0.08145308494567871,0.0,0.0,9.678689241409302,0.8210022449493408,2.4901371002197266,0.10818934440612793
banknote-authentication,./data/numerical_only/balanced,0.06666922569274902,0.0,0.0,7.5316548347473145,0.7783136367797852,2.5154645442962646,0.10346865653991699
banknote-authentication,./data/numerical_only/balanced,0.06595230102539062,0.0,0.0,8.942009687423706,0.7340707778930664,2.4914016723632812,0.09588265419006348
banknote-authentication,./data/numerical_only/balanced,0.0600132942199707,0.0,0.0,9.502307176589966,0.5253946781158447,2.628251314163208,0.10466837882995605
banknote-authentication,./data/numerical_only/balanced,0.04166603088378906,0.0,0.0,8.447498559951782,0.8871769905090332,2.5112040042877197,0.0924522876739502
banknote-authentication,./data/numerical_only/balanced,0.06565570831298828,0.0,0.0,7.8086090087890625,0.7765164375305176,2.422548294067383,0.10924291610717773
banknote-authentication,./data/numerical_only/balanced,0.03587222099304199,0.0,0.0,8.150895357131958,0.6540067195892334,2.5037245750427246,0.08693480491638184
banknote-authentication,./data/numerical_only/balanced,0.05472159385681152,0.0,0.0,6.827495574951172,1.3458411693572998,2.5648202896118164,0.12060332298278809
banknote-authentication,./data/numerical_only/balanced,0.03672051429748535,0.0,0.0,8.125145196914673,0.5232932567596436,2.476682186126709,0.10035872459411621
banknote-authentication,./data/numerical_only/balanced,0.04269909858703613,0.0,0.0,9.037999868392944,0.8026003837585449,2.4618000984191895,0.09457659721374512
banknote-authentication,./data/numerical_only/balanced,0.048745155334472656,0.0,0.0,7.209688901901245,0.5773351192474365,2.569680690765381,0.12277913093566895
banknote-authentication,./data/numerical_only/balanced,0.04982256889343262,0.0,0.0,11.131210088729858,0.7836644649505615,2.462721109390259,0.10571980476379395
banknote-authentication,./data/numerical_only/balanced,0.05837655067443848,0.0,0.0,11.361542224884033,0.7725248336791992,2.521247386932373,0.09389162063598633
banknote-authentication,./data/numerical_only/balanced,0.04924297332763672,0.0,0.0,10.266262292861938,0.7716658115386963,2.4798645973205566,0.09142947196960449
banknote-authentication,./data/numerical_only/balanced,0.06801104545593262,0.0,0.0,6.656413793563843,0.7146210670471191,2.504845380783081,0.1403357982635498
banknote-authentication,./data/numerical_only/balanced,0.035427093505859375,0.0,0.0,7.195754051208496,0.4560258388519287,2.468228578567505,0.09270620346069336
banknote-authentication,./data/numerical_only/balanced,0.03831195831298828,0.0,0.0,7.247542142868042,0.6229422092437744,2.4839260578155518,0.1036539077758789
banknote-authentication,./data/numerical_only/balanced,0.05863070487976074,0.0,0.0,6.520622968673706,0.515434741973877,2.4900405406951904,0.10221982002258301
banknote-authentication,./data/numerical_only/balanced,0.0750272274017334,0.0,0.0,8.129647970199585,0.47895312309265137,2.514164924621582,0.10812163352966309
banknote-authentication,./data/numerical_only/balanced,0.03706169128417969,0.0,0.0,7.072293043136597,0.4389679431915283,2.4792962074279785,0.09055256843566895
banknote-authentication,./data/numerical_only/balanced,0.03698539733886719,0.0,0.0,10.476388454437256,0.7775769233703613,2.538755178451538,0.08309149742126465
banknote-authentication,./data/numerical_only/balanced,0.057431697845458984,0.0,0.0,6.680443286895752,0.5950088500976562,2.4585230350494385,0.11899375915527344
banknote-authentication,./data/numerical_only/balanced,0.0385591983795166,0.0,0.0,9.602262496948242,0.7678606510162354,2.5405027866363525,0.09096527099609375
banknote-authentication,./data/numerical_only/balanced,0.056185007095336914,0.0,0.0,11.013312101364136,0.462557315826416,2.428853750228882,0.09467506408691406
banknote-authentication,./data/numerical_only/balanced,0.03715229034423828,0.0,0.0,8.743046760559082,0.44159865379333496,2.642866611480713,0.09578084945678711
banknote-authentication,./data/numerical_only/balanced,0.04754352569580078,0.0,0.0,9.788263320922852,0.6553928852081299,2.545477867126465,0.09336376190185547
banknote-authentication,./data/numerical_only/balanced,0.05122184753417969,0.0,0.0,9.03782033920288,0.6190240383148193,2.5597848892211914,0.09427118301391602
banknote-authentication,./data/numerical_only/balanced,0.03590583801269531,0.0,0.0,12.915930271148682,0.4192790985107422,2.5277812480926514,0.10077977180480957
banknote-authentication,./data/numerical_only/balanced,0.043738603591918945,0.0,0.0,8.989169836044312,0.7119631767272949,2.719639539718628,0.09948134422302246
banknote-authentication,./data/numerical_only/balanced,0.07128739356994629,0.0,0.0,6.390623092651367,1.316525936126709,2.486870050430298,0.13056612014770508
banknote-authentication,./data/numerical_only/balanced,0.041880130767822266,0.0,0.0,16.54232168197632,0.8917202949523926,2.5606720447540283,0.09362053871154785
banknote-authentication,./data/numerical_only/balanced,0.05785346031188965,0.0,0.0,11.936456203460693,0.5818018913269043,2.4866013526916504,0.09947443008422852
banknote-authentication,./data/numerical_only/balanced,0.04124164581298828,0.0,0.0,13.506358623504639,0.7627139091491699,2.5032451152801514,0.08911800384521484
banknote-authentication,./data/numerical_only/balanced,0.03975057601928711,0.0,0.0,11.719568490982056,0.6504168510437012,2.483765125274658,0.09821343421936035
banknote-authentication,./data/numerical_only/balanced,0.05460166931152344,0.0,0.0,11.751710176467896,0.761101245880127,2.616626262664795,0.10762953758239746
banknote-authentication,./data/numerical_only/balanced,0.04173159599304199,0.0,0.0,9.770328521728516,0.5769200325012207,2.46022891998291,0.09949707984924316
banknote-authentication,./data/numerical_only/balanced,0.042218923568725586,0.0,0.0,14.834995031356812,1.0714783668518066,2.497983694076538,0.10124635696411133
banknote-authentication,./data/numerical_only/balanced,0.04404425621032715,0.0,0.0,11.996084928512573,0.6012856960296631,2.4195902347564697,0.09410572052001953
banknote-authentication,./data/numerical_only/balanced,0.05924844741821289,0.0,0.0,7.240050315856934,0.878626823425293,2.4993717670440674,0.0925588607788086
banknote-authentication,./data/numerical_only/balanced,0.06520533561706543,0.0,0.0,6.496997833251953,0.734722375869751,2.5462570190429688,0.1352372169494629
banknote-authentication,./data/numerical_only/balanced,0.06620192527770996,0.0,0.0,8.104196548461914,0.6532461643218994,2.4957361221313477,0.12584304809570312
banknote-authentication,./data/numerical_only/balanced,0.05454587936401367,0.0,0.0,11.019055366516113,0.7665178775787354,2.5335257053375244,0.09989762306213379
banknote-authentication,./data/numerical_only/balanced,0.048410654067993164,0.0,0.0,7.3440868854522705,0.5761175155639648,2.640986919403076,0.09305834770202637
banknote-authentication,./data/numerical_only/balanced,0.03723502159118652,0.0,0.0,10.711061239242554,0.6428399085998535,2.481755018234253,0.07657027244567871
banknote-authentication,./data/numerical_only/balanced,0.04902529716491699,0.0,0.0,10.051015138626099,0.8521184921264648,2.600712299346924,0.13122940063476562
banknote-authentication,./data/numerical_only/balanced,0.042677879333496094,0.0,0.0,9.666000366210938,0.6324284076690674,2.591581344604492,0.08437561988830566
banknote-authentication,./data/numerical_only/balanced,0.06984376907348633,0.0,0.0,9.98147439956665,0.9136581420898438,2.561183452606201,0.1305403709411621
volcanoes-a2,./data/numerical_only/balanced,0.05209660530090332,0.0,0.0,18.93088674545288,0.8643348217010498,2.116051197052002,0.056879281997680664
volcanoes-a2,./data/numerical_only/balanced,0.046652793884277344,0.0,0.0,22.833471298217773,1.1248369216918945,,0.06831717491149902
volcanoes-a2,./data/numerical_only/balanced,0.05093264579772949,0.0,0.0,11.634231567382812,0.9800949096679688,2.4289636611938477,0.0679922103881836
volcanoes-a2,./data/numerical_only/balanced,0.04057168960571289,0.0,0.0,15.769473314285278,1.452380895614624,2.2882442474365234,0.0505831241607666
volcanoes-a2,./data/numerical_only/balanced,0.039998769760131836,0.0,0.0,15.493554592132568,1.0065534114837646,2.3702592849731445,0.09032225608825684
volcanoes-a2,./data/numerical_only/balanced,0.04000401496887207,0.0,0.0,13.071655988693237,0.8477771282196045,,0.06793069839477539
volcanoes-a2,./data/numerical_only/balanced,0.048911094665527344,0.0,0.0,11.064623832702637,0.8179831504821777,2.4946887493133545,0.05386042594909668
volcanoes-a2,./data/numerical_only/balanced,0.03937840461730957,0.0,0.0,18.194403409957886,0.9177820682525635,,0.05652952194213867
volcanoes-a2,./data/numerical_only/balanced,0.04109048843383789,0.0,0.0,17.441595315933228,0.9461994171142578,,0.07304883003234863
volcanoes-a2,./data/numerical_only/balanced,0.04749608039855957,0.0,0.0,19.013832092285156,1.4822211265563965,2.3233466148376465,0.053922414779663086
volcanoes-a2,./data/numerical_only/balanced,0.0846254825592041,0.0,0.0,18.658565044403076,1.1483120918273926,,0.03683662414550781
volcanoes-a2,./data/numerical_only/balanced,0.046271324157714844,0.0,0.0,19.631707668304443,0.7342426776885986,,0.05072379112243652
volcanoes-a2,./data/numerical_only/balanced,0.07597136497497559,0.0,0.0,16.150323390960693,1.999295711517334,2.36757230758667,0.07210063934326172
volcanoes-a2,./data/numerical_only/balanced,0.04096865653991699,0.0,0.0,14.572005033493042,1.1108176708221436,2.4900872707366943,0.0738370418548584
volcanoes-a2,./data/numerical_only/balanced,0.04221630096435547,0.0,0.0,13.655197858810425,0.9159731864929199,,0.05137348175048828
volcanoes-a2,./data/numerical_only/balanced,0.0439600944519043,0.0,0.0,19.163432836532593,0.9005634784698486,,0.051641225814819336
volcanoes-a2,./data/numerical_only/balanced,0.044489145278930664,0.0,0.0,23.30182719230652,0.7699191570281982,,0.05174732208251953
volcanoes-a2,./data/numerical_only/balanced,0.04705810546875,0.0,0.0,17.388124704360962,1.0366394519805908,,0.0518338680267334
volcanoes-a2,./data/numerical_only/balanced,0.0402979850769043,0.0,0.0,18.57277250289917,0.8540680408477783,,0.05159902572631836
volcanoes-a2,./data/numerical_only/balanced,0.04303169250488281,0.0,0.0,24.900712966918945,1.2524540424346924,,0.05276036262512207
volcanoes-a2,./data/numerical_only/balanced,0.04314255714416504,0.0,0.0,19.611229181289673,0.7999441623687744,,0.050668954849243164
volcanoes-a2,./data/numerical_only/balanced,0.04318523406982422,0.0,0.0,21.356954097747803,0.887352705001831,2.1181321144104004,0.06258106231689453
volcanoes-a2,./data/numerical_only/balanced,0.046759843826293945,0.0,0.0,14.562591075897217,1.0158512592315674,,0.051676273345947266
volcanoes-a2,./data/numerical_only/balanced,0.052385568618774414,0.0,0.0,10.496033430099487,1.0638301372528076,,0.05283641815185547
volcanoes-a2,./data/numerical_only/balanced,0.040163278579711914,0.0,0.0,23.403886556625366,,2.419208288192749,0.054668426513671875
volcanoes-a2,./data/numerical_only/balanced,0.04314684867858887,0.0,0.0,19.2881281375885,0.775599479675293,,0.05269908905029297
volcanoes-a2,./data/numerical_only/balanced,0.05085492134094238,0.0,0.0,19.06760311126709,,,0.05165219306945801
volcanoes-a2,./data/numerical_only/balanced,0.04747724533081055,0.0,0.0,17.713385581970215,0.7145199775695801,,0.056890249252319336
volcanoes-a2,./data/numerical_only/balanced,0.04228401184082031,0.0,0.0,19.120115041732788,1.3363397121429443,2.3329310417175293,0.05428194999694824
volcanoes-a2,./data/numerical_only/balanced,0.04791617393493652,0.0,0.0,19.66284942626953,0.7908282279968262,,0.0555109977722168
volcanoes-a2,./data/numerical_only/balanced,0.047091007232666016,0.0,0.0,17.95900249481201,1.0908071994781494,,0.05553603172302246
volcanoes-a2,./data/numerical_only/balanced,0.04124784469604492,0.0,0.0,15.118306159973145,1.0208497047424316,,0.05239701271057129
volcanoes-a2,./data/numerical_only/balanced,0.04453134536743164,0.0,0.0,18.062265396118164,0.6389436721801758,2.4789626598358154,0.05107593536376953
volcanoes-a2,./data/numerical_only/balanced,0.04032182693481445,0.0,0.0,15.556440830230713,1.517836570739746,,0.05430197715759277
volcanoes-a2,./data/numerical_only/balanced,0.04810619354248047,0.0,0.0,19.49622344970703,,2.4444432258605957,0.05455422401428223
volcanoes-a2,./data/numerical_only/balanced,0.0417177677154541,0.0,0.0,10.734068870544434,0.696019172668457,,0.0514066219329834
volcanoes-a2,./data/numerical_only/balanced,0.040566205978393555,0.0,0.0,26.56169366836548,0.7379248142242432,2.36738920211792,0.055557966232299805
volcanoes-a2,./data/numerical_only/balanced,0.09438252449035645,0.0,0.0,5.603318452835083,0.8737256526947021,2.45039701461792,0.11191129684448242
volcanoes-a2,./data/numerical_only/balanced,0.03813314437866211,0.0,0.0,19.982008457183838,1.0935068130493164,,0.0558009147644043
volcanoes-a2,./data/numerical_only/balanced,0.048618316650390625,0.0,0.0,22.233187198638916,0.7770752906799316,,0.07307076454162598
volcanoes-a2,./data/numerical_only/balanced,0.04582667350769043,0.0,0.0,19.47366738319397,0.8501620292663574,,0.0543363094329834
volcanoes-a2,./data/numerical_only/balanced,0.04177117347717285,0.0,0.0,18.424105644226074,1.0716431140899658,,0.05278444290161133
volcanoes-a2,./data/numerical_only/balanced,0.04077553749084473,0.0,0.0,10.799381494522095,1.0201327800750732,2.4690191745758057,0.06930041313171387
volcanoes-a2,./data/numerical_only/balanced,0.04712057113647461,0.0,0.0,14.562597751617432,0.9351301193237305,2.476358652114868,0.05249834060668945
volcanoes-a2,./data/numerical_only/balanced,0.040819644927978516,0.0,0.0,15.637802600860596,1.4754645824432373,,0.05267930030822754
volcanoes-a2,./data/numerical_only/balanced,0.09307312965393066,0.0,0.0,5.79253363609314,1.1471247673034668,2.5017647743225098,0.10498952865600586
volcanoes-a2,./data/numerical_only/balanced,0.03717851638793945,0.0,0.0,18.075164318084717,0.6978340148925781,,0.05045890808105469
volcanoes-a2,./data/numerical_only/balanced,0.04142451286315918,0.0,0.0,19.39943838119507,1.071528673171997,,0.07115578651428223
volcanoes-a2,./data/numerical_only/balanced,0.040463924407958984,0.0,0.0,12.614114999771118,1.0278100967407227,2.524578809738159,0.06800222396850586
volcanoes-a2,./data/numerical_only/balanced,0.045975685119628906,0.0,0.0,15.042094945907593,0.9129793643951416,,0.06740093231201172
volcanoes-a3,./data/numerical_only/balanced,0.0619356632232666,0.0,0.0,10.516313076019287,0.7375683784484863,,0.051515817642211914
volcanoes-a3,./data/numerical_only/balanced,0.053504228591918945,0.0,0.0,17.382542848587036,0.7187213897705078,,0.06685161590576172
volcanoes-a3,./data/numerical_only/balanced,0.07653403282165527,0.0,0.0,8.38971471786499,1.0477683544158936,,0.05300736427307129
volcanoes-a3,./data/numerical_only/balanced,0.047959089279174805,0.0,0.0,20.37395715713501,1.6194367408752441,,0.07691335678100586
volcanoes-a3,./data/numerical_only/balanced,0.05630850791931152,0.0,0.0,24.374050855636597,0.8724203109741211,,0.07791399955749512
volcanoes-a3,./data/numerical_only/balanced,0.13155293464660645,0.0,0.0,22.023334741592407,2.2907044887542725,,0.06778955459594727
volcanoes-a3,./data/numerical_only/balanced,0.08055615425109863,0.0,0.0,15.4291512966156,0.9545853137969971,2.6481971740722656,0.0699315071105957
volcanoes-a3,./data/numerical_only/balanced,0.044086456298828125,0.0,0.0,22.755591869354248,0.8073787689208984,2.8405208587646484,0.056952476501464844
volcanoes-a3,./data/numerical_only/balanced,0.06282448768615723,0.0,0.0,13.25011157989502,1.446505069732666,,0.0542302131652832
volcanoes-a3,./data/numerical_only/balanced,0.04231739044189453,0.0,0.0,12.46093201637268,0.8758044242858887,2.4712369441986084,0.06662178039550781
volcanoes-a3,./data/numerical_only/balanced,0.04478955268859863,0.0,0.0,13.986180067062378,1.2991161346435547,2.42633056640625,0.07234430313110352
volcanoes-a3,./data/numerical_only/balanced,0.05585765838623047,0.0,0.0,6.512723207473755,0.824866771697998,,0.09239816665649414
volcanoes-a3,./data/numerical_only/balanced,0.03922247886657715,0.0,0.0,11.870182037353516,0.6910429000854492,2.503263473510742,0.08364415168762207
volcanoes-a3,./data/numerical_only/balanced,0.05547523498535156,0.0,0.0,8.507773876190186,0.8353996276855469,2.46724271774292,0.05858778953552246
volcanoes-a3,./data/numerical_only/balanced,0.04169201850891113,0.0,0.0,14.294909238815308,2.1861250400543213,2.6411120891571045,0.08943963050842285
volcanoes-a3,./data/numerical_only/balanced,0.0470585823059082,0.0,0.0,16.135122537612915,0.835465669631958,2.4894189834594727,0.08651137351989746
volcanoes-a3,./data/numerical_only/balanced,0.03935813903808594,0.0,0.0,11.260199546813965,0.9755682945251465,,0.0653996467590332
volcanoes-a3,./data/numerical_only/balanced,0.04989314079284668,0.0,0.0,13.021003723144531,1.2012226581573486,2.504516124725342,0.052332401275634766
volcanoes-a3,./data/numerical_only/balanced,0.04425811767578125,0.0,0.0,19.493200302124023,0.8572080135345459,2.458859920501709,0.05033397674560547
volcanoes-a3,./data/numerical_only/balanced,0.05232858657836914,0.0,0.0,11.366517305374146,1.0124027729034424,2.4440319538116455,0.06981873512268066
volcanoes-a3,./data/numerical_only/balanced,0.03890657424926758,0.0,0.0,13.009697914123535,0.8761498928070068,,0.05581545829772949
volcanoes-a3,./data/numerical_only/balanced,0.04683709144592285,0.0,0.0,13.336480379104614,0.7537705898284912,2.3847410678863525,0.06856346130371094
volcanoes-a3,./data/numerical_only/balanced,0.04276728630065918,0.0,0.0,12.905420064926147,1.4137928485870361,,0.05116915702819824
volcanoes-a3,./data/numerical_only/balanced,0.06531047821044922,0.0,0.0,15.22781229019165,0.8220877647399902,,0.05173492431640625
volcanoes-a3,./data/numerical_only/balanced,0.04630279541015625,0.0,0.0,18.0841281414032,0.8547694683074951,,0.051493167877197266
volcanoes-a3,./data/numerical_only/balanced,0.04484820365905762,0.0,0.0,13.821767330169678,0.8293085098266602,2.47065806388855,0.052607059478759766
volcanoes-a3,./data/numerical_only/balanced,0.0620121955871582,0.0,0.0,12.200837850570679,1.0036206245422363,2.3004150390625,0.05896449089050293
volcanoes-a3,./data/numerical_only/balanced,0.04831838607788086,0.0,0.0,12.912254810333252,1.0489814281463623,2.4456653594970703,0.052251338958740234
volcanoes-a3,./data/numerical_only/balanced,0.04556083679199219,0.0,0.0,13.569175720214844,0.9455831050872803,,0.05150341987609863
volcanoes-a3,./data/numerical_only/balanced,0.04682564735412598,0.0,0.0,13.855576038360596,0.9467692375183105,2.4690067768096924,0.06830120086669922
volcanoes-a3,./data/numerical_only/balanced,0.04668235778808594,0.0,0.0,18.94973874092102,0.8309547901153564,,0.05165576934814453
volcanoes-a3,./data/numerical_only/balanced,0.03991270065307617,0.0,0.0,17.407145977020264,0.9659602642059326,2.524904727935791,0.05227208137512207
volcanoes-a3,./data/numerical_only/balanced,0.08532571792602539,0.0,0.0,9.296097755432129,0.7947990894317627,2.4666364192962646,0.09036540985107422
volcanoes-a3,./data/numerical_only/balanced,0.03688192367553711,0.0,0.0,12.427526473999023,1.2922937870025635,,0.06733512878417969
volcanoes-a3,./data/numerical_only/balanced,0.04602479934692383,0.0,0.0,12.948204040527344,0.7804081439971924,2.5016884803771973,0.06956267356872559
volcanoes-a3,./data/numerical_only/balanced,0.04132723808288574,0.0,0.0,11.19666862487793,1.1001911163330078,2.4968395233154297,0.08184552192687988
volcanoes-a3,./data/numerical_only/balanced,0.04021930694580078,0.0,0.0,10.115314722061157,0.6530551910400391,2.452287197113037,0.06907153129577637
volcanoes-a3,./data/numerical_only/balanced,0.038344383239746094,0.0,0.0,12.815988779067993,0.8317909240722656,2.480705738067627,0.05254244804382324
volcanoes-a3,./data/numerical_only/balanced,0.04470467567443848,0.0,0.0,9.397630214691162,0.6400070190429688,2.4396631717681885,0.08969998359680176
volcanoes-a3,./data/numerical_only/balanced,0.03992795944213867,0.0,0.0,13.613365650177002,0.98484206199646,2.4896576404571533,0.06630611419677734
volcanoes-a3,./data/numerical_only/balanced,0.04558420181274414,0.0,0.0,14.58423113822937,1.1621208190917969,,0.06873583793640137
volcanoes-a3,./data/numerical_only/balanced,0.08964252471923828,0.0,0.0,14.466931819915771,1.4220077991485596,2.5729386806488037,0.09372830390930176
volcanoes-a3,./data/numerical_only/balanced,0.03812241554260254,0.0,0.0,17.75957489013672,0.7174861431121826,,0.06737852096557617
volcanoes-a3,./data/numerical_only/balanced,0.03966259956359863,0.0,0.0,17.90186095237732,0.8546857833862305,,0.05370903015136719
volcanoes-a3,./data/numerical_only/balanced,0.039647579193115234,0.0,0.0,13.574623107910156,0.7896759510040283,,0.06813406944274902
volcanoes-a3,./data/numerical_only/balanced,0.045762062072753906,0.0,0.0,13.011146306991577,0.8881778717041016,2.461690664291382,0.0672154426574707
volcanoes-a3,./data/numerical_only/balanced,0.04114842414855957,0.0,0.0,12.091639518737793,1.3314051628112793,,0.07277536392211914
volcanoes-a3,./data/numerical_only/balanced,0.03913402557373047,0.0,0.0,11.045457124710083,0.828150749206543,2.4490461349487305,0.07300376892089844
volcanoes-a3,./data/numerical_only/balanced,0.049428462982177734,0.0,0.0,14.016171216964722,1.0218725204467773,,0.05060315132141113
volcanoes-a3,./data/numerical_only/balanced,0.047675371170043945,0.0,0.0,13.990290641784668,1.0324652194976807,2.5376462936401367,0.0680229663848877
volcanoes-a4,./data/numerical_only/balanced,0.044847965240478516,0.0,0.0,14.302598476409912,0.8078079223632812,2.5937230587005615,0.06567168235778809
volcanoes-a4,./data/numerical_only/balanced,0.04597020149230957,0.0,0.0,23.281920194625854,0.9588689804077148,,0.06507015228271484
volcanoes-a4,./data/numerical_only/balanced,0.08455324172973633,0.0,0.0,4.550668478012085,0.9195842742919922,2.4932029247283936,0.09951496124267578
volcanoes-a4,./data/numerical_only/balanced,0.038977861404418945,0.0,0.0,18.512344360351562,0.9734597206115723,2.314906358718872,0.07082009315490723
volcanoes-a4,./data/numerical_only/balanced,0.041602134704589844,0.0,0.0,19.66679573059082,0.6706435680389404,2.411134958267212,0.07138395309448242
volcanoes-a4,./data/numerical_only/balanced,0.0977928638458252,0.0,0.0,15.120390892028809,1.1875360012054443,2.534369945526123,0.053617238998413086
volcanoes-a4,./data/numerical_only/balanced,0.0432429313659668,0.0,0.0,25.994105577468872,1.169339895248413,2.5602617263793945,0.06388330459594727
volcanoes-a4,./data/numerical_only/balanced,0.04645037651062012,0.0,0.0,12.785512685775757,0.8371758460998535,2.472744941711426,0.0646066665649414
volcanoes-a4,./data/numerical_only/balanced,0.046053409576416016,0.0,0.0,22.498382091522217,0.6455161571502686,,0.07184958457946777
volcanoes-a4,./data/numerical_only/balanced,0.040292978286743164,0.0,0.0,18.852048873901367,0.9600634574890137,2.427826404571533,0.05603194236755371
volcanoes-a4,./data/numerical_only/balanced,0.04169464111328125,0.0,0.0,19.01622486114502,0.7862503528594971,,0.06699943542480469
volcanoes-a4,./data/numerical_only/balanced,0.040437936782836914,0.0,0.0,24.634746074676514,0.7571945190429688,,0.06889796257019043
volcanoes-a4,./data/numerical_only/balanced,0.04883861541748047,0.0,0.0,18.685062646865845,0.9639308452606201,,0.06652975082397461
volcanoes-a4,./data/numerical_only/balanced,0.040699005126953125,0.0,0.0,14.716065406799316,0.8622117042541504,,0.05346322059631348
volcanoes-a4,./data/numerical_only/balanced,0.04118156433105469,0.0,0.0,17.008090019226074,0.7609274387359619,2.2930679321289062,0.0715489387512207
volcanoes-a4,./data/numerical_only/balanced,0.038826942443847656,0.0,0.0,19.51925778388977,0.8598263263702393,,0.06787610054016113
volcanoes-a4,./data/numerical_only/balanced,0.0464169979095459,0.0,0.0,14.294810771942139,0.7613284587860107,,0.05411720275878906
volcanoes-a4,./data/numerical_only/balanced,0.04205179214477539,0.0,0.0,14.304707765579224,0.8727788925170898,2.3417861461639404,0.07189369201660156
volcanoes-a4,./data/numerical_only/balanced,0.04395866394042969,0.0,0.0,24.212673664093018,0.9171745777130127,2.3656539916992188,0.05553579330444336
volcanoes-a4,./data/numerical_only/balanced,0.04744672775268555,0.0,0.0,18.21358823776245,0.9080677032470703,,0.05537056922912598
volcanoes-a4,./data/numerical_only/balanced,0.045651912689208984,0.0,0.0,18.835991859436035,0.8012681007385254,,0.06532144546508789
volcanoes-a4,./data/numerical_only/balanced,0.08835363388061523,0.0,0.0,5.416243553161621,0.703690767288208,2.411991834640503,0.10360264778137207
volcanoes-a4,./data/numerical_only/balanced,0.040314674377441406,0.0,0.0,15.075937986373901,0.877159595489502,,0.05067896842956543
volcanoes-a4,./data/numerical_only/balanced,0.04173898696899414,0.0,0.0,18.657257318496704,0.7975180149078369,2.512850284576416,0.051999807357788086
volcanoes-a4,./data/numerical_only/balanced,0.06316018104553223,0.0,0.0,14.777125835418701,1.0335428714752197,2.102569103240967,0.04051804542541504
volcanoes-a4,./data/numerical_only/balanced,0.03928828239440918,0.0,0.0,14.333369255065918,0.7143516540527344,2.4860315322875977,0.06735396385192871
volcanoes-a4,./data/numerical_only/balanced,0.039794206619262695,0.0,0.0,18.448113203048706,0.8867638111114502,2.4906718730926514,0.051599740982055664
volcanoes-a4,./data/numerical_only/balanced,0.09208273887634277,0.0,0.0,6.896215915679932,0.6324260234832764,2.4501678943634033,0.09505963325500488
volcanoes-a4,./data/numerical_only/balanced,0.03761768341064453,0.0,0.0,20.081631183624268,0.8629820346832275,,0.052704811096191406
volcanoes-a4,./data/numerical_only/balanced,0.04643440246582031,0.0,0.0,17.957458019256592,0.7667684555053711,,0.05083489418029785
volcanoes-a4,./data/numerical_only/balanced,0.04141092300415039,0.0,0.0,21.112321853637695,0.7388381958007812,2.452360153198242,0.06764459609985352
volcanoes-a4,./data/numerical_only/balanced,0.04538750648498535,0.0,0.0,17.922166109085083,0.6579267978668213,2.4779179096221924,0.0537564754486084
volcanoes-a4,./data/numerical_only/balanced,0.03944039344787598,0.0,0.0,14.477029085159302,0.7975418567657471,2.4831151962280273,0.08221697807312012
volcanoes-a4,./data/numerical_only/balanced,0.04911351203918457,0.0,0.0,15.806243181228638,1.2775347232818604,2.5566844940185547,0.07313013076782227
volcanoes-a4,./data/numerical_only/balanced,0.06696867942810059,0.0,0.0,5.100422382354736,0.9780843257904053,2.4718823432922363,0.10311651229858398
volcanoes-a4,./data/numerical_only/balanced,0.03874683380126953,0.0,0.0,17.459423303604126,0.9835054874420166,,0.07217931747436523
volcanoes-a4,./data/numerical_only/balanced,0.04467201232910156,0.0,0.0,18.483393907546997,0.9166431427001953,2.310366630554199,0.0513768196105957
volcanoes-a4,./data/numerical_only/balanced,0.04448509216308594,0.0,0.0,18.264752864837646,0.6681978702545166,2.4528236389160156,0.05469250679016113
volcanoes-a4,./data/numerical_only/balanced,0.04082012176513672,0.0,0.0,13.93813157081604,0.7782704830169678,2.484895706176758,0.05184674263000488
volcanoes-a4,./data/numerical_only/balanced,0.08912038803100586,0.0,0.0,5.725885629653931,0.9662570953369141,2.4680356979370117,0.11231160163879395
volcanoes-a4,./data/numerical_only/balanced,0.04135751724243164,0.0,0.0,21.40959143638611,0.9849278926849365,,0.051863670349121094
volcanoes-a4,./data/numerical_only/balanced,0.06351113319396973,0.0,0.0,13.033627033233643,1.06154465675354,,0.0381169319152832
volcanoes-a4,./data/numerical_only/balanced,0.04307389259338379,0.0,0.0,13.745312213897705,0.6845095157623291,2.4826955795288086,0.05332541465759277
volcanoes-a4,./data/numerical_only/balanced,0.044510841369628906,0.0,0.0,26.176505088806152,0.9877943992614746,2.531491756439209,0.06561112403869629
volcanoes-a4,./data/numerical_only/balanced,0.046364784240722656,0.0,0.0,23.060790300369263,0.8794238567352295,,0.05208754539489746
volcanoes-a4,./data/numerical_only/balanced,0.0448153018951416,0.0,0.0,17.707655906677246,0.7021126747131348,,0.05231451988220215
volcanoes-a4,./data/numerical_only/balanced,0.04190325736999512,0.0,0.0,14.726552486419678,1.1415905952453613,2.43916392326355,0.05621337890625
volcanoes-a4,./data/numerical_only/balanced,0.03981423377990723,0.0,0.0,13.970548391342163,0.6458132266998291,,0.07135796546936035
volcanoes-a4,./data/numerical_only/balanced,0.04635334014892578,0.0,0.0,17.542560338974,0.9628498554229736,,0.05283856391906738
volcanoes-a4,./data/numerical_only/balanced,0.03896927833557129,0.0,0.0,13.612005710601807,0.7246911525726318,,0.052519798278808594
volcanoes-e1,./data/numerical_only/balanced,0.06813859939575195,0.0,0.0,11.252615690231323,,,0.05686521530151367
volcanoes-e1,./data/numerical_only/balanced,0.09233379364013672,0.0,0.0,21.744643926620483,,,0.05696725845336914
volcanoes-e1,./data/numerical_only/balanced,0.07792973518371582,0.0,0.0,11.37157917022705,,,0.06071639060974121
volcanoes-e1,./data/numerical_only/balanced,0.09055614471435547,0.0,0.0,11.32380223274231,,2.680668354034424,0.06205177307128906
volcanoes-e1,./data/numerical_only/balanced,0.09111213684082031,0.0,0.0,11.847558498382568,,,0.06479597091674805
volcanoes-e1,./data/numerical_only/balanced,0.07335853576660156,0.0,0.0,13.895776987075806,,,0.00457310676574707
volcanoes-e1,./data/numerical_only/balanced,0.09411025047302246,0.0,0.0,15.957188129425049,,,0.053395748138427734
volcanoes-e1,./data/numerical_only/balanced,0.035745859146118164,0.0,0.0,12.849830150604248,,,0.05267906188964844
volcanoes-e1,./data/numerical_only/balanced,0.036661386489868164,0.0,0.0,9.005531549453735,,,0.05597233772277832
volcanoes-e1,./data/numerical_only/balanced,0.03648948669433594,0.0,0.0,11.741098880767822,,,0.05246877670288086
volcanoes-e1,./data/numerical_only/balanced,0.041066884994506836,0.0,0.0,14.16279649734497,,,0.0515897274017334
volcanoes-e1,./data/numerical_only/balanced,0.03906726837158203,0.0,0.0,12.307133436203003,,2.338757038116455,0.05345344543457031
volcanoes-e1,./data/numerical_only/balanced,0.03903913497924805,0.0,0.0,9.007905960083008,,,0.053339481353759766
volcanoes-e1,./data/numerical_only/balanced,0.040106773376464844,0.0,0.0,6.778195858001709,,,0.056110382080078125
volcanoes-e1,./data/numerical_only/balanced,0.04302573204040527,0.0,0.0,12.979591608047485,,,0.05599355697631836
volcanoes-e1,./data/numerical_only/balanced,0.04091644287109375,0.0,0.0,9.448373794555664,,,0.05186104774475098
volcanoes-e1,./data/numerical_only/balanced,0.038967132568359375,0.0,0.0,9.945263862609863,,2.3672034740448,0.05616021156311035
volcanoes-e1,./data/numerical_only/balanced,0.03781461715698242,0.0,0.0,9.176753520965576,,,0.05323195457458496
volcanoes-e1,./data/numerical_only/balanced,0.039853811264038086,0.0,0.0,9.74568247795105,,,0.05120420455932617
volcanoes-e1,./data/numerical_only/balanced,0.05341911315917969,0.0,0.0,8.053177833557129,,,0.004062652587890625
volcanoes-e1,./data/numerical_only/balanced,0.03829336166381836,0.0,0.0,17.010383367538452,,,0.05288076400756836
volcanoes-e1,./data/numerical_only/balanced,0.035195112228393555,0.0,0.0,8.689896821975708,,,0.055445194244384766
volcanoes-e1,./data/numerical_only/balanced,0.039871931076049805,0.0,0.0,13.571511268615723,,,0.05218625068664551
volcanoes-e1,./data/numerical_only/balanced,0.03511333465576172,0.0,0.0,11.454028367996216,,,0.053735971450805664
volcanoes-e1,./data/numerical_only/balanced,0.03600192070007324,0.0,0.0,9.39458703994751,,,0.05179786682128906
volcanoes-e1,./data/numerical_only/balanced,0.03629279136657715,0.0,0.0,12.147977828979492,,,0.05194592475891113
volcanoes-e1,./data/numerical_only/balanced,0.03520798683166504,0.0,0.0,8.826797723770142,,,0.05323147773742676
volcanoes-e1,./data/numerical_only/balanced,0.03534650802612305,0.0,0.0,8.726574897766113,,,0.05291581153869629
volcanoes-e1,./data/numerical_only/balanced,0.03497910499572754,0.0,0.0,9.414404392242432,,,0.05329108238220215
volcanoes-e1,./data/numerical_only/balanced,0.03506660461425781,0.0,0.0,9.726445436477661,,,0.04967689514160156
volcanoes-e1,./data/numerical_only/balanced,0.034897804260253906,0.0,0.0,9.616553544998169,,,0.05195903778076172
volcanoes-e1,./data/numerical_only/balanced,0.03544354438781738,0.0,0.0,10.89375925064087,,,0.05364274978637695
volcanoes-e1,./data/numerical_only/balanced,0.03439617156982422,0.0,0.0,12.58528184890747,,,0.053484201431274414
volcanoes-e1,./data/numerical_only/balanced,0.0399928092956543,0.0,0.0,8.602933168411255,,,0.05498790740966797
volcanoes-e1,./data/numerical_only/balanced,0.035959720611572266,0.0,0.0,7.531118869781494,,,0.05245327949523926
volcanoes-e1,./data/numerical_only/balanced,0.03576540946960449,0.0,0.0,13.157215595245361,,,0.051104068756103516
volcanoes-e1,./data/numerical_only/balanced,0.03538799285888672,0.0,0.0,12.34630560874939,,,0.05623364448547363
volcanoes-e1,./data/numerical_only/balanced,0.04035186767578125,0.0,0.0,9.264479637145996,,,0.05494523048400879
volcanoes-e1,./data/numerical_only/balanced,0.040834903717041016,0.0,0.0,11.514862298965454,,,0.061002492904663086
volcanoes-e1,./data/numerical_only/balanced,0.03727149963378906,0.0,0.0,7.084612131118774,,,0.05890512466430664
volcanoes-e1,./data/numerical_only/balanced,0.04031801223754883,0.0,0.0,9.583373785018921,,,0.05242180824279785
volcanoes-e1,./data/numerical_only/balanced,0.040834665298461914,0.0,0.0,9.704945802688599,,,0.05688071250915527
volcanoes-e1,./data/numerical_only/balanced,0.04109597206115723,0.0,0.0,9.127219915390015,,,0.05199313163757324
volcanoes-e1,./data/numerical_only/balanced,0.04716801643371582,0.0,0.0,12.991856813430786,,,0.05223274230957031
volcanoes-e1,./data/numerical_only/balanced,0.035262107849121094,0.0,0.0,9.470755577087402,,,0.05086350440979004
volcanoes-e1,./data/numerical_only/balanced,0.03554224967956543,0.0,0.0,8.782716989517212,,,0.05285954475402832
volcanoes-e1,./data/numerical_only/balanced,0.04070329666137695,0.0,0.0,9.409309387207031,,,0.051483869552612305
volcanoes-e1,./data/numerical_only/balanced,0.035186052322387695,0.0,0.0,11.709928274154663,,,0.05258679389953613
volcanoes-e1,./data/numerical_only/balanced,0.035018205642700195,0.0,0.0,12.507676839828491,,,0.050249338150024414
volcanoes-e1,./data/numerical_only/balanced,0.035021066665649414,0.0,0.0,9.323486566543579,,,0.0517573356628418
volcanoes-e2,./data/numerical_only/balanced,0.042643070220947266,0.0,0.0,6.281112194061279,,,0.05258536338806152
volcanoes-e2,./data/numerical_only/balanced,0.03538823127746582,0.0,0.0,6.4234678745269775,,,0.051680803298950195
volcanoes-e2,./data/numerical_only/balanced,0.03357386589050293,0.0,0.0,6.366046905517578,,,0.04983997344970703
volcanoes-e2,./data/numerical_only/balanced,0.03837943077087402,0.0,0.0,6.364367723464966,,,0.05126357078552246
volcanoes-e2,./data/numerical_only/balanced,0.041237592697143555,0.0,0.0,6.322743892669678,,,0.05252242088317871
volcanoes-e2,./data/numerical_only/balanced,0.03339672088623047,0.0,0.0,6.198638916015625,,,0.0510866641998291
volcanoes-e2,./data/numerical_only/balanced,0.03295087814331055,0.0,0.0,6.328751087188721,,,0.05519556999206543
volcanoes-e2,./data/numerical_only/balanced,0.03402376174926758,0.0,0.0,6.60685920715332,,,0.055316925048828125
volcanoes-e2,./data/numerical_only/balanced,0.03679323196411133,0.0,0.0,6.542186260223389,,,0.05228900909423828
volcanoes-e2,./data/numerical_only/balanced,0.04746508598327637,0.0,0.0,4.278696537017822,,,0.05120372772216797
volcanoes-e2,./data/numerical_only/balanced,0.032935142517089844,0.0,0.0,5.848257064819336,,,0.055617570877075195
volcanoes-e2,./data/numerical_only/balanced,0.0335843563079834,0.0,0.0,6.139453172683716,,2.3123528957366943,0.05519914627075195
volcanoes-e2,./data/numerical_only/balanced,0.0377194881439209,0.0,0.0,6.704410552978516,,,0.05229043960571289
volcanoes-e2,./data/numerical_only/balanced,0.03853130340576172,0.0,0.0,6.886538505554199,,,0.05201911926269531
volcanoes-e2,./data/numerical_only/balanced,0.0330510139465332,0.0,0.0,6.3088743686676025,,,0.05235576629638672
volcanoes-e2,./data/numerical_only/balanced,0.03343558311462402,0.0,0.0,6.0785908699035645,,,0.05202031135559082
volcanoes-e2,./data/numerical_only/balanced,0.0338437557220459,0.0,0.0,6.724784851074219,,,0.053981781005859375
volcanoes-e2,./data/numerical_only/balanced,0.03812122344970703,0.0,0.0,5.6055967807769775,,,0.05181622505187988
volcanoes-e2,./data/numerical_only/balanced,0.03512930870056152,0.0,0.0,6.651895999908447,,,0.0510096549987793
volcanoes-e2,./data/numerical_only/balanced,0.038015127182006836,0.0,0.0,6.747539520263672,,,0.05208730697631836
volcanoes-e2,./data/numerical_only/balanced,0.039482831954956055,0.0,0.0,7.282463312149048,,,0.05373573303222656
volcanoes-e2,./data/numerical_only/balanced,0.04103875160217285,0.0,0.0,6.187967300415039,,,0.05184006690979004
volcanoes-e2,./data/numerical_only/balanced,0.04642009735107422,0.0,0.0,6.366130828857422,,,0.05138421058654785
volcanoes-e2,./data/numerical_only/balanced,0.03358173370361328,0.0,0.0,4.816515207290649,,,0.06225991249084473
volcanoes-e2,./data/numerical_only/balanced,0.034276485443115234,0.0,0.0,6.201920986175537,,,0.051526784896850586
volcanoes-e2,./data/numerical_only/balanced,0.03355097770690918,0.0,0.0,6.249589443206787,,,0.05106830596923828
volcanoes-e2,./data/numerical_only/balanced,0.0424342155456543,0.0,0.0,6.179501295089722,,,0.05184149742126465
volcanoes-e2,./data/numerical_only/balanced,0.0337376594543457,0.0,0.0,6.347186088562012,,,0.05080866813659668
volcanoes-e2,./data/numerical_only/balanced,0.04337167739868164,0.0,0.0,5.206655025482178,,,0.05278444290161133
volcanoes-e2,./data/numerical_only/balanced,0.03226733207702637,0.0,0.0,6.837197542190552,,,0.05382823944091797
volcanoes-e2,./data/numerical_only/balanced,0.0377202033996582,0.0,0.0,6.855588674545288,,,0.053820133209228516
volcanoes-e2,./data/numerical_only/balanced,0.03901553153991699,0.0,0.0,6.466554403305054,,,0.056704044342041016
volcanoes-e2,./data/numerical_only/balanced,0.03566288948059082,0.0,0.0,6.7453932762146,,,0.05271291732788086
volcanoes-e2,./data/numerical_only/balanced,0.03723502159118652,0.0,0.0,6.708712100982666,,,0.05322742462158203
volcanoes-e2,./data/numerical_only/balanced,0.0399479866027832,0.0,0.0,6.755189895629883,,,0.05272650718688965
volcanoes-e2,./data/numerical_only/balanced,0.03930997848510742,0.0,0.0,6.566583633422852,,,0.05393028259277344
volcanoes-e2,./data/numerical_only/balanced,0.039343833923339844,0.0,0.0,6.296970367431641,,,0.053600311279296875
volcanoes-e2,./data/numerical_only/balanced,0.04230213165283203,0.0,0.0,6.616918087005615,,,0.051836490631103516
volcanoes-e2,./data/numerical_only/balanced,0.03805994987487793,0.0,0.0,5.812850713729858,,,0.05467867851257324
volcanoes-e2,./data/numerical_only/balanced,0.035582542419433594,0.0,0.0,6.179101228713989,,,0.05192875862121582
volcanoes-e2,./data/numerical_only/balanced,0.033223867416381836,0.0,0.0,6.453720331192017,,,0.053406476974487305
volcanoes-e2,./data/numerical_only/balanced,0.03304624557495117,0.0,0.0,6.1490089893341064,,,0.052248239517211914
volcanoes-e2,./data/numerical_only/balanced,0.04370260238647461,0.0,0.0,6.290239334106445,,2.196930408477783,0.05845761299133301
volcanoes-e2,./data/numerical_only/balanced,0.04264497756958008,0.0,0.0,6.8718602657318115,,,0.04947018623352051
volcanoes-e2,./data/numerical_only/balanced,0.03783011436462402,0.0,0.0,6.7949254512786865,,,0.054900169372558594
volcanoes-e2,./data/numerical_only/balanced,0.035291433334350586,0.0,0.0,6.1563332080841064,,,0.05435609817504883
volcanoes-e2,./data/numerical_only/balanced,0.04908180236816406,0.0,0.0,5.441214323043823,,,0.05385136604309082
volcanoes-e2,./data/numerical_only/balanced,0.03247976303100586,0.0,0.0,5.849719524383545,,,0.05499911308288574
volcanoes-e2,./data/numerical_only/balanced,0.036286115646362305,0.0,0.0,6.738480806350708,,,0.050698041915893555
volcanoes-e2,./data/numerical_only/balanced,0.03910994529724121,0.0,0.0,6.714208602905273,,,0.05305981636047363
volcanoes-e3,./data/numerical_only/balanced,0.041213035583496094,0.0,0.0,14.059404611587524,,,0.05200624465942383
volcanoes-e3,./data/numerical_only/balanced,0.04006814956665039,0.0,0.0,13.152928829193115,,,0.05417180061340332
volcanoes-e3,./data/numerical_only/balanced,0.040004730224609375,0.0,0.0,11.344485521316528,,,0.052462100982666016
volcanoes-e3,./data/numerical_only/balanced,0.03611469268798828,0.0,0.0,10.953451871871948,,,0.050589561462402344
volcanoes-e3,./data/numerical_only/balanced,0.04074668884277344,0.0,0.0,10.704624652862549,,,0.055577993392944336
volcanoes-e3,./data/numerical_only/balanced,0.03658580780029297,0.0,0.0,10.544833421707153,,,0.05321097373962402
volcanoes-e3,./data/numerical_only/balanced,0.03573417663574219,0.0,0.0,10.874889373779297,,,0.05638861656188965
volcanoes-e3,./data/numerical_only/balanced,0.04126739501953125,0.0,0.0,11.142445802688599,,,0.05440711975097656
volcanoes-e3,./data/numerical_only/balanced,0.03795170783996582,0.0,0.0,7.862693548202515,,,0.050702571868896484
volcanoes-e3,./data/numerical_only/balanced,0.041068315505981445,0.0,0.0,9.478586912155151,,,0.051648855209350586
volcanoes-e3,./data/numerical_only/balanced,0.03686070442199707,0.0,0.0,11.147603750228882,,,0.05089902877807617
volcanoes-e3,./data/numerical_only/balanced,0.034838199615478516,0.0,0.0,11.002899169921875,,,0.05539679527282715
volcanoes-e3,./data/numerical_only/balanced,0.03609275817871094,0.0,0.0,10.857870817184448,,,0.05538749694824219
volcanoes-e3,./data/numerical_only/balanced,0.035878896713256836,0.0,0.0,11.011887311935425,,,0.05050539970397949
volcanoes-e3,./data/numerical_only/balanced,0.03630352020263672,0.0,0.0,11.196483135223389,,,0.05135822296142578
volcanoes-e3,./data/numerical_only/balanced,0.040648698806762695,0.0,0.0,10.96429705619812,,,0.05133342742919922
volcanoes-e3,./data/numerical_only/balanced,0.035645246505737305,0.0,0.0,7.367884159088135,,,0.05127406120300293
volcanoes-e3,./data/numerical_only/balanced,0.03922462463378906,0.0,0.0,9.019430875778198,,,0.05286431312561035
volcanoes-e3,./data/numerical_only/balanced,0.04128670692443848,0.0,0.0,12.042109966278076,,,0.05042457580566406
volcanoes-e3,./data/numerical_only/balanced,0.04153609275817871,0.0,0.0,15.71110224723816,,,0.05059003829956055
volcanoes-e3,./data/numerical_only/balanced,0.04263591766357422,0.0,0.0,11.572914600372314,,,0.053215980529785156
volcanoes-e3,./data/numerical_only/balanced,0.037856340408325195,0.0,0.0,7.962440252304077,,,0.052269935607910156
volcanoes-e3,./data/numerical_only/balanced,0.04184269905090332,0.0,0.0,7.706851959228516,,,0.054993391036987305
volcanoes-e3,./data/numerical_only/balanced,0.03560829162597656,0.0,0.0,10.994225025177002,,,0.0525050163269043
volcanoes-e3,./data/numerical_only/balanced,0.042214155197143555,0.0,0.0,10.066423416137695,,,0.052449941635131836
volcanoes-e3,./data/numerical_only/balanced,0.036946773529052734,0.0,0.0,11.839388608932495,,,0.0529026985168457
volcanoes-e3,./data/numerical_only/balanced,0.0367131233215332,0.0,0.0,11.954871892929077,,,0.053334712982177734
volcanoes-e3,./data/numerical_only/balanced,0.0379793643951416,0.0,0.0,11.033033847808838,,,0.05360817909240723
volcanoes-e3,./data/numerical_only/balanced,0.038272857666015625,0.0,0.0,10.971634864807129,,,0.051130056381225586
volcanoes-e3,./data/numerical_only/balanced,0.03848433494567871,0.0,0.0,11.022785425186157,,,0.05204582214355469
volcanoes-e3,./data/numerical_only/balanced,0.04443931579589844,0.0,0.0,9.566364049911499,,,0.057511091232299805
volcanoes-e3,./data/numerical_only/balanced,0.03798866271972656,0.0,0.0,11.968462467193604,,,0.05178213119506836
volcanoes-e3,./data/numerical_only/balanced,0.04233098030090332,0.0,0.0,12.072864770889282,,,0.05162858963012695
volcanoes-e3,./data/numerical_only/balanced,0.04100680351257324,0.0,0.0,11.131882905960083,,,0.05564737319946289
volcanoes-e3,./data/numerical_only/balanced,0.04563784599304199,0.0,0.0,7.773991346359253,,,0.05267000198364258
volcanoes-e3,./data/numerical_only/balanced,0.03612852096557617,0.0,0.0,10.787957668304443,,,0.05406069755554199
volcanoes-e3,./data/numerical_only/balanced,0.03573489189147949,0.0,0.0,12.03412652015686,,,0.05239558219909668
volcanoes-e3,./data/numerical_only/balanced,0.048429250717163086,0.0,0.0,11.907285690307617,,,0.05176520347595215
volcanoes-e3,./data/numerical_only/balanced,0.042119503021240234,0.0,0.0,12.032296895980835,,,0.051854848861694336
volcanoes-e3,./data/numerical_only/balanced,0.03790545463562012,0.0,0.0,12.131348609924316,,,0.051807403564453125
volcanoes-e3,./data/numerical_only/balanced,0.03628110885620117,0.0,0.0,10.937230825424194,,,0.05466032028198242
volcanoes-e3,./data/numerical_only/balanced,0.048575639724731445,0.0,0.0,7.041208267211914,,2.283252716064453,0.055620670318603516
volcanoes-e3,./data/numerical_only/balanced,0.04142951965332031,0.0,0.0,12.107181310653687,,,0.05481433868408203
volcanoes-e3,./data/numerical_only/balanced,0.0430448055267334,0.0,0.0,11.224005460739136,,,0.05113077163696289
volcanoes-e3,./data/numerical_only/balanced,0.0397496223449707,0.0,0.0,11.619295835494995,,,0.05273151397705078
volcanoes-e3,./data/numerical_only/balanced,0.033829450607299805,0.0,0.0,10.752166986465454,,,0.05637216567993164
volcanoes-e3,./data/numerical_only/balanced,0.04184722900390625,0.0,0.0,11.578958749771118,,,0.05143308639526367
volcanoes-e3,./data/numerical_only/balanced,0.04093289375305176,0.0,0.0,10.693119525909424,,,0.05313587188720703
volcanoes-e3,./data/numerical_only/balanced,0.03961491584777832,0.0,0.0,8.358072280883789,,,0.05580759048461914
volcanoes-e4,./data/numerical_only/balanced,0.04096817970275879,0.0,0.0,8.677278518676758,,,0.05233907699584961
volcanoes-e4,./data/numerical_only/balanced,0.042860984802246094,0.0,0.0,7.6044793128967285,,,0.0517580509185791
volcanoes-e4,./data/numerical_only/balanced,0.04156780242919922,0.0,0.0,6.511079788208008,,,0.05313754081726074
volcanoes-e4,./data/numerical_only/balanced,0.03975677490234375,0.0,0.0,7.777164459228516,,2.4093291759490967,0.05550193786621094
volcanoes-e4,./data/numerical_only/balanced,0.0355527400970459,0.0,0.0,5.9002885818481445,,,0.05399179458618164
volcanoes-e4,./data/numerical_only/balanced,0.03429913520812988,0.0,0.0,7.485762596130371,,,0.051259517669677734
volcanoes-e4,./data/numerical_only/balanced,0.0676424503326416,0.0,0.0,4.541849613189697,,2.430788516998291,0.05994391441345215
volcanoes-e4,./data/numerical_only/balanced,0.04027438163757324,0.0,0.0,7.695271015167236,,2.4929065704345703,0.049642086029052734
volcanoes-e4,./data/numerical_only/balanced,0.04149007797241211,0.0,0.0,7.754829168319702,,,0.0509028434753418
volcanoes-e4,./data/numerical_only/balanced,0.04158902168273926,0.0,0.0,8.24899673461914,,,0.05188870429992676
volcanoes-e4,./data/numerical_only/balanced,0.040656328201293945,0.0,0.0,6.8591225147247314,,,0.05134320259094238
volcanoes-e4,./data/numerical_only/balanced,0.04066872596740723,0.0,0.0,7.6406638622283936,,,0.05333209037780762
volcanoes-e4,./data/numerical_only/balanced,0.041687965393066406,0.0,0.0,7.536638498306274,,,0.052275896072387695
volcanoes-e4,./data/numerical_only/balanced,0.03558826446533203,0.0,0.0,7.129978179931641,,,0.05216383934020996
volcanoes-e4,./data/numerical_only/balanced,0.04013538360595703,0.0,0.0,7.348776578903198,,,0.055745840072631836
volcanoes-e4,./data/numerical_only/balanced,0.03514981269836426,0.0,0.0,7.734091758728027,,2.238898992538452,0.05621170997619629
volcanoes-e4,./data/numerical_only/balanced,0.03491687774658203,0.0,0.0,7.132976770401001,,,0.055629730224609375
volcanoes-e4,./data/numerical_only/balanced,0.039550065994262695,0.0,0.0,7.617214679718018,,,0.051753997802734375
volcanoes-e4,./data/numerical_only/balanced,0.03575253486633301,0.0,0.0,6.639230728149414,,,0.051421165466308594
volcanoes-e4,./data/numerical_only/balanced,0.04181051254272461,0.0,0.0,7.241536378860474,,,0.05226755142211914
volcanoes-e4,./data/numerical_only/balanced,0.05604219436645508,0.0,0.0,4.998232841491699,,2.3845155239105225,0.05880475044250488
volcanoes-e4,./data/numerical_only/balanced,0.03415274620056152,0.0,0.0,7.864555358886719,,,0.055710554122924805
volcanoes-e4,./data/numerical_only/balanced,0.03660941123962402,0.0,0.0,7.347068548202515,,,0.051157236099243164
volcanoes-e4,./data/numerical_only/balanced,0.04014849662780762,0.0,0.0,7.626849412918091,,,0.053771257400512695
volcanoes-e4,./data/numerical_only/balanced,0.03536200523376465,0.0,0.0,7.5139360427856445,,,0.050536394119262695
volcanoes-e4,./data/numerical_only/balanced,0.03647804260253906,0.0,0.0,10.37979245185852,,,0.0540614128112793
volcanoes-e4,./data/numerical_only/balanced,0.04101419448852539,0.0,0.0,6.598085165023804,,,0.0544285774230957
volcanoes-e4,./data/numerical_only/balanced,0.03730440139770508,0.0,0.0,12.00713849067688,,2.2931032180786133,0.054592132568359375
volcanoes-e4,./data/numerical_only/balanced,0.04175829887390137,0.0,0.0,7.725704908370972,,,0.05109238624572754
volcanoes-e4,./data/numerical_only/balanced,0.041329383850097656,0.0,0.0,7.82109808921814,,,0.052607059478759766
volcanoes-e4,./data/numerical_only/balanced,0.03748798370361328,0.0,0.0,11.76920199394226,,,0.05120563507080078
volcanoes-e4,./data/numerical_only/balanced,0.04161643981933594,0.0,0.0,7.660671710968018,,,0.054379940032958984
volcanoes-e4,./data/numerical_only/balanced,0.040036678314208984,0.0,0.0,7.637881755828857,,,0.05228996276855469
volcanoes-e4,./data/numerical_only/balanced,0.03711867332458496,0.0,0.0,7.872020483016968,,,0.05252885818481445
volcanoes-e4,./data/numerical_only/balanced,0.0367889404296875,0.0,0.0,7.92986536026001,,,0.05193495750427246
volcanoes-e4,./data/numerical_only/balanced,0.035248756408691406,0.0,0.0,7.341016054153442,,,0.05377840995788574
volcanoes-e4,./data/numerical_only/balanced,0.040219783782958984,0.0,0.0,6.57687783241272,,,0.05400371551513672
volcanoes-e4,./data/numerical_only/balanced,0.037125587463378906,0.0,0.0,7.412970304489136,,,0.05471992492675781
volcanoes-e4,./data/numerical_only/balanced,0.0407717227935791,0.0,0.0,7.863814115524292,,,0.05532693862915039
volcanoes-e4,./data/numerical_only/balanced,0.04247140884399414,0.0,0.0,6.4706902503967285,,,0.05533480644226074
volcanoes-e4,./data/numerical_only/balanced,0.037905216217041016,0.0,0.0,7.144142389297485,,,0.050797462463378906
volcanoes-e4,./data/numerical_only/balanced,0.04566335678100586,0.0,0.0,7.487740516662598,,,0.05105280876159668
volcanoes-e4,./data/numerical_only/balanced,0.04569220542907715,0.0,0.0,7.344184398651123,,,0.06374049186706543
volcanoes-e4,./data/numerical_only/balanced,0.04073953628540039,0.0,0.0,7.552463531494141,,,0.05197405815124512
volcanoes-e4,./data/numerical_only/balanced,0.03998684883117676,0.0,0.0,7.292709827423096,,,0.05289101600646973
volcanoes-e4,./data/numerical_only/balanced,0.04459357261657715,0.0,0.0,5.09334659576416,,,0.004174470901489258
volcanoes-e4,./data/numerical_only/balanced,0.03498530387878418,0.0,0.0,7.464944362640381,,,0.05186939239501953
volcanoes-e4,./data/numerical_only/balanced,0.04139232635498047,0.0,0.0,7.3836328983306885,,,0.05475664138793945
volcanoes-e4,./data/numerical_only/balanced,0.03501725196838379,0.0,0.0,7.422322511672974,,,0.05213809013366699
volcanoes-e4,./data/numerical_only/balanced,0.03655719757080078,0.0,0.0,7.3545098304748535,,,0.05066418647766113
volcanoes-e5,./data/numerical_only/balanced,0.03522229194641113,0.0,0.0,6.17389440536499,,,0.05327463150024414
volcanoes-e5,./data/numerical_only/balanced,0.0345606803894043,0.0,0.0,7.055426836013794,,,0.05387258529663086
volcanoes-e5,./data/numerical_only/balanced,0.03376364707946777,0.0,0.0,9.7595853805542,,,0.05187177658081055
volcanoes-e5,./data/numerical_only/balanced,0.033496856689453125,0.0,0.0,6.510955572128296,,,0.0546572208404541
volcanoes-e5,./data/numerical_only/balanced,0.03716301918029785,0.0,0.0,6.911179304122925,,,0.05080437660217285
volcanoes-e5,./data/numerical_only/balanced,0.03975272178649902,0.0,0.0,7.059264898300171,,2.265225887298584,0.05515551567077637
volcanoes-e5,./data/numerical_only/balanced,0.052623748779296875,0.0,0.0,4.318526268005371,,2.5399699211120605,0.055497169494628906
volcanoes-e5,./data/numerical_only/balanced,0.03688621520996094,0.0,0.0,6.506014823913574,,,0.0511014461517334
volcanoes-e5,./data/numerical_only/balanced,0.03460288047790527,0.0,0.0,6.726966381072998,,,0.05237913131713867
volcanoes-e5,./data/numerical_only/balanced,0.03643941879272461,0.0,0.0,10.158566236495972,,,0.051473140716552734
volcanoes-e5,./data/numerical_only/balanced,0.035843849182128906,0.0,0.0,6.380823135375977,,,0.05182790756225586
volcanoes-e5,./data/numerical_only/balanced,0.05926156044006348,0.0,0.0,7.326834440231323,,2.3950023651123047,0.003896951675415039
volcanoes-e5,./data/numerical_only/balanced,0.032765865325927734,0.0,0.0,6.576148986816406,,,0.05422234535217285
volcanoes-e5,./data/numerical_only/balanced,0.030953168869018555,0.0,0.0,6.410049200057983,,,0.05126357078552246
volcanoes-e5,./data/numerical_only/balanced,0.038431406021118164,0.0,0.0,10.401137828826904,,,0.05483651161193848
volcanoes-e5,./data/numerical_only/balanced,0.03958868980407715,0.0,0.0,10.356730222702026,,,0.05105185508728027
volcanoes-e5,./data/numerical_only/balanced,0.03601360321044922,0.0,0.0,6.981638193130493,,,0.05107283592224121
volcanoes-e5,./data/numerical_only/balanced,0.0349574089050293,0.0,0.0,6.282070636749268,,2.419076681137085,0.05065011978149414
volcanoes-e5,./data/numerical_only/balanced,0.03599143028259277,0.0,0.0,10.260611772537231,,,0.05243873596191406
volcanoes-e5,./data/numerical_only/balanced,0.03603839874267578,0.0,0.0,6.710344314575195,,,0.05693244934082031
volcanoes-e5,./data/numerical_only/balanced,0.0398259162902832,0.0,0.0,6.949822187423706,,,0.05153799057006836
volcanoes-e5,./data/numerical_only/balanced,0.03687644004821777,0.0,0.0,6.543159484863281,,,0.05588841438293457
volcanoes-e5,./data/numerical_only/balanced,0.0338134765625,0.0,0.0,9.026396036148071,,,0.05125308036804199
volcanoes-e5,./data/numerical_only/balanced,0.03429841995239258,0.0,0.0,9.36834192276001,,,0.05052995681762695
volcanoes-e5,./data/numerical_only/balanced,0.041371822357177734,0.0,0.0,6.52820611000061,,,0.0509645938873291
volcanoes-e5,./data/numerical_only/balanced,0.03741598129272461,0.0,0.0,6.454594850540161,,,0.050904035568237305
volcanoes-e5,./data/numerical_only/balanced,0.03340578079223633,0.0,0.0,12.215988636016846,,,0.052926063537597656
volcanoes-e5,./data/numerical_only/balanced,0.03363609313964844,0.0,0.0,6.945672512054443,,,0.04977703094482422
volcanoes-e5,./data/numerical_only/balanced,0.04033946990966797,0.0,0.0,6.581298351287842,,,0.05470681190490723
volcanoes-e5,./data/numerical_only/balanced,0.03189229965209961,0.0,0.0,6.7615556716918945,,,0.05087614059448242
volcanoes-e5,./data/numerical_only/balanced,0.03544759750366211,0.0,0.0,6.678333520889282,,,0.05044913291931152
volcanoes-e5,./data/numerical_only/balanced,0.034430742263793945,0.0,0.0,9.396052122116089,,,0.052060842514038086
volcanoes-e5,./data/numerical_only/balanced,0.0390629768371582,0.0,0.0,6.895579099655151,,,0.05259537696838379
volcanoes-e5,./data/numerical_only/balanced,0.05816531181335449,0.0,0.0,8.327468633651733,,2.417257785797119,0.03748273849487305
volcanoes-e5,./data/numerical_only/balanced,0.03732895851135254,0.0,0.0,6.782577753067017,,,0.05571627616882324
volcanoes-e5,./data/numerical_only/balanced,0.03371000289916992,0.0,0.0,6.571234703063965,,2.353024482727051,0.05576276779174805
volcanoes-e5,./data/numerical_only/balanced,0.037917375564575195,0.0,0.0,6.65710186958313,,,0.056389570236206055
volcanoes-e5,./data/numerical_only/balanced,0.039568185806274414,0.0,0.0,5.644169807434082,,,0.05466580390930176
volcanoes-e5,./data/numerical_only/balanced,0.04610633850097656,0.0,0.0,8.052813053131104,,2.391575574874878,0.056626319885253906
volcanoes-e5,./data/numerical_only/balanced,0.03527712821960449,0.0,0.0,6.606032848358154,,,0.05651712417602539
volcanoes-e5,./data/numerical_only/balanced,0.0352177619934082,0.0,0.0,6.359277963638306,,,0.05471396446228027
volcanoes-e5,./data/numerical_only/balanced,0.03523516654968262,0.0,0.0,6.3367228507995605,,,0.05207657814025879
volcanoes-e5,./data/numerical_only/balanced,0.03456854820251465,0.0,0.0,9.682753324508667,,,0.051447153091430664
volcanoes-e5,./data/numerical_only/balanced,0.043120384216308594,0.0,0.0,6.2194318771362305,,,0.05413365364074707
volcanoes-e5,./data/numerical_only/balanced,0.03955411911010742,0.0,0.0,9.481842517852783,,,0.050595760345458984
volcanoes-e5,./data/numerical_only/balanced,0.03962278366088867,0.0,0.0,6.716921806335449,,,0.04990959167480469
wine-quality-red,./data/numerical_only/balanced,0.27582669258117676,0.0,0.0,668.26784491539,21.871874809265137,4.015134811401367,0.23506975173950195
wine-quality-red,./data/numerical_only/balanced,0.26850366592407227,0.0,0.0,236.48260593414307,9.395626783370972,4.075253009796143,0.4140028953552246
wine-quality-red,./data/numerical_only/balanced,0.3930695056915283,0.0,0.0,738.2557232379913,3.790339469909668,4.059335947036743,0.23909330368041992
wine-quality-red,./data/numerical_only/balanced,0.28185081481933594,0.0,0.0,537.2066812515259,6.557492971420288,4.031004905700684,0.26946544647216797
wine-quality-red,./data/numerical_only/balanced,0.2998342514038086,0.0,0.0,790.1821439266205,12.420226335525513,4.316646099090576,0.37030673027038574
wine-quality-red,./data/numerical_only/balanced,0.1864004135131836,0.0,0.0,622.9233431816101,4.448981523513794,4.13728404045105,0.32672858238220215
wine-quality-red,./data/numerical_only/balanced,0.28195881843566895,0.0,0.0,506.0731885433197,4.948865175247192,4.102173328399658,0.37870073318481445
wine-quality-red,./data/numerical_only/balanced,0.3854994773864746,0.0,0.0,788.8698189258575,4.055543422698975,3.8030176162719727,0.29067206382751465
wine-quality-red,./data/numerical_only/balanced,0.22802424430847168,0.0,0.0,715.2870967388153,16.06765580177307,3.6538851261138916,0.3232417106628418
wine-quality-red,./data/numerical_only/balanced,0.26067137718200684,0.0,0.0,237.27743458747864,,4.196441650390625,0.37421083450317383
wine-quality-red,./data/numerical_only/balanced,0.20411396026611328,0.0,0.0,537.4359698295593,5.866985082626343,4.347300291061401,0.3334181308746338
wine-quality-red,./data/numerical_only/balanced,0.19438648223876953,0.0,0.0,804.9062070846558,3.4755783081054688,3.960169792175293,0.31001949310302734
wine-quality-red,./data/numerical_only/balanced,0.16298270225524902,0.0,0.0,555.078057050705,4.991842269897461,4.110025882720947,0.28860902786254883
wine-quality-red,./data/numerical_only/balanced,0.24586820602416992,0.0,0.0,643.2027907371521,3.709226131439209,3.989588737487793,0.24958419799804688
wine-quality-red,./data/numerical_only/balanced,0.15941452980041504,0.0,0.0,647.4922277927399,5.459243059158325,4.112430095672607,0.2825591564178467
wine-quality-red,./data/numerical_only/balanced,0.25795817375183105,0.0,0.0,705.207273721695,10.573594570159912,4.318098545074463,0.23319625854492188
wine-quality-red,./data/numerical_only/balanced,0.27451443672180176,0.0,0.0,737.7416789531708,5.830663681030273,4.360489368438721,0.3121790885925293
wine-quality-red,./data/numerical_only/balanced,0.22297000885009766,0.0,0.0,647.0633072853088,5.304489612579346,3.9473140239715576,0.25975465774536133
wine-quality-red,./data/numerical_only/balanced,0.14735865592956543,0.0,0.0,499.45501041412354,5.045557260513306,3.837829828262329,0.2421588897705078
wine-quality-red,./data/numerical_only/balanced,0.2372598648071289,0.0,0.0,714.2508316040039,12.226537704467773,4.383785247802734,0.3498852252960205
wine-quality-red,./data/numerical_only/balanced,0.23717141151428223,0.0,0.0,716.7965638637543,10.57961893081665,4.0508317947387695,0.21164369583129883
wine-quality-red,./data/numerical_only/balanced,0.26540160179138184,0.0,0.0,729.7339861392975,8.351672172546387,4.511772155761719,0.2689681053161621
wine-quality-red,./data/numerical_only/balanced,0.20566225051879883,0.0,0.0,898.8385701179504,4.433307886123657,4.52965784072876,0.2952151298522949
wine-quality-red,./data/numerical_only/balanced,0.2398848533630371,0.0,0.0,736.1339027881622,6.243680715560913,3.978476047515869,0.29733991622924805
wine-quality-red,./data/numerical_only/balanced,0.22537803649902344,0.0,0.0,869.9223525524139,3.5913808345794678,3.841615915298462,0.316619873046875
wine-quality-red,./data/numerical_only/balanced,0.527538537979126,0.0,0.0,210.99070715904236,4.802532434463501,4.557060956954956,0.5689799785614014
wine-quality-red,./data/numerical_only/balanced,0.20197844505310059,0.0,0.0,782.7126808166504,10.073221683502197,4.6650450229644775,0.19315004348754883
wine-quality-red,./data/numerical_only/balanced,0.18611669540405273,0.0,0.0,671.8556778430939,9.87730360031128,3.7488739490509033,0.33219122886657715
wine-quality-red,./data/numerical_only/balanced,0.4297769069671631,0.0,0.0,742.8880083560944,5.383119344711304,3.9007318019866943,0.29741501808166504
wine-quality-red,./data/numerical_only/balanced,0.1850295066833496,0.0,0.0,653.4520742893219,6.1273651123046875,4.014277458190918,0.34857869148254395
wine-quality-red,./data/numerical_only/balanced,0.1856532096862793,0.0,0.0,758.9664731025696,13.651631832122803,4.236462354660034,0.3135344982147217
wine-quality-red,./data/numerical_only/balanced,0.23325657844543457,0.0,0.0,753.4299972057343,,3.768756866455078,0.1533505916595459
wine-quality-red,./data/numerical_only/balanced,0.2102799415588379,0.0,0.0,447.36915922164917,3.9057796001434326,4.375420331954956,0.19220972061157227
wine-quality-red,./data/numerical_only/balanced,0.26810264587402344,0.0,0.0,539.4478561878204,18.489941120147705,4.292806148529053,0.224015474319458
wine-quality-red,./data/numerical_only/balanced,0.24802231788635254,0.0,0.0,662.4381015300751,3.707969903945923,4.205768346786499,0.273388147354126
wine-quality-red,./data/numerical_only/balanced,0.2190239429473877,0.0,0.0,453.72442150115967,4.263678550720215,4.200212240219116,0.20782184600830078
wine-quality-red,./data/numerical_only/balanced,0.10981130599975586,0.0,0.0,621.4707598686218,4.332849740982056,3.8499484062194824,0.23889374732971191
wine-quality-red,./data/numerical_only/balanced,0.29424476623535156,0.0,0.0,523.8805983066559,11.190580368041992,4.519015073776245,0.26305603981018066
wine-quality-red,./data/numerical_only/balanced,0.20374798774719238,0.0,0.0,792.3197898864746,3.814150810241699,4.0522074699401855,0.2497406005859375
wine-quality-red,./data/numerical_only/balanced,0.2570929527282715,0.0,0.0,714.3799526691437,4.089872360229492,3.9185941219329834,0.36952900886535645
wine-quality-red,./data/numerical_only/balanced,0.2428443431854248,0.0,0.0,754.5995941162109,6.304173946380615,4.420652151107788,0.19853425025939941
wine-quality-red,./data/numerical_only/balanced,0.16507458686828613,0.0,0.0,826.8965501785278,5.746166944503784,3.516533136367798,0.20840716361999512
wine-quality-red,./data/numerical_only/balanced,0.39237213134765625,0.0,0.0,235.13734769821167,5.039413213729858,3.9286396503448486,0.8563485145568848
wine-quality-red,./data/numerical_only/balanced,0.22491931915283203,0.0,0.0,827.6755864620209,3.9060120582580566,3.766838788986206,0.48615455627441406
wine-quality-red,./data/numerical_only/balanced,0.19380593299865723,0.0,0.0,968.0570819377899,5.0260443687438965,4.259119987487793,0.25536227226257324
wine-quality-red,./data/numerical_only/balanced,0.26517581939697266,0.0,0.0,221.17174649238586,3.992208480834961,4.697507619857788,0.4449954032897949
wine-quality-red,./data/numerical_only/balanced,0.24437355995178223,0.0,0.0,658.4053213596344,4.67620062828064,3.660219192504883,0.16556835174560547
wine-quality-red,./data/numerical_only/balanced,0.4213089942932129,0.0,0.0,220.87367963790894,8.640360593795776,4.206591844558716,0.48006224632263184
wine-quality-red,./data/numerical_only/balanced,0.22734570503234863,0.0,0.0,556.6482229232788,,4.078234910964966,0.20661425590515137
wine-quality-red,./data/numerical_only/balanced,0.19862627983093262,0.0,0.0,982.6507112979889,,3.9132273197174072,0.2622408866882324
maternal,./data/numerical_only/balanced,0.08611917495727539,0.0,0.0,10.716533899307251,1.2124371528625488,2.904278039932251,0.2010631561279297
maternal,./data/numerical_only/balanced,0.2627074718475342,0.0,0.0,12.289614200592041,1.0179977416992188,3.072295904159546,0.2734067440032959
maternal,./data/numerical_only/balanced,0.04707193374633789,0.0,0.0,14.834897994995117,1.256819248199463,3.085021734237671,0.14574337005615234
maternal,./data/numerical_only/balanced,0.049790382385253906,0.0,0.0,25.421457052230835,1.9589653015136719,3.0908820629119873,0.13495707511901855
maternal,./data/numerical_only/balanced,0.06818985939025879,0.0,0.0,13.348617553710938,1.0291948318481445,2.9766006469726562,0.10737419128417969
maternal,./data/numerical_only/balanced,0.06306791305541992,0.0,0.0,23.349822998046875,1.0569126605987549,3.065187692642212,0.14675521850585938
maternal,./data/numerical_only/balanced,0.06732416152954102,0.0,0.0,20.783750534057617,1.25730299949646,3.0527279376983643,0.13545465469360352
maternal,./data/numerical_only/balanced,0.07861661911010742,0.0,0.0,24.25033974647522,1.3318793773651123,3.15097975730896,0.1418006420135498
maternal,./data/numerical_only/balanced,0.09020090103149414,0.0,0.0,15.365339517593384,1.2918968200683594,3.154383420944214,0.16054677963256836
maternal,./data/numerical_only/balanced,0.07341980934143066,0.0,0.0,12.291575908660889,1.158534049987793,3.0492043495178223,0.16463041305541992
maternal,./data/numerical_only/balanced,0.0923771858215332,0.0,0.0,11.423535823822021,1.5049378871917725,3.085510730743408,0.11946892738342285
maternal,./data/numerical_only/balanced,0.08115649223327637,0.0,0.0,12.109163522720337,1.4496886730194092,3.1248486042022705,0.11388015747070312
maternal,./data/numerical_only/balanced,0.03964996337890625,0.0,0.0,20.2521390914917,1.45635986328125,2.9640614986419678,0.10926604270935059
maternal,./data/numerical_only/balanced,0.05919384956359863,0.0,0.0,18.05364418029785,1.2990610599517822,3.0211899280548096,0.1320188045501709
maternal,./data/numerical_only/balanced,0.06920576095581055,0.0,0.0,12.821420907974243,1.1774935722351074,2.9779655933380127,0.1115875244140625
maternal,./data/numerical_only/balanced,0.08342719078063965,0.0,0.0,13.559559106826782,2.252384901046753,2.932969093322754,0.29378771781921387
maternal,./data/numerical_only/balanced,0.04520368576049805,0.0,0.0,30.437660217285156,1.217902660369873,3.0045135021209717,0.13759994506835938
maternal,./data/numerical_only/balanced,0.06841778755187988,0.0,0.0,25.862986087799072,1.361215353012085,3.110710620880127,0.17081880569458008
maternal,./data/numerical_only/balanced,0.07335066795349121,0.0,0.0,16.48412847518921,1.1066069602966309,3.1156041622161865,0.21249651908874512
maternal,./data/numerical_only/balanced,0.07767748832702637,0.0,0.0,24.44648289680481,2.417637348175049,2.937734603881836,0.21919775009155273
maternal,./data/numerical_only/balanced,0.04402017593383789,0.0,0.0,36.6541543006897,1.48460054397583,2.866272449493408,0.155104398727417
maternal,./data/numerical_only/balanced,0.26797938346862793,0.0,0.0,9.54105520248413,1.4377200603485107,3.1424829959869385,0.20861506462097168
maternal,./data/numerical_only/balanced,0.09169530868530273,0.0,0.0,14.326404094696045,1.8292207717895508,3.146326780319214,0.1668543815612793
maternal,./data/numerical_only/balanced,0.04496479034423828,0.0,0.0,29.918758153915405,1.9741790294647217,3.178426504135132,0.13723134994506836
maternal,./data/numerical_only/balanced,0.050710201263427734,0.0,0.0,18.551238536834717,1.9369959831237793,2.8246219158172607,0.1530141830444336
maternal,./data/numerical_only/balanced,0.0722036361694336,0.0,0.0,26.397942066192627,1.134606122970581,2.943784475326538,0.13958740234375
maternal,./data/numerical_only/balanced,0.0745856761932373,0.0,0.0,13.217329740524292,1.0453851222991943,3.016172409057617,0.23720741271972656
maternal,./data/numerical_only/balanced,0.03816819190979004,0.0,0.0,19.2450852394104,1.3684046268463135,3.1231577396392822,0.1368696689605713
maternal,./data/numerical_only/balanced,0.07182192802429199,0.0,0.0,14.009094476699829,1.3686158657073975,3.002265214920044,0.11298489570617676
maternal,./data/numerical_only/balanced,0.0697023868560791,0.0,0.0,24.541491270065308,1.135784387588501,3.1192269325256348,0.1454300880432129
maternal,./data/numerical_only/balanced,0.06405496597290039,0.0,0.0,13.02728796005249,1.268707513809204,2.9451608657836914,0.1136174201965332
maternal,./data/numerical_only/balanced,0.06833338737487793,0.0,0.0,17.644614696502686,1.057553768157959,3.0869007110595703,0.1306006908416748
maternal,./data/numerical_only/balanced,0.07780313491821289,0.0,0.0,22.55269742012024,1.4379582405090332,3.182023525238037,0.13011932373046875
maternal,./data/numerical_only/balanced,0.07489323616027832,0.0,0.0,10.122530937194824,1.454559326171875,3.0926923751831055,0.16995573043823242
maternal,./data/numerical_only/balanced,0.0691070556640625,0.0,0.0,8.653137683868408,1.1066021919250488,3.0471584796905518,0.08044171333312988
maternal,./data/numerical_only/balanced,0.06803154945373535,0.0,0.0,15.317857027053833,1.4479210376739502,2.946110963821411,0.21477365493774414
maternal,./data/numerical_only/balanced,0.2337348461151123,0.0,0.0,18.890486240386963,1.6878976821899414,3.137650966644287,0.1328887939453125
maternal,./data/numerical_only/balanced,0.06112384796142578,0.0,0.0,38.4970920085907,1.1532678604125977,2.9020256996154785,0.13008832931518555
maternal,./data/numerical_only/balanced,0.08551669120788574,0.0,0.0,9.07953143119812,1.321885108947754,3.0884220600128174,0.08114504814147949
maternal,./data/numerical_only/balanced,0.056775569915771484,0.0,0.0,16.43439269065857,1.0229086875915527,3.113415002822876,0.13318490982055664
maternal,./data/numerical_only/balanced,0.06353950500488281,0.0,0.0,28.854358673095703,1.9829204082489014,3.1257786750793457,0.1392195224761963
maternal,./data/numerical_only/balanced,0.0721590518951416,0.0,0.0,11.007489442825317,1.1797406673431396,3.0437557697296143,0.185502290725708
maternal,./data/numerical_only/balanced,0.05633831024169922,0.0,0.0,20.84189200401306,1.7021989822387695,3.1256372928619385,0.14523744583129883
maternal,./data/numerical_only/balanced,0.053473472595214844,0.0,0.0,18.225281715393066,1.283975601196289,3.0424232482910156,0.14488911628723145
maternal,./data/numerical_only/balanced,0.09991455078125,0.0,0.0,15.637359619140625,1.2423732280731201,3.0920066833496094,0.15603327751159668
maternal,./data/numerical_only/balanced,0.07647109031677246,0.0,0.0,20.1327064037323,1.0693724155426025,2.990689992904663,0.1280057430267334
maternal,./data/numerical_only/balanced,0.24782538414001465,0.0,0.0,12.218024492263794,1.5528643131256104,3.0542423725128174,0.10433316230773926
maternal,./data/numerical_only/balanced,0.08235836029052734,0.0,0.0,23.57968258857727,1.4454443454742432,2.998044967651367,0.14149117469787598
maternal,./data/numerical_only/balanced,0.2687394618988037,0.0,0.0,14.809494733810425,1.2375922203063965,3.0228254795074463,0.1847233772277832
maternal,./data/numerical_only/balanced,0.07179665565490723,0.0,0.0,37.01947331428528,1.1467406749725342,3.1267075538635254,0.10671496391296387
