gender,height,weight,index
male,short[0.2880635477276248];medium[0.6323525785080119];tall[0.07958387376436318],light[0.06075346632519163];normal[0.6950714126773211];heavy[0.24417512099748714],4
male,short[0.5427324030065072];medium[0.29870344547393346];tall[0.1585641515195594],light[0.3049133205059182];normal[0.13444820788031822];heavy[0.5606384716137637],2
female,short[0.46319097170492274];medium[0.37880074867207736];tall[0.1580082796229999],light[0.2867593922579523];normal[0.42122911103381444];heavy[0.29201149670823323],4
female,short[0.033018199445915136];medium[0.8575228555533172];tall[0.10945894500076765],light[0.3779681943089925];normal[0.3582109701899303];heavy[0.26382083550107704],3
male,short[0.10139677605987915];medium[0.7187955309101263];tall[0.1798076930299945],light[0.25257845645866195];normal[0.4706323390568271];heavy[0.276789204484511],3
male,short[0.30117788922810845];medium[0.34835077068583];tall[0.35047134008606157],light[0.0017317717551888704];normal[0.46819739900456847];heavy[0.5300708292402428],3
male,short[0.24223252732069198];medium[0.4959833652293195];tall[0.26178410744998853],light[0.2782962429400211];normal[0.3517335205592726];heavy[0.3699702365007063],5
male,short[0.17044626873500487];medium[0.12481908596550297];tall[0.7047346452994921],light[0.16010674496532823];normal[0.14863920999198543];heavy[0.6912540450426864],5
male,short[0.7505341403620794];medium[0.24775706740295947];tall[0.0017087922349610571],light[0.02221570774714223];normal[0.6194682184097743];heavy[0.3583160738430835],3
female,short[0.43978237739773207];medium[0.30785125750281955];tall[0.2523663650994483],light[0.4392161712963682];normal[0.18941569164250055];heavy[0.3713681370611313],4
male,short[0.16527234630607676];medium[0.3497483844925505];tall[0.48497926920137274],light[0.5910621461302199];normal[0.26313165574918945];heavy[0.14580619812059062],2
female,short[0.14963525541655326];medium[0.4962465041862888];tall[0.354118240397158],light[0.43890594801809196];normal[0.3570589170158201];heavy[0.20403513496608797],4
female,short[0.32499656550126327];medium[0.62233783966498];tall[0.052665594833756685],light[0.5481532481867258];normal[0.02293137042641977];heavy[0.42891538138685426],3
male,short[0.5043104052607762];medium[0.17465680117498456];tall[0.32103279356423936],light[0.2601290582607359];normal[0.24077551602436037];heavy[0.4990954257149037],2
male,short[0.5120548096897404];medium[0.22323780620386274];tall[0.26470738410639677],light[0.14977835716788104];normal[0.7945015434026186];heavy[0.055720099429500604],2
female,short[0.6537751369408884];medium[0.30014579382248374];tall[0.04607906923662775],light[0.3106130455385552];normal[0.5916831550242839];heavy[0.09770379943716107],5
female,short[0.16671427777830236];medium[0.09554587435608312];tall[0.7377398478656145],light[0.6533837901816274];normal[0.12457836020880841];heavy[0.2220378496095642],5
male,short[0.41951930115491054];medium[0.23181545113367877];tall[0.34866524771141066],light[0.04816843247817588];normal[0.452410485660099];heavy[0.499421081861725],5
male,short[0.03450739794857889];medium[0.6655316504132085];tall[0.2999609516382126],light[0.01932366793391892];normal[0.9179846382341487];heavy[0.0626916938319325],5
male,short[0.11378929475449301];medium[0.689456327724946];tall[0.19675437752056105],light[0.5968222715837926];normal[0.30399476624737987];heavy[0.09918296216882735],5
male,short[0.32655743090564404];medium[0.5627495497371212];tall[0.11069301935723484],light[0.17216573427538712];normal[0.33518434451517704];heavy[0.49264992120943585],5
female,short[0.14130233806020795];medium[0.7897639135857486];tall[0.06893374835404341],light[0.7531604715758036];normal[0.22093240035637124];heavy[0.02590712806782511],5
female,short[0.47583844478607507];medium[0.2868462303884718];tall[0.23731532482545306],light[0.27916552455265226];normal[0.02073102018032672];heavy[0.700103455267021],4
male,short[0.12898834425818512];medium[0.362271756266501];tall[0.508739899475314],light[0.07016903742908263];normal[0.84246787304534];heavy[0.08736308952557731],5
female,short[0.23300419036472533];medium[0.0052729194453283775];tall[0.7617228901899463],light[0.6000746118192897];normal[0.08580526110113504];heavy[0.31412012707957526],2
female,short[0.15551565768641873];medium[0.49898822615202415];tall[0.3454961161615571],light[0.3973148307340464];normal[0.32669142453046474];heavy[0.275993744735489],3
male,short[0.05462450454733802];medium[0.38968387030447915];tall[0.5556916251481828],light[0.1794081827553188];normal[0.1426074322384722];heavy[0.6779843850062091],3
male,short[0.18712506269611365];medium[0.07338594058717911];tall[0.7394889967167074],light[0.040483892672377154];normal[0.7284842242650893];heavy[0.2310318830625335],1
female,short[0.08129001453247832];medium[0.5044896993127416];tall[0.41422028615478],light[0.001055264233445382];normal[0.8253646333869895];heavy[0.1735801023795651],5
male,short[0.4741392519060303];medium[0.09034386010156188];tall[0.4355168879924078],light[0.04957879425893509];normal[0.9423333383216175];heavy[0.00808786741944731],5
male,short[0.7192200293546515];medium[0.01546244680687608];tall[0.26531752383847235],light[0.11707028650280356];normal[0.8549646911954093];heavy[0.027965022301787316],5
male,short[0.20703902381668982];medium[0.6335241605877768];tall[0.15943681559553335],light[0.0441618353750484];normal[0.31593002879333604];heavy[0.6399081358316157],1
female,short[0.26296544502745006];medium[0.5274934034048983];tall[0.20954115156765166],light[0.7736029251409022];normal[0.057247975404345404];heavy[0.1691490994547522],1
female,short[0.011753488767332568];medium[0.04193909973222201];tall[0.9463074115004454],light[0.22008772138326083];normal[0.5636610521617436];heavy[0.21625122645499548],5
female,short[0.1522213939316234];medium[0.1622311681768336];tall[0.685547437891543],light[0.3203979759962883];normal[0.49026468946218227];heavy[0.18933733454152937],5
female,short[0.1973497982902523];medium[0.313329713004907];tall[0.4893204887048408],light[0.6741143252056419];normal[0.14823889499147827];heavy[0.17764677980287985],4
female,short[0.687452095467399];medium[0.15669853570062506];tall[0.15584936883197592],light[0.3720040220824495];normal[0.31818613896609627];heavy[0.3098098389514542],3
male,short[0.17519971431392597];medium[0.3582791668092112];tall[0.4665211188768629],light[0.3795206645277486];normal[0.16054325947129175];heavy[0.4599360760009596],4
female,short[0.7316175995058357];medium[0.06302836403016243];tall[0.20535403646400194],light[0.482831843819586];normal[0.38983966888356586];heavy[0.127328487296848],5
female,short[0.04618077275066994];medium[0.8660924287026549];tall[0.08772679854667513],light[0.1391333219799529];normal[0.5977516398735142];heavy[0.2631150381465329],2
female,short[0.2675489612661532];medium[0.4796826254205056];tall[0.25276841331334116],light[0.03636003245494813];normal[0.8470631528593554];heavy[0.11657681468569642],4
female,short[0.27614106467656435];medium[0.2873861545131364];tall[0.4364727808102993],light[0.2058203445171049];normal[0.6964886835437581];heavy[0.09769097193913694],5
male,short[0.3191725822581459];medium[0.06552423675190289];tall[0.6153031809899513],light[0.045901778443317845];normal[0.7597840767281688];heavy[0.1943141448285132],2
male,short[0.0229745258508702];medium[0.665271819059149];tall[0.3117536550899808],light[0.542737623035584];normal[0.3983442450723029];heavy[0.058918131892112875],5
female,short[0.024783692011886113];medium[0.9682793762402824];tall[0.006936931747831532],light[0.25830185707474757];normal[0.5492329798810085];heavy[0.19246516304424388],4
male,short[0.029393564146705884];medium[0.9378662625468014];tall[0.03274017330649257],light[0.23984222492400056];normal[0.5440002826408824];heavy[0.21615749243511692],2
female,short[0.1362862522194529];medium[0.5079062202097043];tall[0.3558075275708428],light[0.6121486337195069];normal[0.2790124567948618];heavy[0.10883890948563135],4
male,short[0.6045052823298358];medium[0.1970168174941771];tall[0.1984779001759871],light[0.30954896663110704];normal[0.3376991751324323];heavy[0.35275185823646066],4
male,short[0.47929850302309673];medium[0.519445157536279];tall[0.00125633944062417],light[0.0313432558427442];normal[0.5513409869823626];heavy[0.4173157571748931],3
male,short[0.18154015260040274];medium[0.7610658882025602];tall[0.057393959197037034],light[0.4467766221132624];normal[0.3472773465062947];heavy[0.20594603138044276],5
female,short[0.2957112838941684];medium[0.12150536961430701];tall[0.5827833464915246],light[0.2025433488470527];normal[0.1283322588086811];heavy[0.6691243923442662],5
female,short[0.4967462280821238];medium[0.0388989174892407];tall[0.4643548544286356],light[0.20128618958561578];normal[0.4901177536791216];heavy[0.3085960567352625],1
male,short[0.31189819655855977];medium[0.31859967558795615];tall[0.3695021278534842],light[0.12294993561809758];normal[0.18409711302001908];heavy[0.6929529513618834],5
male,short[0.2714457654076326];medium[0.6817272411046277];tall[0.04682699348773979],light[0.3435992604477961];normal[0.565515707513306];heavy[0.09088503203889776],4
male,short[0.6221554931536468];medium[0.14646550545795753];tall[0.23137900138839548],light[0.0657632822019894];normal[0.2389316551735108];heavy[0.6953050626244998],4
female,short[0.09878177390411924];medium[0.6964239428150022];tall[0.2047942832808786],light[0.3731208977021457];normal[0.4835819489255889];heavy[0.14329715337226523],3
male,short[0.25759214651995976];medium[0.24221102591179988];tall[0.5001968275682404],light[0.06235436662966341];normal[0.08188294885545037];heavy[0.8557626845148862],4
male,short[0.5382434736033026];medium[0.09366652293509581];tall[0.3680900034616017],light[0.057643824140916754];normal[0.07479459245288747];heavy[0.8675615834061957],5
female,short[0.21734201463215397];medium[0.7780131881071882];tall[0.004644797260657849],light[0.630199846777871];normal[0.16856351217067178];heavy[0.20123664105145722],3
male,short[0.18672097177127178];medium[0.2500346782074698];tall[0.5632443500212584],light[0.08239438702568558];normal[0.340218818673739];heavy[0.5773867943005754],5
female,short[0.3358590706383178];medium[0.5158824826623288];tall[0.14825844669935345],light[0.21082209798387633];normal[0.012812709444819591];heavy[0.776365192571304],0
female,short[0.17405435148455448];medium[0.2801393984454248];tall[0.5458062500700207],light[0.2686737154303058];normal[0.40129268249079275];heavy[0.33003360207890137],5
male,short[0.3599560113551321];medium[0.2919494135483469];tall[0.348094575096521],light[0.15978799299712632];normal[0.1041034420625517];heavy[0.736108564940322],0
male,short[0.05869653721171612];medium[0.9256455879336514];tall[0.01565787485463263],light[0.6204501615207566];normal[0.18636857997410897];heavy[0.1931812585051344],2
male,short[0.012559942955803474];medium[0.14600628763418078];tall[0.8414337694100157],light[0.4280226819792681];normal[0.25477368813387063];heavy[0.3172036298868613],5
female,short[0.5907702114816131];medium[0.01140880544890894];tall[0.3978209830694778],light[0.8060067041417185];normal[0.12570516238361418];heavy[0.06828813347466732],5
female,short[0.7407197233097136];medium[0.25399317623707307];tall[0.005287100453213407],light[0.15810915400227732];normal[0.2733202879556017];heavy[0.5685705580421209],4
female,short[0.09167043099323938];medium[0.8303991794058396];tall[0.07793038960092091],light[0.17097924161008443];normal[0.6918688602728275];heavy[0.1371518981170882],2
female,short[0.09312995334641036];medium[0.3991447657658944];tall[0.5077252808876953],light[0.7095817974137185];normal[0.2863103647812471];heavy[0.00410783780503433],4
female,short[0.20180509106052066];medium[0.24001514785801167];tall[0.5581797610814675],light[0.17226527204357145];normal[0.8195055670067041];heavy[0.008229160949724411],4
female,short[0.3376328953463081];medium[0.60154144633468];tall[0.060825658319012044],light[0.5984255828493164];normal[0.09298592414793393];heavy[0.30858849300274976],2
male,short[0.3057545281849373];medium[0.5828538248685821];tall[0.11139164694648057],light[0.05894853637124433];normal[0.1794283116855635];heavy[0.7616231519431921],4
male,short[0.8331303139910659];medium[0.1480132176814988];tall[0.01885646832743537],light[0.26079500528201105];normal[0.19955643042614304];heavy[0.5396485642918459],5
male,short[0.3475478449941667];medium[0.5076817135912776];tall[0.14477044141455567],light[0.36688867645503476];normal[0.012849431056244566];heavy[0.6202618924887207],2
female,short[0.13687007202459403];medium[0.4530127007268933];tall[0.4101172272485128],light[0.5691026964397968];normal[0.42417445037616497];heavy[0.0067228531840381085],3
female,short[0.0096053622785029];medium[0.2519530403065865];tall[0.7384415974149107],light[0.12618754495073917];normal[0.7279333536257125];heavy[0.14587910142354835],4
male,short[0.010437097677951764];medium[0.7104711166058193];tall[0.27909178571622895],light[0.027985873407760053];normal[0.22731480053149863];heavy[0.7446993260607414],4
female,short[0.03819999624420637];medium[0.40827996896052343];tall[0.5535200347952701],light[0.4373757602578617];normal[0.015102874116385428];heavy[0.5475213656257529],4
female,short[0.14999341444925332];medium[0.765525849568149];tall[0.08448073598259777],light[0.23784526681737617];normal[0.3758545209995665];heavy[0.38630021218305727],4
male,short[0.827160703755737];medium[0.16794974497134305];tall[0.00488955127291979],light[0.30049666415682147];normal[0.38498433688571804];heavy[0.3145189989574605],0
male,short[0.9184173596448504];medium[0.07372175896747342];tall[0.007860881387676119],light[0.8055410817067756];normal[0.01121356652672668];heavy[0.18324535176649767],3
female,short[0.5587677052471821];medium[0.41924728267322947];tall[0.021985012079588355],light[0.06413289447668112];normal[0.4367477873326944];heavy[0.49911931819062444],5
female,short[0.5456415453914238];medium[0.21459393826436282];tall[0.23976451634421325],light[0.6207546817616134];normal[0.3617352974776699];heavy[0.017510020760716578],3
male,short[0.1055161213261838];medium[0.5140715199381161];tall[0.3804123587357],light[0.11275263674385679];normal[0.7400671049770653];heavy[0.14718025827907769],4
male,short[0.07486518276795584];medium[0.9184970537108088];tall[0.006637763521235448],light[0.08790631125515648];normal[0.13917392529899256];heavy[0.7729197634458511],5
male,short[0.5657676421465091];medium[0.028258343965307343];tall[0.40597401388818344],light[0.26555197644120776];normal[0.6163608496326036];heavy[0.11808717392618856],0
female,short[0.41387984720729765];medium[0.5616407416888325];tall[0.024479411103869857],light[0.5050518391452414];normal[0.40547224125450143];heavy[0.08947591960025712],5
male,short[0.22767862181513843];medium[0.3779581451328839];tall[0.3943632330519776],light[0.5117448733267046];normal[0.21796162036994837];heavy[0.2702935063033471],5
female,short[0.5325531079472227];medium[0.2646594881965075];tall[0.2027874038562699],light[0.26200482546862014];normal[0.41425706962438885];heavy[0.323738104906991],5
female,short[0.04920242670287796];medium[0.4193457813379233];tall[0.5314517919591987],light[0.1519544418627724];normal[0.07817207083461651];heavy[0.7698734873026111],5
female,short[0.11948294903297749];medium[0.3234850143865347];tall[0.5570320365804878],light[0.6383842923471822];normal[0.18784671650321588];heavy[0.17376899114960181],5
female,short[0.13637259316980765];medium[0.40392066646993346];tall[0.45970674036025894],light[0.21842063475878506];normal[0.6788705388836739];heavy[0.10270882635754121],3
female,short[0.7699022062506279];medium[0.19742923563433198];tall[0.03266855811504038],light[0.14602101425031697];normal[0.6748299079772231];heavy[0.17914907777246009],3
male,short[0.5598648039710398];medium[0.008766224884830682];tall[0.4313689711441294],light[0.3633961264414454];normal[0.07224852880009415];heavy[0.5643553447584605],2
male,short[0.14483040040281006];medium[0.06185251495291516];tall[0.7933170846442748],light[0.00019101819997948284];normal[0.1526666537927478];heavy[0.8471423280072727],4
female,short[0.8280079408684327];medium[0.03588302663724936];tall[0.13610903249431783],light[0.2939506399652178];normal[0.49163497564111713];heavy[0.2144143843936651],5
male,short[0.14602979116458964];medium[0.06409748893112407];tall[0.7898727199042863],light[0.10888510293118393];normal[0.33426340555840367];heavy[0.5568514915104124],4
male,short[0.3403148117645554];medium[0.29063932763239836];tall[0.3690458606030463],light[0.034196210880530827];normal[0.8165418244782268];heavy[0.14926196464124247],5
male,short[0.46076549796985783];medium[0.21734696909488777];tall[0.3218875329352544],light[0.8428355186874832];normal[0.02466845677287242];heavy[0.13249602453964449],1
female,short[0.7241505777742527];medium[0.005784351076698316];tall[0.27006507114904893],light[0.23175489951213024];normal[0.1238741667632352];heavy[0.6443709337246345],0
male,short[0.20771266064808205];medium[0.5333692883523419];tall[0.25891805099957604],light[0.013505307152542154];normal[0.16846836252426867];heavy[0.8180263303231892],4
male,short[0.004368366293071135];medium[0.9434075533335573];tall[0.05222408037337156],light[0.052249280053059066];normal[0.813994863639851];heavy[0.13375585630708986],5
male,short[0.34712193024874555];medium[0.19599944746334516];tall[0.45687862228790915],light[0.4859420209000476];normal[0.3362957916644008];heavy[0.17776218743555144],5
female,short[0.7252747251094485];medium[0.11863102479336678];tall[0.15609425009718483],light[0.6534489402117298];normal[0.18710797338869825];heavy[0.15944308639957186],4
female,short[0.06725105031444222];medium[0.1651288013210548];tall[0.767620148364503],light[0.09300435083546196];normal[0.05147776910352083];heavy[0.8555178800610174],4
male,short[0.16852698138773756];medium[0.23286605786621858];tall[0.5986069607460439],light[0.6941430577020021];normal[0.17847797266909965];heavy[0.12737896962889814],4
male,short[0.20771030681887878];medium[0.3773119411834961];tall[0.41497775199762515],light[0.44808367009316874];normal[0.09940226084273311];heavy[0.452514069064098],5
male,short[0.0692685808223702];medium[0.23838195355585032];tall[0.6923494656217796],light[0.04233735697107212];normal[0.7968080964034226];heavy[0.16085454662550502],5
female,short[0.9006229870343236];medium[0.041773420513175244];tall[0.05760359245250104],light[0.7362501072019262];normal[0.1410371088333573];heavy[0.12271278396471658],4
male,short[0.31508576301234026];medium[0.18339135404437562];tall[0.5015228829432842],light[0.7372819686061063];normal[0.0329971643813127];heavy[0.22972086701258113],3
female,short[0.0612669464580787];medium[0.37419692721965087];tall[0.5645361263222703],light[0.15261560062719984];normal[0.1844184829153728];heavy[0.6629659164574275],4
female,short[0.11365624748682869];medium[0.29615463587809226];tall[0.5901891166350789],light[0.2709199918988007];normal[0.5443535924003763];heavy[0.18472641570082313],5
male,short[0.4577371205384932];medium[0.48798615033704856];tall[0.05427672912445836],light[0.03672738520410862];normal[0.5793041604048211];heavy[0.3839684543910703],4
female,short[0.24427160609807583];medium[0.16611503224429008];tall[0.5896133616576342],light[0.10700559647825625];normal[0.4126524254034579];heavy[0.48034197811828583],2
female,short[0.1985402151342836];medium[0.5532442834696505];tall[0.24821550139606588],light[0.4692949164819051];normal[0.06919432638741523];heavy[0.4615107571306797],4
male,short[0.7525558002174343];medium[0.2439712908454583];tall[0.003472908937107606],light[0.013453172551187777];normal[0.151248326610649];heavy[0.8352985008381631],3
female,short[0.32756852743619363];medium[0.6367954381690805];tall[0.03563603439472573],light[0.33333392438032816];normal[0.3512896082115901];heavy[0.31537646740808184],2
female,short[0.2882350646582782];medium[0.00707777641722877];tall[0.704687158924493],light[0.24934978167126284];normal[0.3990040376571051];heavy[0.35164618067163184],5
male,short[0.7224646099401874];medium[0.25089649552726756];tall[0.026638894532544977],light[0.3538214460629372];normal[0.4668102488745678];heavy[0.17936830506249507],5
female,short[0.3942633681208655];medium[0.44478030918778144];tall[0.16095632269135313],light[0.4367720815145219];normal[0.49163174289933065];heavy[0.07159617558614736],5
female,short[0.652214481387411];medium[0.012261600864337207];tall[0.3355239177482517],light[0.6241938527134739];normal[0.36547429297137723];heavy[0.010331854315148836],4
male,short[0.08418693237529988];medium[0.5139452901029232];tall[0.4018677775217768],light[0.27540146149259015];normal[0.3315243082918066];heavy[0.3930742302156032],4
male,short[0.49893221242972735];medium[0.32681766521079153];tall[0.174250122359481],light[0.6839157120354451];normal[0.13071859870342453];heavy[0.1853656892611305],4
female,short[0.7290465290098167];medium[0.18395738347684104];tall[0.08699608751334227],light[0.33481043061221005];normal[0.21492224724623768];heavy[0.45026732214155224],5
female,short[0.10272592173431223];medium[0.45737946130774215];tall[0.4398946169579456],light[0.43537561392213836];normal[0.062463001138471475];heavy[0.50216138493939],5
male,short[0.5544019953502204];medium[0.374928350458452];tall[0.07066965419132751],light[0.020551910472096233];normal[0.6142346685569473];heavy[0.3652134209709565],4
male,short[0.06164169149858854];medium[0.38212471734549114];tall[0.5562335911559203],light[0.5258369850204209];normal[0.13649138791163654];heavy[0.3376716270679425],4
female,short[0.41088973661954903];medium[0.2623383895144389];tall[0.32677187386601203],light[0.14429679203035756];normal[0.2109320427908095];heavy[0.6447711651788329],4
male,short[0.03692809901290973];medium[0.6438261292805002];tall[0.31924577170659],light[0.2580491972064827];normal[0.5148608474139007];heavy[0.2270899553796165],5
male,short[0.05096437775768592];medium[0.56616020103607];tall[0.3828754212062441],light[0.40736004272778736];normal[0.3702701337744263];heavy[0.22236982349778642],2
female,short[0.4549093888112054];medium[0.535974357419133];tall[0.009116253769661718],light[0.3074814436461404];normal[0.13417037924352143];heavy[0.5583481771103382],5
female,short[0.9241985254697815];medium[0.008726948466664415];tall[0.06707452606355395],light[0.13134764654121794];normal[0.15561230564553688];heavy[0.7130400478132453],2
female,short[0.7068826106010465];medium[0.18723417697002445];tall[0.10588321242892912],light[0.5987773865039488];normal[0.3360288751893797];heavy[0.06519373830667148],5
female,short[0.6658489545704227];medium[0.20658365470147994];tall[0.12756739072809717],light[0.157196336273945];normal[0.3173085865118987];heavy[0.5254950772141562],4
female,short[0.4713695029299644];medium[0.06748823306594307];tall[0.4611422640040925],light[0.5461071237245386];normal[0.14132724009258768];heavy[0.3125656361828736],5
female,short[0.23129716162553893];medium[0.3130840331282901];tall[0.45561880524617093],light[0.8349771445517898];normal[0.14826109078395602];heavy[0.01676176466425405],5
female,short[0.6115223212594542];medium[0.09784572601517431];tall[0.2906319527253714],light[0.1119115223518971];normal[0.8553752016973828];heavy[0.03271327595072009],5
male,short[0.6308994897230479];medium[0.16332854408422082];tall[0.20577196619273136],light[0.4092302228504908];normal[0.14869601715143943];heavy[0.44207375999806986],3
male,short[0.44563992999983826];medium[0.14206006001505037];tall[0.41230000998511135],light[0.26632551961189144];normal[0.7167113493580191];heavy[0.01696313103008966],5
male,short[0.2918334342197075];medium[0.5642883726454729];tall[0.14387819313481945],light[0.03921335181752285];normal[0.04454715049690739];heavy[0.9162394976855698],5
female,short[0.8712557608402591];medium[0.10602013187718753];tall[0.022724107282553443],light[0.4504238205596881];normal[0.47113079773980104];heavy[0.07844538170051077],2
female,short[0.2937576495138082];medium[0.28261495286067106];tall[0.4236273976255207],light[0.5133401595050155];normal[0.0777356508570125];heavy[0.40892418963797206],4
male,short[0.19098075502783488];medium[0.4826336278592815];tall[0.32638561711288366],light[0.46692335358582143];normal[0.3546979246891964];heavy[0.17837872172498206],5
male,short[0.18523388426000656];medium[0.8108634318968595];tall[0.0039026838431339655],light[0.3697921454089714];normal[0.2641289895295748];heavy[0.36607886506145393],5
male,short[0.3592353390574044];medium[0.4285448773587462];tall[0.2122197835838495],light[0.5383554948398569];normal[0.45570372172057433];heavy[0.005940783439568988],5
male,short[0.05131848437619611];medium[0.7618451155721673];tall[0.18683640005163674],light[0.3270122458839699];normal[0.2665415460231696];heavy[0.4064462080928605],4
male,short[0.8269640502671299];medium[0.025681832075120828];tall[0.14735411765774914],light[0.3042145624704576];normal[0.20731210470673286];heavy[0.4884733328228096],3
female,short[0.5322308086501819];medium[0.05766798255425973];tall[0.4101012087955584],light[0.1887051185155896];normal[0.7186437816466719];heavy[0.09265109983773853],5
male,short[0.13100023250631815];medium[0.2618916018544359];tall[0.607108165639246],light[0.7976080888008134];normal[0.013700129699986574];heavy[0.1886917814992001],3
female,short[0.00931129603566365];medium[0.7367722141606388];tall[0.2539164898036976],light[0.08296023278933157];normal[0.3736502013398994];heavy[0.543389565870769],3
female,short[0.4220851917796756];medium[0.125448173095982];tall[0.45246663512434243],light[0.2522049179890295];normal[0.5179272932336365];heavy[0.229867788777334],0
male,short[0.5588822485886603];medium[0.3921511193806368];tall[0.04896663203070277],light[0.0055008311156941395];normal[0.9197687938111877];heavy[0.07473037507311797],3
female,short[0.37771025601502556];medium[0.4267680766395395];tall[0.1955216673454349],light[0.3096113271283069];normal[0.05370512040120492];heavy[0.6366835524704882],3
female,short[0.1786171003351492];medium[0.5243327939202694];tall[0.2970501057445814],light[0.23811480608973];normal[0.011321301376937652];heavy[0.7505638925333323],5
female,short[0.11233849402099795];medium[0.4588330544443052];tall[0.42882845153469684],light[0.3253579272482136];normal[0.6382847747588896];heavy[0.036357297992896824],5
female,short[0.03479000419410614];medium[0.33036045936956204];tall[0.6348495364363319],light[0.5921910739736407];normal[0.21095661349484723];heavy[0.196852312531512],4
female,short[0.08948366257443917];medium[0.25999058464973973];tall[0.6505257527758211],light[0.4467834761960801];normal[0.2107270242583056];heavy[0.3424894995456142],3
male,short[0.815290871168889];medium[0.14373852202258847];tall[0.040970606808522554],light[0.15444694899282088];normal[0.21220031884535187];heavy[0.6333527321618273],5
female,short[0.4008051073612935];medium[0.10468922471138886];tall[0.4945056679273177],light[0.09365716996541791];normal[0.5782954864710793];heavy[0.3280473435635028],3
male,short[0.30768436562582935];medium[0.11942389699223165];tall[0.5728917373819389],light[0.030071987704948205];normal[0.8889457121047566];heavy[0.08098230019029524],4
male,short[0.26013079563587604];medium[0.03617053559802871];tall[0.7036986687660953],light[0.04957472052230679];normal[0.21163012205460952];heavy[0.7387951574230838],2
female,short[0.3371894787517212];medium[0.09520798526649384];tall[0.5676025359817849],light[0.6398880630726449];normal[0.09229604722495255];heavy[0.2678158897024026],2
male,short[0.3044232449581829];medium[0.43956560674228995];tall[0.25601114829952715],light[0.08282493739103094];normal[0.7717392694713103];heavy[0.1454357931376588],3
female,short[0.32876409494133546];medium[0.4035641385734464];tall[0.2676717664852182],light[0.021862049815925207];normal[0.9229999917238472];heavy[0.055137958460227655],5
female,short[0.3969046882526834];medium[0.218614224868415];tall[0.3844810868789017],light[0.2913182313489026];normal[0.25085240133367087];heavy[0.45782936731742657],4
male,short[0.2623941184017969];medium[0.5781394095072869];tall[0.1594664720909161],light[0.10946223287280504];normal[0.11865198068094657];heavy[0.7718857864462483],2
male,short[0.2537833295305591];medium[0.5444747767101036];tall[0.20174189375933738],light[0.4918551547488697];normal[0.0292387725760511];heavy[0.47890607267507923],4
female,short[0.2365874680496268];medium[0.7530829622493823];tall[0.010329569700990873],light[0.38828226954773104];normal[0.34013226836483046];heavy[0.2715854620874385],5
female,short[0.3992765658635027];medium[0.21787612233516035];tall[0.38284731180133696],light[0.03992890089755979];normal[0.6623639257892554];heavy[0.2977071733131848],3
female,short[0.3236999094161692];medium[0.2631432089982522];tall[0.4131568815855786],light[0.18232621873640392];normal[0.4333765036109222];heavy[0.3842972776526738],2
male,short[0.2174917119452835];medium[0.42846515126030166];tall[0.35404313679441496],light[0.8799825546964185];normal[0.012702835620216714];heavy[0.10731460968336468],4
male,short[0.2577586589192155];medium[0.5957868837381451];tall[0.14645445734263934],light[0.02508887484251847];normal[0.1890812654739237];heavy[0.7858298596835578],5
male,short[0.431193244708957];medium[0.14477192826664806];tall[0.424034827024395],light[0.0293625337917161];normal[0.8239290890909402];heavy[0.1467083771173437],5
female,short[0.05694388014338491];medium[0.3416228136682548];tall[0.6014333061883603],light[0.07191769557794067];normal[0.8589307395537011];heavy[0.06915156486835809],4
male,short[0.14995604736583945];medium[0.5245432632268963];tall[0.32550068940726434],light[0.5252623337944111];normal[0.06668559458880867];heavy[0.4080520716167802],4
female,short[0.07433383570046653];medium[0.20314540090129996];tall[0.7225207633982335],light[0.1992758598654611];normal[0.28762088328297714];heavy[0.5131032568515618],4
female,short[0.6875237725526189];medium[0.26732626240289115];tall[0.045149965044490016],light[0.26345481958329825];normal[0.6678516639015344];heavy[0.06869351651516747],4
female,short[0.3043244248610826];medium[0.29721569548478294];tall[0.39845987965413465],light[0.2922918077467302];normal[0.07180591453337447];heavy[0.6359022777198953],3
female,short[0.5921236920955059];medium[0.09649214539704011];tall[0.31138416250745404],light[0.002862016213417054];normal[0.20276653722860777];heavy[0.7943714465579751],5
male,short[0.7419552949558834];medium[0.09371164417298636];tall[0.1643330608711301],light[0.5422634183944742];normal[0.1917584668214241];heavy[0.26597811478410166],3
female,short[0.2979682288422419];medium[0.32551805489587043];tall[0.3765137162618875],light[0.32878990986509204];normal[0.008071616358517669];heavy[0.6631384737763903],3
male,short[0.37597338273890596];medium[0.3458446603848747];tall[0.2781819568762193],light[0.6977473422198703];normal[0.19472694517853997];heavy[0.10752571260158962],4
male,short[0.05722124896660142];medium[0.1928225193134046];tall[0.7499562317199939],light[0.6397603907836892];normal[0.2814100617438544];heavy[0.07882954747245635],4
male,short[0.18450742493730798];medium[0.3410263557193493];tall[0.47446621934334265],light[0.05090424720050711];normal[0.7277210692668786];heavy[0.22137468353261436],2
female,short[0.165902709247367];medium[0.09020163401057753];tall[0.7438956567420555],light[0.4239081088394064];normal[0.3954729449868642];heavy[0.1806189461737293],3
male,short[0.028523591586690704];medium[0.8452459273108399];tall[0.12623048110246937],light[0.13971600032866152];normal[0.21088988112563284];heavy[0.6493941185457057],3
female,short[0.23159665029496668];medium[0.6526305729231435];tall[0.11577277678188982],light[0.06928873881460083];normal[0.09059755091543904];heavy[0.8401137102699601],5
female,short[0.5563977599575679];medium[0.23117256294710214];tall[0.21242967709532992],light[0.8217085883185553];normal[0.05082909497470957];heavy[0.12746231670673516],3
female,short[0.4796966733244217];medium[0.03708233792025759];tall[0.4832209887553207],light[0.7279634028083336];normal[0.05406787560018754];heavy[0.21796872159147893],5
male,short[0.49976160481266735];medium[0.19923854373892894];tall[0.3009998514484038],light[0.07192256102192923];normal[0.2643324778813342];heavy[0.6637449610967365],4
male,short[0.6719767766721676];medium[0.311345952634003];tall[0.0166772706938294],light[0.31142609293760953];normal[0.32242953687673365];heavy[0.36614437018565676],5
male,short[0.013125216195280006];medium[0.656567135368021];tall[0.330307648436699],light[0.08191324884489354];normal[0.09044911823798316];heavy[0.8276376329171233],5
male,short[0.16556418712579632];medium[0.5565151874151194];tall[0.27792062545908436],light[0.39379584440161197];normal[0.1874323362245158];heavy[0.41877181937387237],4
female,short[0.5561331373510354];medium[0.3501731137538458];tall[0.09369374889511878],light[0.4845337927565351];normal[0.040982852711488736];heavy[0.47448335453197615],5
male,short[0.20330719454060006];medium[0.5238082970582297];tall[0.2728845084011702],light[0.30544422815974875];normal[0.46559924381499446];heavy[0.22895652802525687],5
male,short[0.9384567847084347];medium[0.02612307412995442];tall[0.03542014116161078],light[0.5196416977992965];normal[0.2240616046212074];heavy[0.2562966975794961],5
male,short[0.6184997604540104];medium[0.3141021133856523];tall[0.06739812616033714],light[0.09668789631188149];normal[0.726804214086776];heavy[0.1765078896013424],4
female,short[0.14608928905152935];medium[0.07655827862079954];tall[0.7773524323276712],light[0.41102188949728974];normal[0.20092690471439245];heavy[0.3880512057883178],4
female,short[0.41066035172467674];medium[0.4066317495401526];tall[0.1827078987351707],light[0.5095713647244529];normal[0.17413499766511917];heavy[0.31629363761042795],5
male,short[0.8015517067200916];medium[0.19216932856370525];tall[0.006278964716203207],light[0.4001784510021397];normal[0.42531030932127845];heavy[0.17451123967658194],5
male,short[0.3764285533601441];medium[0.1837887270378904];tall[0.43978271960196563],light[0.14462691349621207];normal[0.15988325555572339];heavy[0.6954898309480646],1
male,short[0.25798229804206063];medium[0.4154562174049482];tall[0.3265614845529912],light[0.7733515027268135];normal[0.0587998347261493];heavy[0.16784866254703706],3
female,short[0.30091453170964844];medium[0.5132525810245718];tall[0.1858328872657797],light[0.11808189320788663];normal[0.5123991434816819];heavy[0.36951896331043155],4
male,short[0.4129260663710802];medium[0.5792324345647181];tall[0.007841499064201563],light[0.12295385301671863];normal[0.8138496216063298];heavy[0.06319652537695158],4
male,short[0.004257865845119551];medium[0.8865396803984211];tall[0.10920245375645941],light[0.24328965916771994];normal[0.09101523094527215];heavy[0.6656951098870079],5
female,short[0.11809909471997279];medium[0.5662898086543362];tall[0.3156110966256909],light[0.47970699494935326];normal[0.12418044495408054];heavy[0.3961125600965662],4
male,short[0.5120480726288211];medium[0.2584581132250767];tall[0.22949381414610223],light[0.7895608985495954];normal[0.08523475942244774];heavy[0.12520434202795686],5
female,short[0.15449164293371245];medium[0.12230651760115949];tall[0.723201839465128],light[0.30038219190838256];normal[0.38216536484162295];heavy[0.3174524432499946],4
male,short[0.1595826687339525];medium[0.6812809604747124];tall[0.15913637079133494],light[0.6104499829308881];normal[0.32921392695651436];heavy[0.06033609011259753],3
female,short[0.39576852801980117];medium[0.4083832125555851];tall[0.1958482594246137],light[0.3318371415669605];normal[0.6329984187148104];heavy[0.03516443971822913],4
female,short[0.300893838559961];medium[0.42936187062728104];tall[0.269744290812758],light[0.08753088558238303];normal[0.2181457182871742];heavy[0.6943233961304429],4
male,short[0.6504074643052398];medium[0.053171972780910445];tall[0.2964205629138497],light[0.04593962936554001];normal[0.5465365814681696];heavy[0.4075237891662905],5
female,short[0.1606947088099329];medium[0.08126520950841293];tall[0.7580400816816542],light[0.6184180397555148];normal[0.35563480270575354];heavy[0.025947157538731523],5
female,short[0.291276157699129];medium[0.39552903153382485];tall[0.3131948107670461],light[0.033728267136403894];normal[0.863438205330134];heavy[0.10283352753346202],5
female,short[0.09686695302461663];medium[0.0582733034564372];tall[0.8448597435189461],light[0.004912606608926521];normal[0.0018788838887827386];heavy[0.9932085095022907],0
female,short[0.49111993903684437];medium[0.0047897802818503855];tall[0.5040902806813055],light[0.002004366130265623];normal[0.04101137092348597];heavy[0.9569842629462484],5
female,short[0.2192007903291479];medium[0.32290779343944576];tall[0.4578914162314064],light[0.2576170853441549];normal[0.13162096302018456];heavy[0.6107619516356605],5
female,short[0.37547363093996605];medium[0.5759668634719444];tall[0.04855950558808964],light[0.5253857559863417];normal[0.10328117100881005];heavy[0.3713330730048483],5
female,short[0.15415160857947027];medium[0.27703260044090094];tall[0.568815790979629],light[0.6949073541664574];normal[0.1185974233199157];heavy[0.18649522251362677],5
male,short[0.23977204820952633];medium[0.22908394781123637];tall[0.5311440039792373],light[0.2682437422811992];normal[0.5490425121600747];heavy[0.18271374555872594],5
female,short[0.047191715101908394];medium[0.7146562512681645];tall[0.2381520336299272],light[0.1892153608671873];normal[0.2016125977465654];heavy[0.6091720413862474],2
male,short[0.08650074114011075];medium[0.1555691998815494];tall[0.7579300589783399],light[0.4158870986516275];normal[0.4051692037500689];heavy[0.17894369759830378],5
female,short[0.19718049502423912];medium[0.5365132286434706];tall[0.26630627633229015],light[0.046649730082648076];normal[0.6949143081283181];heavy[0.2584359617890339],4
male,short[0.7161188933808678];medium[0.19209548304165888];tall[0.0917856235774735],light[0.34626503113539814];normal[0.32736578094409463];heavy[0.32636918792050734],5
male,short[0.7312361228982557];medium[0.16758139636163608];tall[0.10118248074010827],light[0.7521529469759413];normal[0.1503896363140979];heavy[0.09745741670996108],0
female,short[0.24571623795174719];medium[0.31036074556884374];tall[0.4439230164794092],light[0.48139442738753574];normal[0.2894485467509251];heavy[0.22915702586153927],5
male,short[0.4538351807436843];medium[0.5356073388609685];tall[0.010557480395347376],light[0.07021511523872055];normal[0.1621104856567689];heavy[0.7676743991045106],3
male,short[0.026977268786577396];medium[0.9505038307303537];tall[0.022518900483069006],light[0.3876377139931199];normal[0.5047871926104561];heavy[0.10757509339642392],4
female,short[0.5241357826798378];medium[0.4190627356366515];tall[0.05680148168351067],light[0.8022006927712511];normal[0.01823578376441816];heavy[0.17956352346433066],5
male,short[0.22114369528086764];medium[0.1598770895279701];tall[0.6189792151911622],light[0.735391461323856];normal[0.13395517752184963];heavy[0.13065336115429452],5
female,short[0.4205853403721173];medium[0.17092460915645072];tall[0.4084900504714321],light[0.10549222132021695];normal[0.1324229492499404];heavy[0.7620848294298427],4
female,short[0.3097351410626737];medium[0.17816327046438094];tall[0.5121015884729454],light[0.569353580644623];normal[0.36436142677334];heavy[0.06628499258203713],2
female,short[0.025345223877398182];medium[0.015152850060229065];tall[0.9595019260623728],light[0.09511564358589125];normal[0.4567268712191458];heavy[0.4481574851949629],3
female,short[0.765583472482889];medium[0.19621845241737487];tall[0.038198075099736016],light[0.14208195855942532];normal[0.8373150506242093];heavy[0.020602990816365484],3
male,short[0.1307597427938044];medium[0.7043381827690784];tall[0.1649020744371172],light[0.8474808947753867];normal[0.052259870922793265];heavy[0.10025923430182013],4
male,short[0.4142064126039205];medium[0.3717976107233699];tall[0.21399597667270961],light[0.5600134388534694];normal[0.13158313681615652];heavy[0.30840342433037393],3
male,short[0.15820566640599928];medium[0.663057239969887];tall[0.17873709362411383],light[0.5957935096378295];normal[0.25411356310677624];heavy[0.15009292725539436],5
male,short[0.5682897927555036];medium[0.2653120679155072];tall[0.16639813932898914],light[0.010413741584710838];normal[0.0949326540758157];heavy[0.8946536043394734],5
female,short[0.07804643950327331];medium[0.3248762459423501];tall[0.5970773145543767],light[0.43349984178792333];normal[0.5148461896575883];heavy[0.051653968554488235],2
female,short[0.6591080575745386];medium[0.2572044797474248];tall[0.08368746267803655],light[0.3731057173796253];normal[0.195699601855587];heavy[0.4311946807647878],5
male,short[0.2844893703468481];medium[0.4772879126044118];tall[0.2382227170487401],light[0.19829007792531889];normal[0.1706086376054746];heavy[0.6311012844692065],3
male,short[0.040188964100991924];medium[0.507469505417213];tall[0.45234153048179515],light[0.7627973033688397];normal[0.004797679960708361];heavy[0.23240501667045182],2
male,short[0.5185290194211954];medium[0.012154033430537607];tall[0.4693169471482668],light[0.11863110951023835];normal[0.2577516041441037];heavy[0.6236172863456579],1
female,short[0.1704481137232146];medium[0.24293159684881915];tall[0.5866202894279663],light[0.25719660648931963];normal[0.6570634531686148];heavy[0.08573994034206567],5
female,short[0.12862283065609748];medium[0.17780821388945955];tall[0.6935689554544429],light[0.38267535286925847];normal[0.025574479777036585];heavy[0.5917501673537049],0
male,short[0.4218239679074108];medium[0.46497742715297274];tall[0.1131986049396164],light[0.5124410881435978];normal[0.31926916481799317];heavy[0.16828974703840915],5
male,short[0.17440509936966864];medium[0.09952361027931386];tall[0.7260712903510176],light[0.32766265201102224];normal[0.542280813865115];heavy[0.1300565341238628],3
female,short[0.6196968074430073];medium[0.3222872408993303];tall[0.05801595165766227],light[0.8251718309271826];normal[0.06310071194382925];heavy[0.11172745712898814],5
female,short[0.5043873329124111];medium[0.046846026037246476];tall[0.44876664105034236],light[0.34972529287861875];normal[0.4163045309099469];heavy[0.23397017621143434],3
male,short[0.33744646371320136];medium[0.16686761677966552];tall[0.4956859195071331],light[0.2558251251876563];normal[0.46524951771331824];heavy[0.2789253570990254],4
male,short[0.724908492960605];medium[0.1570226102492462];tall[0.11806889679014894],light[0.5672252143466483];normal[0.024443731830592483];heavy[0.40833105382275925],3
male,short[0.022466440905314983];medium[0.29783492610177364];tall[0.6796986329929114],light[0.009190702265923525];normal[0.25056346636887844];heavy[0.7402458313651982],5
male,short[0.034153593943936036];medium[0.13365840903616966];tall[0.8321879970198943],light[0.010228143352748366];normal[0.5654067249914747];heavy[0.424365131655777],5
female,short[0.08558611345276709];medium[0.8912251904118617];tall[0.023188696135371206],light[0.39383867362882596];normal[0.24150322865808058];heavy[0.36465809771309343],5
male,short[0.05120112307865933];medium[0.5234752848626272];tall[0.42532359205871334],light[0.41089512380743953];normal[0.23071171835580345];heavy[0.35839315783675696],5
female,short[0.6793593595091725];medium[0.15986937423411685];tall[0.16077126625671073],light[0.06699192898164574];normal[0.86953091269519];heavy[0.06347715832316425],2
female,short[0.33930286917448144];medium[0.4854452870225529];tall[0.17525184380296568],light[0.7641904826939262];normal[0.032085124857412065];heavy[0.20372439244866172],4
female,short[0.7030518032800848];medium[0.06372356971946193];tall[0.23322462700045327],light[0.4405649356810523];normal[0.15065499373137495];heavy[0.40878007058757276],5
female,short[0.39739019102746015];medium[0.45674603039289];tall[0.14586377857965],light[0.2583759407782333];normal[0.5485748716782134];heavy[0.19304918754355338],5
female,short[0.4667273529033633];medium[0.47207203886055504];tall[0.06120060823608167],light[0.5067345296921556];normal[0.48920519724545874];heavy[0.004060273062385501],4
male,short[0.07950743230183405];medium[0.21574100318617645];tall[0.7047515645119895],light[0.46512391831169286];normal[0.11227819390639975];heavy[0.42259788778190727],5
male,short[0.29430332840874907];medium[0.657404332148505];tall[0.04829233944274578],light[0.23586968599167088];normal[0.28388960828114024];heavy[0.4802407057271888],5
male,short[0.7948039534828706];medium[0.048724440247186376];tall[0.15647160626994294],light[0.42112867240308516];normal[0.07710403104611797];heavy[0.5017672965507969],5
female,short[0.3047723391599231];medium[0.39578504522884533];tall[0.2994426156112315],light[0.11920694567518775];normal[0.024919665928819335];heavy[0.8558733883959928],2
male,short[0.56763638050078];medium[0.16612024376936677];tall[0.2662433757298534],light[0.2666265318791922];normal[0.4686735457113545];heavy[0.2646999224094533],4
male,short[0.46150465554407266];medium[0.4387517717883722];tall[0.09974357266755488],light[0.533843783022722];normal[0.265494898226547];heavy[0.20066131875073118],5
male,short[0.6410498756702457];medium[0.030793038323439884];tall[0.32815708600631455],light[0.7328702617391956];normal[0.13784478782444187];heavy[0.12928495043636248],5
male,short[0.18368436713359348];medium[0.08487062979053303];tall[0.7314450030758735],light[0.13846609208361182];normal[0.7153570960628146];heavy[0.1461768118535736],5
male,short[0.3876430231291896];medium[0.2943540813474354];tall[0.3180028955233751],light[0.16412230962913738];normal[0.14310005693622868];heavy[0.6927776334346338],5
male,short[0.18120803279208333];medium[0.6972445529852379];tall[0.12154741422267867],light[0.4856474404500665];normal[0.2140766011554251];heavy[0.3002759583945084],1
male,short[0.663370726726181];medium[0.21384701004324508];tall[0.12278226323057397],light[0.3139911989758105];normal[0.4334193969436843];heavy[0.2525894040805052],5
male,short[0.4511753803156009];medium[0.23172031792328301];tall[0.3171043017611159],light[0.6660647606946366];normal[0.29886568334468727];heavy[0.035069555960676034],5
female,short[0.6665911125238377];medium[0.043139321342757844];tall[0.29026956613340443],light[0.5788888094948631];normal[0.1953644782759363];heavy[0.2257467122292006],4
female,short[0.2548133492285];medium[0.7411499418829482];tall[0.004036708888551609],light[0.03200609607211125];normal[0.25586252784865654];heavy[0.7121313760792322],0
male,short[0.1285994146378223];medium[0.7651778962857524];tall[0.10622268907642529],light[0.3947205818919745];normal[0.5988850752689997];heavy[0.006394342839025625],3
female,short[0.20047184366238127];medium[0.1719235505133795];tall[0.6276046058242393],light[0.9644975772958854];normal[0.0032274215471721317];heavy[0.03227500115694264],3
female,short[0.9109703855433133];medium[0.07699841217705782];tall[0.012031202279628889],light[0.3343480248467024];normal[0.10140421514271399];heavy[0.5642477600105837],4
male,short[0.32146880854712956];medium[0.4322154317787596];tall[0.24631575967411085],light[0.24498986121971036];normal[0.07681177347722976];heavy[0.67819836530306],2
male,short[0.09542812257666587];medium[0.5429065881738223];tall[0.36166528924951186],light[0.04938635753171735];normal[0.07225050947865391];heavy[0.8783631329896288],3
male,short[0.3492947738522851];medium[0.35896043535786076];tall[0.2917447907898541],light[0.05183654990688318];normal[0.512689028609875];heavy[0.43547442148324195],1
male,short[0.11038393263365853];medium[0.5073310081253807];tall[0.38228505924096085],light[0.1325935537023041];normal[0.39203519840431444];heavy[0.4753712478933815],1
female,short[0.49116516523185016];medium[0.11713737276799427];tall[0.3916974620001554],light[0.1416867520990921];normal[0.6364885737669741];heavy[0.2218246741339338],5
female,short[0.4226045515317468];medium[0.48359764973604946];tall[0.09379779873220363],light[0.300242002806728];normal[0.5487096900393743];heavy[0.1510483071538978],5
male,short[0.24790086870224265];medium[0.6126317402480376];tall[0.13946739104971978],light[0.6585673122261034];normal[0.012014407022502473];heavy[0.3294182807513941],4
female,short[0.33326535334859253];medium[0.4007059672722576];tall[0.26602867937915],light[0.38053015326556056];normal[0.3497925625780663];heavy[0.269677284156373],4
male,short[0.19484138391472425];medium[0.23964440493004702];tall[0.5655142111552287],light[0.6818958150966057];normal[0.06203666477391213];heavy[0.25606752012948214],4
male,short[0.13403121332625478];medium[0.3633707804658383];tall[0.5025980062079068],light[0.3266423388163024];normal[0.521042027262765];heavy[0.15231563392093272],4
male,short[0.2051794791460907];medium[0.777626346110743];tall[0.017194174743166327],light[0.28579397842145143];normal[0.16723084196225815];heavy[0.5469751796162905],5
female,short[0.030672880536318912];medium[0.30244565840778287];tall[0.6668814610558982],light[0.7520665291440907];normal[0.2195493946538589];heavy[0.02838407620205043],2
male,short[0.0824349331243094];medium[0.6616962043462215];tall[0.2558688625294693],light[0.28241895792272004];normal[0.5474296765962476];heavy[0.17015136548103232],5
male,short[0.7643385836980537];medium[0.14228573550266943];tall[0.09337568079927695],light[0.6006050346239352];normal[0.14894723562107273];heavy[0.2504477297549923],4
male,short[0.12992916238552968];medium[0.21223969675321494];tall[0.6578311408612553],light[0.2812866776056564];normal[0.6572799673561674];heavy[0.06143335503817616],3
female,short[0.8338492954303616];medium[0.07494398126269707];tall[0.09120672330694148],light[0.6960905335758296];normal[0.04573734173431068];heavy[0.2581721246898596],3
female,short[0.23444631196233082];medium[0.5248505706575051];tall[0.24070311738016412],light[0.0156795674970918];normal[0.5497951638457813];heavy[0.4345252686571268],4
female,short[0.5830746910105052];medium[0.3429402579086528];tall[0.07398505108084202],light[0.16846386810423705];normal[0.23962881074768777];heavy[0.5919073211480752],5
male,short[0.1276508229758444];medium[0.6214244980291037];tall[0.25092467899505194],light[0.10176830575266656];normal[0.7012872382197117];heavy[0.1969444560276219],5
female,short[0.0822939469268003];medium[0.41906698263180603];tall[0.4986390704413937],light[0.019229247126427648];normal[0.16168598234354578];heavy[0.8190847705300266],2
female,short[0.5072256981584985];medium[0.3824909592933038];tall[0.11028334254819758],light[0.7121010000461584];normal[0.2094194353641368];heavy[0.07847956458970495],4
female,short[0.48187727258544955];medium[0.4957723424843137];tall[0.022350384930236625],light[0.16363363337593811];normal[0.2658703079226437];heavy[0.5704960587014182],3
male,short[0.9216531692826211];medium[0.06197636775320171];tall[0.0163704629641773],light[0.15029605105741264];normal[0.23497365808165893];heavy[0.6147302908609283],4
female,short[0.28277110056655264];medium[0.042284781505524116];tall[0.6749441179279233],light[0.19837491926695716];normal[0.6772724147715254];heavy[0.12435266596151728],5
male,short[0.29543370759994114];medium[0.2511739816152438];tall[0.4533923107848151],light[0.27190758287230854];normal[0.646021826039037];heavy[0.08207059108865451],4
male,short[0.08329627694356802];medium[0.4373294369767684];tall[0.4793742860796634],light[0.24984997683188492];normal[0.0028945591559280575];heavy[0.747255464012187],2
male,short[0.20616753087919895];medium[0.30916015383197004];tall[0.484672315288831],light[0.40558750145037353];normal[0.5821984974011266];heavy[0.012214001148499794],4
female,short[0.18216443254543113];medium[0.5960410278364322];tall[0.22179453961813658],light[0.002738571962072209];normal[0.926802241751758];heavy[0.0704591862861698],5
male,short[0.7587000447122856];medium[0.194504718344919];tall[0.04679523694279528],light[0.9186151127418654];normal[0.005356398207197638];heavy[0.07602848905093705],4
male,short[0.18187619570261404];medium[0.13846567751904917];tall[0.6796581267783368],light[0.007372394371158552];normal[0.8881936635856684];heavy[0.10443394204317294],5
male,short[0.18861233459154875];medium[0.3666390092159699];tall[0.44474865619248133],light[0.04383033256725011];normal[0.22384217705092466];heavy[0.7323274903818253],5
male,short[0.36844899025594047];medium[0.44891602732590397];tall[0.18263498241815557],light[0.1145265372572304];normal[0.0860742360670913];heavy[0.7993992266756782],1
male,short[0.806119058021797];medium[0.036016451746746024];tall[0.15786449023145704],light[0.29723924814207797];normal[0.44155312098395155];heavy[0.2612076308739705],5
male,short[0.4169453498401545];medium[0.4577312036128272];tall[0.1253234465470182],light[0.08692073148708111];normal[0.26340291552616063];heavy[0.6496763529867582],5
female,short[0.30260113124792887];medium[0.6946708517941322];tall[0.00272801695793884],light[0.23240402750019673];normal[0.018053351700768543];heavy[0.7495426207990347],5
male,short[0.05452021064035545];medium[0.5888435168139765];tall[0.3566362725456681],light[0.23042857956337282];normal[0.5910097072255786];heavy[0.17856171321104874],5
female,short[0.20672239367282583];medium[0.626583573203869];tall[0.16669403312330522],light[0.42447288349409784];normal[0.5453910510323224];heavy[0.030136065473579617],2
female,short[0.20217768342034695];medium[0.10967011017625768];tall[0.6881522064033954],light[0.23374899811498026];normal[0.39244644568890946];heavy[0.3738045561961103],2
female,short[0.13158696037330722];medium[0.4682333928293661];tall[0.4001796467973267],light[0.6079543535319365];normal[0.3174049384426537];heavy[0.07464070802540983],5
male,short[0.002459237010772799];medium[0.27757523059510414];tall[0.7199655323941232],light[0.7950555998406783];normal[0.017945044482837045];heavy[0.18699935567648476],3
male,short[0.3836483743950458];medium[0.2893692736883755];tall[0.32698235191657854],light[0.34341051189428523];normal[0.2339499923037388];heavy[0.4226394958019759],5
male,short[0.23955745314800028];medium[0.7549657396078736];tall[0.0054768072441261206],light[0.14348931083083558];normal[0.4503942613071394];heavy[0.40611642786202495],4
male,short[0.25697586803448697];medium[0.18584092546326247];tall[0.5571832065022505],light[0.24322591795048862];normal[0.32646680252362653];heavy[0.4303072795258848],5
female,short[0.4280177999477556];medium[0.13016356296684595];tall[0.4418186370853986],light[0.17308799212425216];normal[0.08102133253766523];heavy[0.7458906753380825],4
female,short[0.48601978938199214];medium[0.47426054512335725];tall[0.039719665494650655],light[0.004930374905697996];normal[0.6333193839132267];heavy[0.3617502411810753],4
male,short[0.3228317022718971];medium[0.6623168254999532];tall[0.014851472228149695],light[0.3135044597248654];normal[0.45854559106692133];heavy[0.22794994920821327],5
male,short[0.7294017551324945];medium[0.03636338268899791];tall[0.23423486217850775],light[0.3089056161035618];normal[0.5918108545182671];heavy[0.0992835293781711],5
female,short[0.9013800103302811];medium[0.006766201259758567];tall[0.09185378840996034],light[0.038532210890922555];normal[0.7240708603306806];heavy[0.2373969287783968],4
female,short[0.3457704989765329];medium[0.5384880951628414];tall[0.11574140586062587],light[0.45658674496878543];normal[0.5155964922343783];heavy[0.02781676279683631],2
female,short[0.4846446367142593];medium[0.41619068511238705];tall[0.09916467817335352],light[0.25686890470112256];normal[0.25373111924301933];heavy[0.4893999760558581],2
female,short[0.2733008522543957];medium[0.3661924374290044];tall[0.3605067103165997],light[0.07407805864833367];normal[0.11255482002638911];heavy[0.8133671213252773],4
female,short[0.19450995560601972];medium[0.5260266935112738];tall[0.27946335088270646],light[0.09738065813679403];normal[0.6711901902314172];heavy[0.23142915163178865],3
female,short[0.7590261311163994];medium[0.05832854650774045];tall[0.1826453223758602],light[0.346867622113141];normal[0.2893599050489637];heavy[0.36377247283789527],3
female,short[0.036050259382098646];medium[0.6929325601449503];tall[0.271017180472951],light[0.48989861532034323];normal[0.24601790782417263];heavy[0.26408347685548406],5
male,short[0.34332503571097855];medium[0.3144016591449108];tall[0.34227330514411075],light[0.662184267470043];normal[0.06308231242215302];heavy[0.2747334201078041],4
male,short[0.7496000826478895];medium[0.005343614191650969];tall[0.24505630316045957],light[0.07881765644997539];normal[0.7726452573229685];heavy[0.14853708622705594],2
female,short[0.027891058565468575];medium[0.8054692609889698];tall[0.16663968044556166],light[0.14741346300027167];normal[0.7318501087641125];heavy[0.1207364282356159],2
female,short[0.40695703025285573];medium[0.09011332672023474];tall[0.5029296430269095],light[0.11961487777989706];normal[0.17840332551090748];heavy[0.7019817967091955],2
male,short[0.21383839472861127];medium[0.26983971750303326];tall[0.5163218877683555],light[0.7960815548149314];normal[0.10701689942259872];heavy[0.09690154576246998],2
female,short[0.0014135700709350186];medium[0.6836268570923469];tall[0.31495957283671794],light[0.19554406815831904];normal[0.0691981043947261];heavy[0.7352578274469549],5
female,short[0.31347597214957146];medium[0.24130666069951698];tall[0.44521736715091165],light[0.01893705894099974];normal[0.307643608418359];heavy[0.6734193326406412],5
female,short[0.3694075193199809];medium[0.12505938675885503];tall[0.505533093921164],light[0.28540482271355205];normal[0.46254671224303384];heavy[0.25204846504341416],4
female,short[0.3138283466296861];medium[0.0037940535550835697];tall[0.6823775998152304],light[0.6683980342080743];normal[0.315854294571294];heavy[0.01574767122063165],5
female,short[0.6408216454986246];medium[0.13244462232858595];tall[0.22673373217278936],light[0.3321560208286906];normal[0.32716795806130006];heavy[0.3406760211100094],3
female,short[0.5157013083294562];medium[0.3458720157927168];tall[0.13842667587782712],light[0.22491782900707605];normal[0.12992772240072722];heavy[0.6451544485921967],4
female,short[0.06852071597564877];medium[0.049779091065561644];tall[0.8817001929587895],light[0.8302622512574547];normal[0.16783500843588334];heavy[0.001902740306662009],4
male,short[0.2250347441281832];medium[0.3585455053011749];tall[0.4164197505706418],light[0.26973015727813066];normal[0.6137537251989097];heavy[0.11651611752295957],3
male,short[0.29677537860694464];medium[0.10218777721095293];tall[0.6010368441821025],light[0.1675698072656929];normal[0.2301313041426481];heavy[0.602298888591659],4
female,short[0.019879986534080837];medium[0.781663509258361];tall[0.19845650420755806],light[0.1910582626727426];normal[0.21897463762781444];heavy[0.5899670996994429],4
female,short[0.2936361642335056];medium[0.020948978165162117];tall[0.6854148576013323],light[0.49228363360874067];normal[0.04037952009633797];heavy[0.4673368462949213],2
male,short[0.08368273948621321];medium[0.0497377352129837];tall[0.8665795253008032],light[0.641024778612004];normal[0.22042044131810196];heavy[0.1385547800698941],2
male,short[0.3008431344933281];medium[0.027339414265828907];tall[0.6718174512408431],light[0.1608663241207106];normal[0.08035767476512255];heavy[0.7587760011141669],5
female,short[0.5073656241250669];medium[0.26023539395597145];tall[0.2323989819189616],light[0.43918404686413964];normal[0.06566408326962067];heavy[0.4951518698662397],2
male,short[0.19265531321714832];medium[0.4946909799052785];tall[0.31265370687757305],light[0.08367203466044922];normal[0.3221180493999828];heavy[0.5942099159395681],2
male,short[0.35367180082034405];medium[0.24856411064047232];tall[0.39776408853918355],light[0.05063319470023839];normal[0.6530889294098834];heavy[0.29627787588987814],2
female,short[0.6612708311481788];medium[0.32959118863033715];tall[0.009137980221484217],light[0.027867341292553652];normal[0.7391012422764691];heavy[0.2330314164309772],2
male,short[0.29620629854062197];medium[0.44440861991343317];tall[0.2593850815459448],light[0.16192672119573215];normal[0.727224432747502];heavy[0.11084884605676587],5
male,short[0.12443284269858783];medium[0.3424102436742488];tall[0.5331569136271633],light[0.14407978972724642];normal[0.04088039702852917];heavy[0.8150398132442245],0
male,short[0.24383265340102003];medium[0.1645572516328618];tall[0.5916100949661182],light[0.6070679772750821];normal[0.3914443991546941];heavy[0.0014876235702238332],3
female,short[0.3407513562465542];medium[0.3229132203144155];tall[0.33633542343903033],light[0.3094034487808139];normal[0.10538064057133659];heavy[0.5852159106478495],4
female,short[0.7753829303855838];medium[0.038296872480665434];tall[0.18632019713375067],light[0.3252164458547345];normal[0.2588898222056528];heavy[0.41589373193961265],5
female,short[0.32961482681834897];medium[0.5732944324792975];tall[0.09709074070235363],light[0.02714681248511535];normal[0.05225397847612948];heavy[0.9205992090387551],1
female,short[0.13317878031603692];medium[0.2450853380719001];tall[0.621735881612063],light[0.1288272367941952];normal[0.13617575154211037];heavy[0.7349970116636946],4
female,short[0.26255770212683993];medium[0.2174508936636041];tall[0.5199914042095559],light[0.32099429041227223];normal[0.6008287862409932];heavy[0.07817692334673479],1
male,short[0.4882698262338026];medium[0.3207230957734784];tall[0.19100707799271896],light[0.7206284227963486];normal[0.04849991222672811];heavy[0.2308716649769233],4
female,short[0.4535478472191121];medium[0.28430170903120294];tall[0.2621504437496848],light[0.4946189377966796];normal[0.3765413702365809];heavy[0.12883969196673953],5
female,short[0.21994953749246812];medium[0.09339385879977685];tall[0.686656603707755],light[0.23958435741416217];normal[0.017994330440039785];heavy[0.742421312145798],4
female,short[0.42999685488325723];medium[0.2236478639158438];tall[0.346355281200899],light[0.8407371861406886];normal[0.07647041810487182];heavy[0.08279239575443961],5
male,short[0.17488856687357143];medium[0.5789393049354286];tall[0.24617212819099993],light[0.06228085256455814];normal[0.6771353015139571];heavy[0.2605838459214848],5
female,short[0.1490763620221955];medium[0.5970887757940389];tall[0.2538348621837655],light[0.2619682109460349];normal[0.10191086993839797];heavy[0.6361209191155671],3
female,short[0.0130070773508535];medium[0.8075037235283057];tall[0.1794891991208409],light[0.5687835433589277];normal[0.4196131831617467];heavy[0.01160327347932578],4
male,short[0.13991279000294635];medium[0.49974667261468114];tall[0.3603405373823726],light[0.16682872022192083];normal[0.3050203153743807];heavy[0.5281509644036987],5
female,short[0.310499003447069];medium[0.6535391806249511];tall[0.03596181592798003],light[0.2193086264665958];normal[0.6226463623718915];heavy[0.15804501116151262],4
male,short[0.1597410828142271];medium[0.6664747877778756];tall[0.17378412940789736],light[0.18979563241336847];normal[0.21787942957923406];heavy[0.5923249380073974],3
female,short[0.5076431366845117];medium[0.04226204017858883];tall[0.4500948231368995],light[0.21524935828309574];normal[0.4909341135645054];heavy[0.29381652815239884],5
male,short[0.4731530928654536];medium[0.4083586335012366];tall[0.11848827363330984],light[0.21078973224967126];normal[0.024321782922973597];heavy[0.764888484827355],1
female,short[0.445386266672006];medium[0.2132028582498039];tall[0.34141087507819],light[0.563340287998443];normal[0.16814496978598634];heavy[0.2685147422155706],2
male,short[0.06638813783057748];medium[0.778326702617845];tall[0.15528515955157762],light[0.5221441570042491];normal[0.38692424140652487];heavy[0.09093160158922599],4
female,short[0.18605118570978188];medium[0.14557306167599637];tall[0.6683757526142218],light[0.011677003621439355];normal[0.9632702863154805];heavy[0.025052710063080113],5
male,short[0.21179475494608266];medium[0.3092385066203252];tall[0.4789667384335922],light[0.15876742902372765];normal[0.7417544476080028];heavy[0.0994781233682696],5
male,short[0.23154477933265627];medium[0.09872862414367022];tall[0.6697265965236735],light[0.047278319223372146];normal[0.7589655807181632];heavy[0.19375610005846464],5
female,short[0.831067478704499];medium[0.12036987308125766];tall[0.048562648214243165],light[0.02284387973738592];normal[0.9626892653532358];heavy[0.01446685490937831],5
male,short[0.47550730384329626];medium[0.5081111301798247];tall[0.01638156597687903],light[0.3109101636981215];normal[0.005349062934237378];heavy[0.683740773367641],3
male,short[0.008378403301129891];medium[0.05711051892279692];tall[0.9345110777760732],light[0.09963153929388831];normal[0.6875145799060816];heavy[0.21285388080003023],5
male,short[0.687440638680133];medium[0.06394969099661615];tall[0.2486096703232508],light[0.11337106515015609];normal[0.8396466216676256];heavy[0.04698231318221824],1
male,short[0.20874465107457318];medium[0.504705749951611];tall[0.28654959897381577],light[0.40119722166361993];normal[0.013054006375593901];heavy[0.5857487719607861],4
male,short[0.628414904325364];medium[0.2524148334171942];tall[0.1191702622574418],light[0.04953454546260199];normal[0.27474531772123156];heavy[0.6757201368161665],5
female,short[0.010921418985567513];medium[0.6086224035904185];tall[0.38045617742401405],light[0.34492631409682356];normal[0.17931215369251804];heavy[0.4757615322106585],5
female,short[0.504807648752058];medium[0.4468201627948349];tall[0.0483721884531073],light[0.030584417368971027];normal[0.8270686138747932];heavy[0.1423469687562356],2
male,short[0.20489028380128133];medium[0.7854899792925562];tall[0.009619736906162444],light[0.06948529559079084];normal[0.06383749718727101];heavy[0.8666772072219381],5
female,short[0.32912886989260526];medium[0.5986848071227395];tall[0.07218632298465537],light[0.10008012053766537];normal[0.5021377263570906];heavy[0.397782153105244],4
female,short[0.5867173784045263];medium[0.3543605430181406];tall[0.05892207857733319],light[0.5615886400460278];normal[0.001564286060278001];heavy[0.43684707389369426],3
female,short[0.8060302922015014];medium[0.06913459162544872];tall[0.1248351161730499],light[0.8154936299489584];normal[0.16551094464729732];heavy[0.018995425403744284],2
female,short[0.17123971590123854];medium[0.24645421938112372];tall[0.5823060647176377],light[0.32403026526782824];normal[0.4027720281036385];heavy[0.2731977066285332],2
female,short[0.26169662244618075];medium[0.029786299180259358];tall[0.7085170783735598],light[0.7922352976176555];normal[0.18383377813169754];heavy[0.02393092425064678],2
female,short[0.1300653979437656];medium[0.8367635926388924];tall[0.03317100941734192],light[0.19452886945285222];normal[0.30740352848819763];heavy[0.49806760205895007],2
female,short[0.7420070984601594];medium[0.23486212365434853];tall[0.023130777885492074],light[0.46945895480460476];normal[0.07942598775199618];heavy[0.45111505744339914],3
female,short[0.47062793767074823];medium[0.11844483745590666];tall[0.41092722487334515],light[0.41061458247664173];normal[0.1080647595299638];heavy[0.48132065799339435],5
female,short[0.1685474255718839];medium[0.425533362349587];tall[0.405919212078529],light[0.24906775634638015];normal[0.29832807327531086];heavy[0.45260417037830913],3
male,short[0.17707874878983992];medium[0.05933514633662432];tall[0.763586104873536],light[0.217138642994714];normal[0.1365115269789724];heavy[0.6463498300263135],3
male,short[0.8298415919525698];medium[0.14484983543777244];tall[0.02530857260965766],light[0.09887600783166671];normal[0.3997013566592323];heavy[0.5014226355091009],5
female,short[0.5244966782049538];medium[0.4569262222966271];tall[0.018577099498419233],light[0.7016068372781016];normal[0.17674684855029452];heavy[0.12164631417160389],3
male,short[0.26952291215752494];medium[0.1950695178003674];tall[0.5354075700421077],light[0.1892008239897746];normal[0.18042432391780405];heavy[0.6303748520924213],5
female,short[0.08209623477887375];medium[0.4688431486293879];tall[0.4490606165917384],light[0.10164569003235864];normal[0.6642989087203736];heavy[0.23405540124726787],3
male,short[0.254008297396642];medium[0.0562228421056994];tall[0.6897688604976586],light[0.04512353038621347];normal[0.7272540697825706];heavy[0.22762239983121588],4
male,short[0.059210259800523544];medium[0.05277785392290162];tall[0.8880118862765748],light[0.5097853955430143];normal[0.4106959745387964];heavy[0.07951862991818924],2
male,short[0.373529800925888];medium[0.31065163562043546];tall[0.31581856345367654],light[0.09147957788080843];normal[0.7301179272942416];heavy[0.17840249482494996],4
male,short[0.0929069830200909];medium[0.519005838037454];tall[0.38808717894245515],light[0.6349862041336711];normal[0.299358278322202];heavy[0.0656555175441269],4
male,short[0.04599306534426263];medium[0.19402037192419833];tall[0.7599865627315391],light[0.37765778211070195];normal[0.3464464622212399];heavy[0.27589575566805813],5
male,short[0.3068680065497715];medium[0.4628192426030343];tall[0.23031275084719416],light[0.21877883072071483];normal[0.6643496834223614];heavy[0.11687148585692372],2
male,short[0.04298948446103235];medium[0.7485424717865167];tall[0.20846804375245104],light[0.029872644820274755];normal[0.18391079885672965];heavy[0.7862165563229956],5
female,short[0.17060775202047535];medium[0.6280347719536327];tall[0.201357476025892],light[0.7025636162019345];normal[0.23106069475575347];heavy[0.06637568904231203],5
female,short[0.4429101227576856];medium[0.5291304992035315];tall[0.027959378038783008],light[0.09882447908183578];normal[0.482711798624429];heavy[0.41846372229373535],5
male,short[0.3501318675226488];medium[0.2609855626614184];tall[0.38888256981593283],light[0.7403640508335443];normal[0.1283553450185089];heavy[0.13128060414794684],1
female,short[0.479544858467943];medium[0.31015991030112056];tall[0.2102952312309364],light[0.19746367576554177];normal[0.6532940796650941];heavy[0.14924224456936402],4
male,short[0.034615862773505854];medium[0.9596404213934946];tall[0.005743715832999627],light[0.6119284498300602];normal[0.08308232423015753];heavy[0.3049892259397823],5
female,short[0.1730795078123123];medium[0.1521455641289883];tall[0.6747749280586993],light[0.07024161221467977];normal[0.5429221251665184];heavy[0.38683626261880183],5
female,short[0.2453086022669846];medium[0.0074844265423783165];tall[0.7472069711906371],light[0.1436158315244149];normal[0.8527305320618198];heavy[0.0036536364137653207],5
female,short[0.7484435533766792];medium[0.16248211844716792];tall[0.08907432817615274],light[0.11085797257148962];normal[0.04670086936257534];heavy[0.842441158065935],4
female,short[0.34787486084074093];medium[0.5007167160546426];tall[0.1514084231046165],light[0.029868000611949132];normal[0.753110040168598];heavy[0.2170219592194528],5
female,short[0.7161271331742081];medium[0.03136214522984445];tall[0.2525107215959474],light[0.028658124810503918];normal[0.4758247843011262];heavy[0.49551709088837],2
male,short[0.4128192382579053];medium[0.5650924492885099];tall[0.022088312453584735],light[0.12391517846819262];normal[0.8752271196622069];heavy[0.0008577018696006077],5
female,short[0.6647143990798496];medium[0.1429610959636601];tall[0.1923245049564902],light[0.6723826586126228];normal[0.06598949018548521];heavy[0.2616278512018919],2
female,short[0.3268007534936717];medium[0.4838850980856438];tall[0.1893141484206844],light[0.012885983218850008];normal[0.6521768227282508];heavy[0.3349371940528992],1
male,short[0.2871658456592118];medium[0.44666847631483175];tall[0.26616567802595636],light[0.3115766209990504];normal[0.38785888867283763];heavy[0.300564490328112],5
female,short[0.034712201874680625];medium[0.8214295249932303];tall[0.14385827313208907],light[0.04518908835923042];normal[0.8468480251929973];heavy[0.10796288644777219],5
female,short[0.7755083650658163];medium[0.023026328434925872];tall[0.20146530649925778],light[0.5443493897412967];normal[0.3211800828253106];heavy[0.1344705274333927],4
male,short[0.05358971803119848];medium[0.5621434519609688];tall[0.3842668300078327],light[0.10996693095875922];normal[0.6907545318928803];heavy[0.19927853714836052],1
female,short[0.37781354705059556];medium[0.37719623777907546];tall[0.2449902151703289],light[0.203713773800924];normal[0.18667830801535515];heavy[0.6096079181837208],1
male,short[0.6978355739978055];medium[0.0048589798453697085];tall[0.2973054461568248],light[0.49041203619826046];normal[0.3681834117041325];heavy[0.14140455209760708],4
female,short[0.11644536492109048];medium[0.6082874874954826];tall[0.275267147583427],light[0.5295598081120082];normal[0.3947121623971397];heavy[0.07572802949085215],4
female,short[0.43217505647712684];medium[0.0607504040072386];tall[0.5070745395156345],light[0.9163845327300792];normal[0.02293669141277372];heavy[0.06067877585714696],4
female,short[0.36178457939759695];medium[0.5785521682757229];tall[0.05966325232668025],light[0.8073085933599177];normal[0.1736525117688651];heavy[0.019038894871217394],4
female,short[0.09524369297699906];medium[0.17899904825100274];tall[0.725757258771998],light[0.22678733752233346];normal[0.6135556694070268];heavy[0.1596569930706397],2
female,short[0.5211336647028186];medium[0.3501924039096536];tall[0.12867393138752758],light[0.32654940219666645];normal[0.5699379322017191];heavy[0.10351266560161458],5
female,short[0.05466406723048934];medium[0.01836632723898402];tall[0.9269696055305265],light[0.2788680577796014];normal[0.6144526546625524];heavy[0.10667928755784628],5
male,short[0.7137068452423827];medium[0.2775961432642086];tall[0.008697011493408539],light[0.425313920973864];normal[0.13216939134939043];heavy[0.4425166876767455],4
male,short[0.11483328822460553];medium[0.5665012099356839];tall[0.31866550183971065],light[0.45657422792350655];normal[0.48164887535836837];heavy[0.06177689671812496],2
male,short[0.18132026603770662];medium[0.7853706559146955];tall[0.03330907804759775],light[0.06160663902134692];normal[0.8787381452800762];heavy[0.05965521569857686],5
female,short[0.3525519463876356];medium[0.46807881507857746];tall[0.179369238533787],light[0.5006201389489504];normal[0.03472207652159769];heavy[0.4646577845294518],5
male,short[0.20439952177234];medium[0.47303215870980675];tall[0.32256831951785325],light[0.7505184620742631];normal[0.12831243970770193];heavy[0.12116909821803505],5
male,short[0.19390387632213735];medium[0.35348906569029276];tall[0.45260705798756995],light[0.07206625494733557];normal[0.7071059444229508];heavy[0.22082780062971355],1
female,short[0.10182204429880627];medium[0.15837183139714817];tall[0.7398061243040456],light[0.7491879485924848];normal[0.19321827091668584];heavy[0.057593780490829305],5
female,short[0.026398315423266545];medium[0.668842752350307];tall[0.30475893222642664],light[0.19374971435496863];normal[0.21312312554486113];heavy[0.5931271601001702],4
male,short[0.34367501354121643];medium[0.5124855546649045];tall[0.14383943179387887],light[0.5873457692341162];normal[0.05399880518553134];heavy[0.35865542558035235],2
male,short[0.03762314038576068];medium[0.40703851204651037];tall[0.5553383475677289],light[0.7041346427834475];normal[0.013553786634518665];heavy[0.28231157058203393],5
male,short[0.43539785421756816];medium[0.1877704231921525];tall[0.37683172259027925],light[0.672230969639881];normal[0.07022751547867535];heavy[0.2575415148814437],5
female,short[0.12978030108003705];medium[0.2748171907914114];tall[0.5954025081285514],light[0.2157153471483784];normal[0.5563261146272568];heavy[0.2279585382243649],4
male,short[0.20873867817129924];medium[0.687483826494396];tall[0.10377749533430466],light[0.19688914760411652];normal[0.41633420576182045];heavy[0.38677664663406297],5
male,short[0.42605554592757827];medium[0.4727317606436442];tall[0.1012126934287776],light[0.4241089833161955];normal[0.14757044799099414];heavy[0.4283205686928103],4
female,short[0.6282365013278253];medium[0.27007345001986854];tall[0.10169004865230603],light[0.5709160488993621];normal[0.3231477869241398];heavy[0.10593616417649805],4
female,short[0.2337771472822492];medium[0.2655539160254975];tall[0.5006689366922534],light[0.40984011967589723];normal[0.007968087511209653];heavy[0.582191792812893],5
male,short[0.26654434018144874];medium[0.6001042543799271];tall[0.133351405438624],light[0.6506986558245956];normal[0.08685470764774939];heavy[0.262446636527655],5
male,short[0.767805378978715];medium[0.01571300262668082];tall[0.21648161839460417],light[0.39569459043679317];normal[0.023084515782593067];heavy[0.5812208937806138],5
female,short[0.8871011704140508];medium[0.00117212585454416];tall[0.11172670373140518],light[0.40976122025742506];normal[0.3093184548391967];heavy[0.2809203249033781],4
female,short[0.6402405805968835];medium[0.12379887067175634];tall[0.23596054873136033],light[0.1960064557056196];normal[0.634574786793882];heavy[0.16941875750049834],5
male,short[0.36512430950848657];medium[0.10786409027463503];tall[0.5270116002168785],light[0.3797104743053071];normal[0.23268888927238993];heavy[0.38760063642230286],0
female,short[0.30451135103116833];medium[0.22938715264802417];tall[0.4661014963208077],light[0.6422443839476202];normal[0.33139592373338467];heavy[0.026359692318995185],2
male,short[0.5965533604884424];medium[0.037435236002670264];tall[0.3660114035088873],light[0.39141402388016644];normal[0.5129323506966493];heavy[0.09565362542318427],2
female,short[0.015835523078755173];medium[0.6692313379214851];tall[0.3149331389997596],light[0.8895235155905399];normal[0.07954090627025007];heavy[0.03093557813921016],4
female,short[0.19519073383854976];medium[0.22318063035933278];tall[0.5816286358021174],light[0.19250034059172663];normal[0.2574105238253743];heavy[0.5500891355828991],2
male,short[0.3312549048940741];medium[0.30062354787518913];tall[0.36812154723073676],light[0.4865990434364279];normal[0.11532634975831939];heavy[0.3980746068052528],4
female,short[0.532674019508482];medium[0.2653126843210724];tall[0.20201329617044564],light[0.35091132466011493];normal[0.2593177348796294];heavy[0.3897709404602557],5
male,short[0.4911760052561542];medium[0.45877351061640476];tall[0.05005048412744088],light[0.5120706180042488];normal[0.17839278030861414];heavy[0.30953660168713704],4
male,short[0.5290885091713805];medium[0.14275439310060914];tall[0.3281570977280103],light[0.1525803585921809];normal[0.19604188277132203];heavy[0.651377758636497],5
male,short[0.4116896201523743];medium[0.4617100749090907];tall[0.1266003049385348],light[0.19090124914458745];normal[0.2537342542971165];heavy[0.5553644965582959],1
female,short[0.06458042658857856];medium[0.2895387466993221];tall[0.6458808267120992],light[0.42803726469232983];normal[0.4277028150878417];heavy[0.1442599202198285],5
female,short[0.10661892537324086];medium[0.06361628251128154];tall[0.8297647921154776],light[0.014469805201809124];normal[0.3588863502183893];heavy[0.6266438445798015],2
male,short[0.5061153746555117];medium[0.17160437125746705];tall[0.3222802540870213],light[0.04889286276688716];normal[0.7418839018205882];heavy[0.20922323541252477],5
female,short[0.19800769112078997];medium[0.1119528900561326];tall[0.6900394188230775],light[0.5538299897834922];normal[0.3464692625782814];heavy[0.09970074763822631],3
male,short[0.3486585527867735];medium[0.18310516368746946];tall[0.46823628352575714],light[0.9324769943770963];normal[0.026788090046088515];heavy[0.040734915576815245],5
male,short[0.372465376369095];medium[0.5180189940593964];tall[0.10951562957150852],light[0.08287700238578204];normal[0.7766138218775019];heavy[0.14050917573671615],5
male,short[0.471014569115918];medium[0.35960063119714036];tall[0.1693847996869416],light[0.44185327436566435];normal[0.5059478147713465];heavy[0.052198910862989084],3
male,short[0.6008767310123192];medium[0.25522426832568756];tall[0.14389900066199338],light[0.019405125037586738];normal[0.8885228127272138];heavy[0.09207206223519941],5
male,short[0.09660707705734813];medium[0.6322404684584848];tall[0.2711524544841672],light[0.6141385551006204];normal[0.07285299356744337];heavy[0.3130084513319361],5
female,short[0.3149674674433025];medium[0.2970728130752417];tall[0.38795971948145586],light[0.1688020636971929];normal[0.4921013553729875];heavy[0.33909658092981954],2
male,short[0.2264067108746927];medium[0.010755088560293873];tall[0.7628382005650134],light[0.049536350478964125];normal[0.7587039820869046];heavy[0.1917596674341313],5
female,short[0.2460171416868599];medium[0.385003556945478];tall[0.3689793013676622],light[0.65992328898889];normal[0.06986132777278174];heavy[0.2702153832383283],3
male,short[0.4526631636032374];medium[0.26167215995667276];tall[0.2856646764400899],light[0.23233769770004714];normal[0.3092187350114799];heavy[0.45844356728847296],4
female,short[0.5987806863061478];medium[0.3690689653916926];tall[0.0321503483021597],light[0.040587805030142664];normal[0.8091754704346973];heavy[0.15023672453516015],5
male,short[0.7619078396741886];medium[0.01424424976011702];tall[0.22384791056569445],light[0.05590830000875682];normal[0.5811958843635655];heavy[0.3628958156276778],2
female,short[0.32083867155001633];medium[0.4588426422822904];tall[0.22031868616769326],light[0.04214804026261974];normal[0.0659127266812438];heavy[0.8919392330561364],2
female,short[0.34644706115962204];medium[0.5018518129112262];tall[0.1517011259291518],light[0.5416479391883028];normal[0.08040409476594883];heavy[0.37794796604574843],5
female,short[0.6932917483654706];medium[0.024974154152909645];tall[0.2817340974816198],light[0.5522963544775488];normal[0.05155127013648485];heavy[0.39615237538596637],5
female,short[0.20599781062033237];medium[0.11385702106847229];tall[0.6801451683111953],light[0.11161060376204872];normal[0.24560551402464942];heavy[0.6427838822133018],4
female,short[0.8438488110172635];medium[0.11687145879705992];tall[0.039279730185676646],light[0.392811020741853];normal[0.28121207917200164];heavy[0.32597690008614527],5
male,short[0.03367536196132927];medium[0.8265603407093337];tall[0.1397642973293371],light[0.37219398481934757];normal[0.37405636342975257];heavy[0.25374965175089975],4
female,short[0.6831848248948365];medium[0.2988263173117705];tall[0.017988857793392952],light[0.4926953905786593];normal[0.4529268425059692];heavy[0.054377766915371537],4
male,short[0.2679964218761333];medium[0.6988353086273983];tall[0.033168269496468436],light[0.009505934466690557];normal[0.5178265009775112];heavy[0.47266756455579817],4
female,short[0.18779287555538568];medium[0.6475957756969597];tall[0.16461134874765468],light[0.20784203025899312];normal[0.5198647852656447];heavy[0.2722931844753621],5
male,short[0.19072767251490017];medium[0.7572878703898537];tall[0.051984457095246],light[0.35065915672827636];normal[0.02340444479382612];heavy[0.6259363984778975],2
male,short[0.5378433649038792];medium[0.36182552859307554];tall[0.10033110650304525],light[0.4862385404756638];normal[0.026939545352954626];heavy[0.4868219141713816],4
female,short[0.23393060094191892];medium[0.26403963630254673];tall[0.5020297627555343],light[0.5645709470040603];normal[0.28183422789795953];heavy[0.15359482509798014],5
female,short[0.21188678280125484];medium[0.6314059066849065];tall[0.15670731051383863],light[0.8624661382442338];normal[0.1150840448817651];heavy[0.02244981687400121],2
female,short[0.01091110992654386];medium[0.43022412034045043];tall[0.5588647697330057],light[0.24120372688795164];normal[0.5769016111895662];heavy[0.18189466192248208],5
female,short[0.18201016886775043];medium[0.31687741515702345];tall[0.501112415975226],light[0.8352110816466173];normal[0.15354552921415404];heavy[0.01124338913922864],0
female,short[0.73570203104378];medium[0.04672554997456426];tall[0.21757241898165564],light[0.12683380946756162];normal[0.18578228662507051];heavy[0.6873839039073677],1
male,short[0.648186325138921];medium[0.1609064311303212];tall[0.19090724373075768],light[0.07614937574574578];normal[0.2987492818014483];heavy[0.6251013424528058],5
female,short[0.13831877230061204];medium[0.5612693615630039];tall[0.30041186613638415],light[0.0096374234767846];normal[0.08562039602016405];heavy[0.9047421805030513],5
female,short[0.11255044279227597];medium[0.3587011727984605];tall[0.5287483844092635],light[0.34914760374813153];normal[0.18225774872744263];heavy[0.4685946475244259],4
female,short[0.4101690653073532];medium[0.1782689764474099];tall[0.4115619582452368],light[0.5226333986459398];normal[0.2380959426063272];heavy[0.23927065874773287],5
male,short[0.2723981977983936];medium[0.09885282860225428];tall[0.6287489735993521],light[0.6392645852619933];normal[0.1232990378947044];heavy[0.2374363768433023],5
male,short[0.276280754829012];medium[0.6128795587919703];tall[0.11083968637901763],light[0.5549407906370603];normal[0.162646167402272];heavy[0.2824130419606677],5
