dataset,num_and_cat,importance_gain_dtree,importance_gain_ablation,importance_gain_noproba,importance_gain_with_proba,importance_gain_shap,importance_gain_explan,importance_gain_lore,importance_gain_anchor
yeast,./data/numerical_only/balanced,0.1921744975994822,0.23735520083353165,0,0,0.2083053221842856,,0.18252439724804326,0.0
yeast,./data/numerical_only/balanced,0.1666666666666667,0.13386575899017852,0,0,0.17240102776837396,,0.1934513594602224,0.0
yeast,./data/numerical_only/balanced,0.16666666666666666,0.19434791968192586,0,0,0.17632753874653076,,0.18419930389470285,0.0
yeast,./data/numerical_only/balanced,0.25014090053606675,0.2469992146206874,0,0,0.3487492104557326,,0.25014090053606675,0.0
yeast,./data/numerical_only/balanced,0.16666666666666666,0.27700609546212096,0,0,0.24675814163898582,,0.19975065959174343,0.0
yeast,./data/numerical_only/balanced,0.16666666666666666,0.15741550836792653,0,0,0.28757307370892826,,0.17666129280326842,0.0
yeast,./data/numerical_only/balanced,0.16666666666666666,0.3072540892708155,0,0,0.22910145372956622,,0.22274905218763122,0.0
yeast,./data/numerical_only/balanced,0.1631625196595831,0.1606902437995715,0,0,0.16666666666666666,,0.17666820807401215,0.0
yeast,./data/numerical_only/balanced,0.08729668096462374,0.17677546115604056,0,0,0.16666666666666666,,0.16666666666666666,0.0
yeast,./data/numerical_only/balanced,0.13571546034646068,0.21050878068734596,0,0,0.173337433461505,,0.16521633279838185,0.0
yeast,./data/numerical_only/balanced,0.16666666666666666,0.31448405155805753,0,0,0.20528995972201464,,0.31448405155805753,0.0
yeast,./data/numerical_only/balanced,0.16666666666666666,0.21706447672226362,0,0,0.20312222027771254,,0.19445778623280252,0.0
yeast,./data/numerical_only/balanced,0.1666666666666667,0.11932739527297054,0,0,0.18112987262697613,,0.20992151834947756,0.0
yeast,./data/numerical_only/balanced,0.1439565515272683,0.2156210597752609,0,0,0.22355462468631723,,0.1879878369722117,0.0
yeast,./data/numerical_only/balanced,0.2784089487552047,0.3475007250134721,0,0,0.36294005822467496,,0.2784089487552047,0.0
yeast,./data/numerical_only/balanced,0.19055320140145726,0.29188192263045815,0,0,0.18920176911205766,,0.18920176911205766,0.0
yeast,./data/numerical_only/balanced,0.18598863329202006,0.15158815067988565,0,0,0.0,,0.15177033249993893,0.0
yeast,./data/numerical_only/balanced,0.18023139313902808,0.19519047100195092,0,0,0.2159479279280671,,0.2629987741325514,0.0
yeast,./data/numerical_only/balanced,0.22402784529792596,0.2689925059044837,0,0,0.22402784529792596,,0.2689925059044837,0.0
yeast,./data/numerical_only/balanced,0.11972962342958492,0.14464163715833292,0,0,0.207455023949211,,0.17358083366261748,0.0
yeast,./data/numerical_only/balanced,0.16666666666666666,0.2374991042318182,0,0,0.2374991042318182,,0.2324026081082428,0.0
yeast,./data/numerical_only/balanced,0.16666666666666666,0.1838796249786653,0,0,0.20317039782441504,,0.20317039782441504,0.0
yeast,./data/numerical_only/balanced,0.16666666666666666,0.2612176226034491,0,0,0.18545506358044073,,0.18545506358044073,0.0
yeast,./data/numerical_only/balanced,0.15240558561591996,0.16666666666666666,0,0,0.0,,0.1316841456046765,0.0
yeast,./data/numerical_only/balanced,0.15935911055016133,0.2509047158575484,0,0,0.21792067641977342,,0.21792067641977342,0.0
yeast,./data/numerical_only/balanced,0.17336720143208234,0.16767716477826608,0,0,0.1928904781808108,,0.1757198223513306,0.0
yeast,./data/numerical_only/balanced,0.1902952531621144,0.17920351817795355,0,0,0.1668457119137861,,0.16666666666666666,0.0
yeast,./data/numerical_only/balanced,0.18347563143905185,0.2130555000756024,0,0,0.20246170643845068,,0.24823022295365102,0.0
yeast,./data/numerical_only/balanced,0.17800175005603627,0.22112794357128532,0,0,0.2091425296270346,,0.16666666666666666,0.0
yeast,./data/numerical_only/balanced,0.11980577012008524,0.14376692414410228,0,0,0.0,,0.1689518823317845,0.0
yeast,./data/numerical_only/balanced,0.151437366124808,0.12532135704217276,0,0,0.19065659357754336,,0.19065659357754336,0.0
yeast,./data/numerical_only/balanced,0.21447149160714588,0.35006071469463507,0,0,0.2726535063651507,,0.24668229224080054,0.0
yeast,./data/numerical_only/balanced,0.09783935828991948,0.19285923961427795,0,0,0.16666666666666666,,0.11647585483978047,0.0
yeast,./data/numerical_only/balanced,0.16666666666666663,0.18395770872248932,0,0,0.16666666666666663,,0.12020089654843416,0.0
yeast,./data/numerical_only/balanced,0.16267020382946656,0.15368277886344245,0,0,0.15506604826502582,,0.15506604826502582,0.0
yeast,./data/numerical_only/balanced,0.16666666666666666,0.17522430283354645,0,0,0.20256433910081206,,0.17522430283354645,0.0
yeast,./data/numerical_only/balanced,0.1701540919615029,0.2372170569781881,0,0,0.1904679416889295,,0.1904679416889295,0.0
yeast,./data/numerical_only/balanced,0.22174982213476988,0.22649676300760155,0,0,0.27773909684060283,,0.27773909684060283,0.0
yeast,./data/numerical_only/balanced,0.1733259506791523,0.21872543036623507,0,0,0.21872543036623507,,0.1677138586451213,0.0
yeast,./data/numerical_only/balanced,0.16971837484308055,0.19236051982010266,0,0,0.16785695695593067,,0.1493514971093144,0.0
yeast,./data/numerical_only/balanced,0.16666666666666663,0.13108061686694236,0,0,0.20709210750121848,,0.18605432571156377,0.0
yeast,./data/numerical_only/balanced,0.13123293571140984,0.186787243728848,0,0,0.15739802907108316,,0.180231590999914,0.0
yeast,./data/numerical_only/balanced,0.12039760311881625,0.17379088715327853,0,0,0.1877519474988004,,0.1740060703351401,0.0
yeast,./data/numerical_only/balanced,0.16666666666666666,0.33442281299186516,0,0,0.21976108243829148,,0.15254062927767484,0.0
yeast,./data/numerical_only/balanced,0.18093181094057778,0.21095399673677245,0,0,0.21771537710308309,,0.25752318713082506,0.0
yeast,./data/numerical_only/balanced,0.16666666666666666,0.23643922778680684,0,0,0.1534656541678561,,0.1534656541678561,0.0
yeast,./data/numerical_only/balanced,0.17792855205630226,0.16207777001417026,0,0,0.18500425552671582,,0.18500425552671582,0.0
yeast,./data/numerical_only/balanced,0.1408312649656361,0.17182840940894503,0,0,0.17828719916820363,,0.14857266597350302,0.0
yeast,./data/numerical_only/balanced,0.16666666666666666,0.17800599255870522,0,0,0.17800599255870522,,0.15103389047217977,0.0
yeast,./data/numerical_only/balanced,0.16666666666666666,0.19480412047395443,0,0,0.2180734302318935,,0.24552030630605493,0.0
yeast,./data/numerical_only/balanced,0.18721366166269446,0.19188427873800507,0,0,0.16666666666666666,,0.17493139937784866,0.0
yeast,./data/numerical_only/balanced,0.16666666666666666,0.12803683479384848,0,0,0.22672869995124031,,0.22672869995124031,0.0
yeast,./data/numerical_only/balanced,0.20910841653163129,0.1644930231788372,0,0,0.16680607229632077,,0.18911271917205502,0.0
yeast,./data/numerical_only/balanced,0.0824803523580218,0.2353777662192842,0,0,0.18235053945168134,,0.2023923836514953,0.0
yeast,./data/numerical_only/balanced,0.15870639428657635,0.16650903561927796,0,0,0.11860855114548755,,0.16666666666666666,0.0
yeast,./data/numerical_only/balanced,0.16666666666666666,0.20424583726384338,0,0,0.17856123865488777,,0.17856123865488777,0.0
yeast,./data/numerical_only/balanced,0.11516076372871124,0.1822548254771005,0,0,0.2310159920249352,,0.18828456068352253,0.0
yeast,./data/numerical_only/balanced,0.16375243971527514,0.20388479823752914,0,0,0.18923234132002734,,0.16321229282457775,0.0
yeast,./data/numerical_only/balanced,0.19209902795261827,0.2188833842723279,0,0,0.2188833842723279,,0.2375082970822039,0.0
yeast,./data/numerical_only/balanced,0.16666666666666666,0.1787854649218596,0,0,0.18902747058670888,,0.16666666666666666,0.0
yeast,./data/numerical_only/balanced,0.16295654232380155,0.2482585743240184,0,0,0.2541214840522237,,0.2541214840522237,0.0
yeast,./data/numerical_only/balanced,0.16666666666666666,0.27055163362628293,0,0,0.2186960481161647,,0.1703368644950726,0.0
yeast,./data/numerical_only/balanced,0.1689032537931584,0.21628037678927145,0,0,0.16666666666666666,,0.16666666666666666,0.0
yeast,./data/numerical_only/balanced,0.16666666666666666,0.1982871100193357,0,0,0.1899053305726082,,0.17766248154026973,0.0
yeast,./data/numerical_only/balanced,0.14669975579509562,0.13751067684536597,0,0,0.1724345535619589,,0.1724345535619589,0.0
yeast,./data/numerical_only/balanced,0.13302703683526695,0.20211241414012726,0,0,0.1979082347139449,,0.17881308321540465,0.0
yeast,./data/numerical_only/balanced,0.14837429338794927,0.18354924768316458,0,0,0.17550962062623293,,0.16870546757246982,0.0
yeast,./data/numerical_only/balanced,0.18507595794981088,0.37721951126474246,0,0,0.28038095171077976,,0.2214947730954996,0.0
yeast,./data/numerical_only/balanced,0.15190374181624652,0.14967723066927313,0,0,0.1540032371860622,,0.15431774849747956,0.0
yeast,./data/numerical_only/balanced,0.19109342145694985,0.24839054418091447,0,0,0.17772725202371314,,0.17772725202371314,0.0
yeast,./data/numerical_only/balanced,0.25679456715906923,0.25739115899056625,0,0,0.28027246597627775,,0.3522422192386369,0.0
yeast,./data/numerical_only/balanced,0.14415157103528245,0.17298188524233896,0,0,0.17298188524233896,,0.18846443944736285,0.0
yeast,./data/numerical_only/balanced,0.16666666666666666,0.16671796511687326,0,0,0.23128676951017224,,0.23128676951017224,0.0
yeast,./data/numerical_only/balanced,0.14659617560082974,0.21224211133647397,0,0,0.18286903673616536,,0.17765248534810268,0.0
yeast,./data/numerical_only/balanced,0.17924116777994623,0.19021430076740314,0,0,0.15508502636981236,,0.16335831121494632,0.0
yeast,./data/numerical_only/balanced,0.13388574348695084,0.17783341571768468,0,0,0.17661628087567144,,0.16666666666666666,0.0
yeast,./data/numerical_only/balanced,0.1378156262829826,0.1928146341295994,0,0,0.16666666666666666,,0.16666666666666666,0.0
yeast,./data/numerical_only/balanced,0.18547605018868935,0.17302533188211927,0,0,0.22494278782887764,,0.19812672758851074,0.0
yeast,./data/numerical_only/balanced,0.18441850046123207,0.2676016300325803,0,0,0.2676016300325803,,0.14704408768091815,0.0
yeast,./data/numerical_only/balanced,0.18875503626029258,0.2516733816803901,0,0,0.2516733816803901,,0.18875503626029258,0.0
yeast,./data/numerical_only/balanced,0.193031045978022,0.18794323971742094,0,0,0.2220649594303027,,0.17592765360988857,0.0
yeast,./data/numerical_only/balanced,0.17559109750628016,0.26253033045428065,0,0,0.2509423291995618,,0.26253033045428065,0.0
yeast,./data/numerical_only/balanced,0.15503984816636376,0.1729426491694102,0,0,0.161878736813892,,0.16666666666666663,0.0
yeast,./data/numerical_only/balanced,0.1866587944473421,0.16666666666666666,0,0,0.1846668284420832,,0.16666666666666666,0.0
yeast,./data/numerical_only/balanced,0.17833720314929855,0.19195177619161077,0,0,0.2090584473781365,,0.17529498171089838,0.0
yeast,./data/numerical_only/balanced,0.1791425813039989,0.1553128143428668,0,0,0.18452154853902042,,0.18452154853902042,0.0
yeast,./data/numerical_only/balanced,0.16666666666666663,0.26509869310617235,0,0,0.22507648952886466,,0.2579045685313779,0.0
yeast,./data/numerical_only/balanced,0.19363140176305388,0.29826503282779016,0,0,0.23879173988987576,,0.29123583093322186,0.0
yeast,./data/numerical_only/balanced,0.16666666666666666,0.16255292937636248,0,0,0.16255292937636248,,0.14738086070884254,0.0
yeast,./data/numerical_only/balanced,0.16666666666666666,0.15095029482522224,0,0,0.1834019166967137,,0.15283493058059475,0.0
yeast,./data/numerical_only/balanced,0.16002549408084385,0.16002549408084385,0,0,0.16666666666666666,,0.16629100093094512,0.0
yeast,./data/numerical_only/balanced,0.16666666666666666,0.22817588660570956,0,0,0.2411626746128757,,0.2560155566705767,0.0
yeast,./data/numerical_only/balanced,0.1666666666666667,0.1795417445061795,0,0,0.1666666666666667,,0.18363052523342233,0.0
yeast,./data/numerical_only/balanced,0.14488432786167113,0.2056687058855709,0,0,0.15653223078181278,,0.18225101090958376,0.0
yeast,./data/numerical_only/balanced,0.16666666666666666,0.11637656734430876,0,0,0.19950927470520982,,0.159357445299992,0.0
yeast,./data/numerical_only/balanced,0.18910919045956104,0.2240021693711443,0,0,0.20575873051336796,,0.20575873051336796,0.0
yeast,./data/numerical_only/balanced,0.15013099228644983,0.21332617083548036,0,0,0.19181412902727835,,0.171111366454857,0.0
yeast,./data/numerical_only/balanced,0.19522786972657727,0.3733107148210075,0,0,0.177498602319215,,0.21288020510829808,0.0
yeast,./data/numerical_only/balanced,0.2773294230563618,0.7583893679498338,0,0,0.30500254025898005,,0.2773294230563618,0.0
yeast,./data/numerical_only/balanced,0.16666666666666666,0.21690730661964222,0,0,0.16666666666666666,,0.16159447428385051,0.0
rmftsa,./data/numerical_only/balanced,0.5,0.5,0,0,0.7737062558379074,0.5,0.5,0.0
rmftsa,./data/numerical_only/balanced,0.5,0.5,0,0,0.5,0.5,0.38046076598285977,0.0
rmftsa,./data/numerical_only/balanced,0.5,0.5,0,0,0.5,0.5,0.5891444239220627,0.0
rmftsa,./data/numerical_only/balanced,0.5,0.8597099506535782,0,0,0.8597099506535782,0.5,0.5,0.0
rmftsa,./data/numerical_only/balanced,0.5,0.4849076221451691,0,0,0.4849076221451691,0.5150923778548309,0.4849076221451691,0.0
rmftsa,./data/numerical_only/balanced,0.49999999999999994,0.49999999999999994,0,0,0.49999999999999994,0.49999999999999994,0.49999999999999994,0.0
rmftsa,./data/numerical_only/balanced,0.5,0.5,0,0,0.5,0.5,0.5,0.0
rmftsa,./data/numerical_only/balanced,0.49999999999999994,0.9241303555530938,0,0,0.49999999999999994,0.07586964444690618,0.49999999999999994,0.0
rmftsa,./data/numerical_only/balanced,0.5,0.5,0,0,0.5,0.28743037297117846,0.5,0.0
rmftsa,./data/numerical_only/balanced,0.5,0.8931357239189502,0,0,0.8931357239189502,0.5,0.8931357239189502,0.0
rmftsa,./data/numerical_only/balanced,0.5,0.8526177529989898,0,0,0.8526177529989898,0.5,0.5,0.0
rmftsa,./data/numerical_only/balanced,0.5,0.5590816665675271,0,0,0.5,0.5,0.5590816665675271,0.0
rmftsa,./data/numerical_only/balanced,0.5350617798444968,0.5,0,0,0.5,0.5350617798444968,0.5,0.0
rmftsa,./data/numerical_only/balanced,0.5,0.5,0,0,0.5,0.5207187397330629,0.5,0.0
rmftsa,./data/numerical_only/balanced,0.5,0.8865219794116767,0,0,0.8865219794116767,0.5,0.11347802058832338,0.0
rmftsa,./data/numerical_only/balanced,0.7752252510191464,0.49999999999999994,0,0,0.7752252510191464,0.7752252510191464,0.7752252510191464,0.0
rmftsa,./data/numerical_only/balanced,0.5,0.5,0,0,0.5,0.5,0.47269855508199116,0.0
rmftsa,./data/numerical_only/balanced,0.5,0.8931357239189502,0,0,0.8931357239189502,0.5,0.5,0.0
rmftsa,./data/numerical_only/balanced,0.5,0.5,0,0,0.6535044061469287,0.5,0.6535044061469287,0.0
rmftsa,./data/numerical_only/balanced,0.5,0.5157351325382211,0,0,0.5157351325382211,0.4842648674617789,0.4842648674617789,0.0
rmftsa,./data/numerical_only/balanced,0.5,0.5,0,0,0.7925480863558313,0.5,0.20745191364416868,0.0
rmftsa,./data/numerical_only/balanced,0.5,0.4848615125403883,0,0,0.5,0.5,0.5,0.0
rmftsa,./data/numerical_only/balanced,0.5,0.5,0,0,0.5316452682819491,0.5,0.4683547317180508,0.0
rmftsa,./data/numerical_only/balanced,0.5,0.5215013034908349,0,0,0.5215013034908349,0.4784986965091651,0.5,0.0
rmftsa,./data/numerical_only/balanced,0.49999999999999994,0.7899694428189986,0,0,0.7899694428189986,0.49999999999999994,0.7899694428189986,0.0
rmftsa,./data/numerical_only/balanced,0.5,0.5,0,0,0.5,0.5,0.5,0.0
rmftsa,./data/numerical_only/balanced,0.5,0.5,0,0,0.5,0.594403301637278,0.5,0.0
rmftsa,./data/numerical_only/balanced,0.5,0.5,0,0,0.5,0.24336057699697142,0.5,0.0
rmftsa,./data/numerical_only/balanced,0.5,0.5,0,0,0.39499738439497023,0.5,0.5,0.0
rmftsa,./data/numerical_only/balanced,0.5,0.5134009721842406,0,0,0.5,0.5,0.5,0.0
rmftsa,./data/numerical_only/balanced,0.5,0.5,0,0,0.5,0.8670911970055675,0.5,0.0
rmftsa,./data/numerical_only/balanced,0.3947854477197388,0.5,0,0,0.3947854477197388,0.5,0.5,0.0
rmftsa,./data/numerical_only/balanced,0.5,0.5,0,0,0.5,0.5,0.5207187397330629,0.0
rmftsa,./data/numerical_only/balanced,0.49999999999999994,,0,0,0.49999999999999994,0.7625777046763932,0.49999999999999994,0.0
rmftsa,./data/numerical_only/balanced,0.5,0.5,0,0,0.5314516944389065,0.5,0.5,0.0
rmftsa,./data/numerical_only/balanced,0.5,0.5,0,0,0.5,0.694977676017894,0.5,0.0
rmftsa,./data/numerical_only/balanced,0.5,0.8744944356548076,0,0,0.5,0.12550556434519242,0.8744944356548076,0.0
rmftsa,./data/numerical_only/balanced,0.49999999999999994,0.7502467045708427,0,0,0.7502467045708427,0.49999999999999994,0.49999999999999994,0.0
rmftsa,./data/numerical_only/balanced,0.5,0.5,0,0,0.16919020536196788,0.16919020536196788,0.16919020536196788,0.0
rmftsa,./data/numerical_only/balanced,0.6435135532425408,0.3564864467574593,0,0,0.6435135532425408,0.5,0.6435135532425408,0.0
rmftsa,./data/numerical_only/balanced,0.5,0.6043107123498188,0,0,0.5,0.6043107123498188,0.6043107123498188,0.0
rmftsa,./data/numerical_only/balanced,0.5,0.5,0,0,0.4881369258924304,0.5,0.5,0.0
rmftsa,./data/numerical_only/balanced,0.49999999999999994,0.49999999999999994,0,0,0.6844668979366133,0.3155331020633866,0.49999999999999994,0.0
rmftsa,./data/numerical_only/balanced,0.5,0.689774833629404,0,0,0.689774833629404,0.5,0.689774833629404,0.0
rmftsa,./data/numerical_only/balanced,0.5,0.7993351478467093,0,0,0.5,0.5,0.2006648521532907,0.0
rmftsa,./data/numerical_only/balanced,0.5,0.8931357239189502,0,0,0.8931357239189502,0.5,0.8931357239189502,0.0
rmftsa,./data/numerical_only/balanced,0.49999999999999994,0.49999999999999994,0,0,0.6844668979366133,0.49999999999999994,0.3155331020633866,0.0
rmftsa,./data/numerical_only/balanced,0.5,0.5,0,0,0.5,0.5,0.5894488147342438,0.0
rmftsa,./data/numerical_only/balanced,0.5,0.5,0,0,0.5,0.5,0.5,0.0
rmftsa,./data/numerical_only/balanced,0.5,0.5860337512656144,0,0,0.5860337512656144,0.5,0.5860337512656144,0.0
banknote-authentication,./data/numerical_only/balanced,0.28185237389832757,,0,0,0.28185237389832757,0.36354019643520763,0.28185237389832757,0.0
banknote-authentication,./data/numerical_only/balanced,0.06712962989723817,,0,0,0.43055555535119994,0.17708333350681105,0.06712962989723817,0.0
banknote-authentication,./data/numerical_only/balanced,0.2965632735491502,,0,0,0.2965632735491502,0.7922673644166038,0.43381389262648856,0.0
banknote-authentication,./data/numerical_only/balanced,0.24269326338368055,0.5969969306382069,0,0,0.16966242897438957,0.33220078936901387,0.24269326338368055,0.0
banknote-authentication,./data/numerical_only/balanced,0.28655164783493786,0.8039150640009686,0,0,0.42324706930738637,0.28655164783493786,0.42324706930738637,0.0
banknote-authentication,./data/numerical_only/balanced,0.46662308837709765,0.46662308837709765,0,0,0.46662308837709765,0.46662308837709765,0.46662308837709765,0.0
banknote-authentication,./data/numerical_only/balanced,0.28576248294901613,0.4173414286147008,0,0,0.3684210520994867,0.3684210520994867,0.3684210520994867,0.0
banknote-authentication,./data/numerical_only/balanced,0.21003717528757224,,0,0,0.34014869861858027,0.34014869861858027,0.21003717528757224,0.0
banknote-authentication,./data/numerical_only/balanced,0.3248077566068553,0.7472417259903092,0,0,0.4606318957086692,0.31561350719892406,0.3248077566068553,0.0
banknote-authentication,./data/numerical_only/balanced,0.09447558319039125,,0,0,0.09447558319039125,0.268414730691181,0.2710168159602032,0.0
banknote-authentication,./data/numerical_only/balanced,0.331121196574076,0.5922960555502073,0,0,0.4279699726082233,0.331121196574076,0.4279699726082233,0.0
banknote-authentication,./data/numerical_only/balanced,0.384151246287755,,0,0,0.384151246287755,0.29056047215575803,0.3753016895167913,0.0
banknote-authentication,./data/numerical_only/balanced,0.019449298450179273,,0,0,0.49628496461097527,0.019449298450179273,0.22596153841266356,0.0
banknote-authentication,./data/numerical_only/balanced,0.26451077942564233,,0,0,0.26451077942564233,0.26451077942564233,0.33818407886560825,0.0
banknote-authentication,./data/numerical_only/balanced,0.3064641749512416,,0,0,0.4550233632867018,0.3064641749512416,0.4550233632867018,0.0
banknote-authentication,./data/numerical_only/balanced,0.3165529009733978,0.5554607501504791,0,0,0.35964163793347265,0.3165529009733978,0.35964163793347265,0.0
banknote-authentication,./data/numerical_only/balanced,0.26488503129680935,0.4278209224993126,0,0,0.27969392410710225,0.26488503129680935,0.27969392410710225,0.0
banknote-authentication,./data/numerical_only/balanced,0.32898486633727314,0.7422612024203731,0,0,0.32898486633727314,0.3776533017042768,0.32898486633727314,0.0
banknote-authentication,./data/numerical_only/balanced,0.29834254121281734,,0,0,0.2453959482859392,0.2453959482859392,0.2453959482859392,0.0
banknote-authentication,./data/numerical_only/balanced,0.24096478886545555,,0,0,0.2771056334036334,0.23413991077791693,0.2126570494650587,0.0
banknote-authentication,./data/numerical_only/balanced,0.44582958950617796,0.5055780174150546,0,0,0.44582958950617796,0.44582958950617796,0.44582958950617796,0.0
banknote-authentication,./data/numerical_only/balanced,0.3148203743918406,0.37698889276966857,0,0,0.37698889276966857,0.3148203743918406,0.3148203743918406,0.0
banknote-authentication,./data/numerical_only/balanced,0.2701564377076288,,0,0,0.1895306868771135,0.1895306868771135,0.1895306868771135,0.0
banknote-authentication,./data/numerical_only/balanced,0.11351968064276863,,0,0,0.11351968064276863,0.3841985161486305,0.11351968064276863,0.0
banknote-authentication,./data/numerical_only/balanced,0.32608418162418135,0.4853527770083514,0,0,0.4503621911844031,0.28144046975604464,0.4503621911844031,0.0
banknote-authentication,./data/numerical_only/balanced,0.45302013511023026,,0,0,0.055033557134130114,0.2540268461221802,0.45302013511023026,0.0
banknote-authentication,./data/numerical_only/balanced,0.3214559388041666,,0,0,0.7758620697400045,0.3214559388041666,0.4425287363130036,0.0
banknote-authentication,./data/numerical_only/balanced,0.09081196545454615,,0,0,0.27777777774461104,0.3263295349745948,0.27777777774461104,0.0
banknote-authentication,./data/numerical_only/balanced,0.4843644922260332,0.9277628334172225,0,0,0.9277628334172225,0.9277628334172225,0.4843644922260332,0.0
banknote-authentication,./data/numerical_only/balanced,0.2993862678323846,,0,0,0.7692750280826355,0.4473532793878956,0.4473532793878956,0.0
banknote-authentication,./data/numerical_only/balanced,0.3203539830004345,,0,0,0.3203539830004345,0.36194690429771004,0.36194690429771004,0.0
banknote-authentication,./data/numerical_only/balanced,0.2185225632663057,,0,0,0.25122816784200197,0.25122816784200197,0.25122816784200197,0.0
banknote-authentication,./data/numerical_only/balanced,0.3328954949050724,0.07690978229227968,0,0,0.7046664362373497,0.3328954949050724,0.7046664362373497,0.0
banknote-authentication,./data/numerical_only/balanced,0.0,,0,0,0.024752474164511883,0.024752474164511883,0.0,0.0
banknote-authentication,./data/numerical_only/balanced,0.2693348804243162,0.5162412995596669,0,0,0.25,0.3541183291433592,0.2693348804243162,0.0
banknote-authentication,./data/numerical_only/balanced,0.0,,0,0,0.2661290304088658,0.28064516009951856,0.2661290304088658,0.0
banknote-authentication,./data/numerical_only/balanced,0.07956600343870676,,0,0,0.07956600343870676,0.25180831803175213,0.25180831803175213,0.0
banknote-authentication,./data/numerical_only/balanced,0.39207650415988293,,0,0,0.39207650415988293,0.22298117864563846,0.25409836182218526,0.0
banknote-authentication,./data/numerical_only/balanced,0.12506956089404286,,0,0,0.12506956089404286,0.2708681136321633,0.12506956089404286,0.0
banknote-authentication,./data/numerical_only/balanced,0.0,,0,0,0.06249999641799004,0.2355769254190065,0.2355769254190065,0.0
banknote-authentication,./data/numerical_only/balanced,0.19849246574329782,,0,0,0.19849246574329782,0.19849246574329782,0.1652010062823463,0.0
banknote-authentication,./data/numerical_only/balanced,0.43866523394413925,0.43866523394413925,0,0,0.43866523394413925,0.43866523394413925,0.537982682924456,0.0
banknote-authentication,./data/numerical_only/balanced,0.10323844976738504,0.451354509429771,0,0,0.43694994450668706,0.3257127795935864,0.43694994450668706,0.0
banknote-authentication,./data/numerical_only/balanced,0.32036348773490925,0.43601287404684647,0,0,0.43601287404684647,0.43601287404684647,0.8052607379744,0.0
banknote-authentication,./data/numerical_only/balanced,0.2734076753659119,,0,0,0.3426763115676428,0.25,0.2734076753659119,0.0
banknote-authentication,./data/numerical_only/balanced,0.32458202717592755,0.893416928465627,0,0,0.893416928465627,0.32458202717592755,0.47609717873503754,0.0
banknote-authentication,./data/numerical_only/balanced,0.0,,0,0,0.059523809480912716,0.059523809480912716,0.059523809480912716,0.0
banknote-authentication,./data/numerical_only/balanced,0.31549600525521415,0.3474533950213652,0,0,0.31549600525521415,0.45447736305410413,0.31549600525521415,0.0
banknote-authentication,./data/numerical_only/balanced,0.006322957469428915,,0,0,0.006322957469428915,0.2367461086319428,0.25766050617762504,0.0
banknote-authentication,./data/numerical_only/balanced,0.3288511601956969,0.47507640067051404,0,0,0.5620033957674822,0.47507640067051404,0.5620033957674822,0.0
volcanoes-a2,./data/numerical_only/balanced,0.39785495309172536,0.31154239039292303,0,0,,0.34422880480353846,0.34422880480353846,0.0
volcanoes-a2,./data/numerical_only/balanced,0.22203485191125913,0.37549184940325536,0,0,0.24901630119348933,0.22203485191125913,0.22203485191125913,0.0
volcanoes-a2,./data/numerical_only/balanced,0.1619718309859155,,0,0,0.0,0.1619718309859155,0.0,0.0
volcanoes-a2,./data/numerical_only/balanced,0.34100781926590634,,0,0,0.6750651604278481,0.006950478103964519,0.006950478103964519,0.0
volcanoes-a2,./data/numerical_only/balanced,0.5172189724683695,0.5172189724683695,0,0,0.5172189724683695,0.3390729910690514,,0.0
volcanoes-a2,./data/numerical_only/balanced,0.24489795918367346,,0,0,,0.0,,0.0
volcanoes-a2,./data/numerical_only/balanced,0.42512877120594716,,0,0,0.783296541454963,0.10835172927251843,,0.0
volcanoes-a2,./data/numerical_only/balanced,0.13437057998099877,,0,0,,0.41230551633177676,0.09335219262555097,0.0
volcanoes-a2,./data/numerical_only/balanced,0.41405653162619915,,0,0,0.17188693674760175,0.356760885999198,,0.0
volcanoes-a2,./data/numerical_only/balanced,0.3431105050879233,,0,0,0.5375170528732384,0.5375170528732384,0.5375170528732384,0.0
volcanoes-a2,./data/numerical_only/balanced,0.28757198244792104,0.41569121897078143,0,0,0.40652640283740493,0.3333333333333333,0.424856035104158,0.0
volcanoes-a2,./data/numerical_only/balanced,0.3361531610239139,,0,0,0.19323241277134215,0.4790739092764857,0.4790739092764857,0.0
volcanoes-a2,./data/numerical_only/balanced,0.27675071375753174,0.404563712751964,0,0,0.3626288530189916,0.404563712751964,0.404563712751964,0.0
volcanoes-a2,./data/numerical_only/balanced,0.3219356128922755,0.3219356128922755,0,0,0.3219356128922755,0.3219356128922755,0.3219356128922755,0.0
volcanoes-a2,./data/numerical_only/balanced,0.4024663677130045,,0,0,0.19506726457399104,0.4024663677130045,,0.0
volcanoes-a2,./data/numerical_only/balanced,0.31492537283744204,,0,0,0.229850745174472,0.4000000005004121,0.4000000005004121,0.0
volcanoes-a2,./data/numerical_only/balanced,0.3760638296126901,,0,0,0.16117021292469122,0.07446808507476269,0.07446808507476269,0.0
volcanoes-a2,./data/numerical_only/balanced,0.42228626308971096,,0,0,0.31373679146895705,0.23458213264476763,0.31373679146895705,0.0
volcanoes-a2,./data/numerical_only/balanced,0.40964240092488524,,0,0,,0.3205619419851914,,0.0
volcanoes-a2,./data/numerical_only/balanced,0.32681564240196576,,0,0,,0.02700186270248547,,0.0
volcanoes-a2,./data/numerical_only/balanced,0.41053169748196255,,0,0,,0.24948875323874795,0.24948875323874795,0.0
volcanoes-a2,./data/numerical_only/balanced,0.3159292038336101,,0,0,,0.06607669746506105,0.06607669746506105,0.0
volcanoes-a2,./data/numerical_only/balanced,0.4152892561983471,,0,0,0.008264462809917356,0.008264462809917356,0.008264462809917356,0.0
volcanoes-a2,./data/numerical_only/balanced,0.40376811611300034,0.5281159420192205,0,0,0.2794202902067802,0.5281159420192205,0.5281159420192205,0.0
volcanoes-a2,./data/numerical_only/balanced,0.33900051588531493,,0,0,,0.35754765686562684,,0.0
volcanoes-a2,./data/numerical_only/balanced,0.17088607594936706,,0,0,,0.03797468354430379,0.03797468354430379,0.0
volcanoes-a2,./data/numerical_only/balanced,0.3364928909230911,,0,0,0.28199052134113434,0.23696682452845086,,0.0
volcanoes-a2,./data/numerical_only/balanced,0.29918032814573386,,0,0,,0.3770491809238678,0.3770491809238678,0.0
volcanoes-a2,./data/numerical_only/balanced,0.3778472532534142,,0,0,,0.12393925860287588,0.0035730237125800503,0.0
volcanoes-a2,./data/numerical_only/balanced,0.46138211403236173,,0,0,0.3943089427708643,0.3943089427708643,0.3943089427708643,0.0
volcanoes-a2,./data/numerical_only/balanced,0.1704545454545455,,0,0,,0.011363636363636366,0.011363636363636366,0.0
volcanoes-a2,./data/numerical_only/balanced,0.1964285714285714,,0,0,0.6071428571428571,0.0,,0.0
volcanoes-a2,./data/numerical_only/balanced,0.5083932837892511,,0,0,,0.5083932837892511,,0.0
volcanoes-a2,./data/numerical_only/balanced,0.13281250000000003,,0,0,0.0,0.0,0.0,0.0
volcanoes-a2,./data/numerical_only/balanced,0.28363636415882787,,0,0,,0.4963636365159576,0.4963636365159576,0.0
volcanoes-a2,./data/numerical_only/balanced,0.36363636436481844,,0,0,0.2597402582951311,0.4675324704345058,0.36363636436481844,0.0
volcanoes-a2,./data/numerical_only/balanced,0.4751536882113572,,0,0,0.8539959010097985,0.0963114754129158,,0.0
volcanoes-a2,./data/numerical_only/balanced,0.37768684214504317,0.3333333333333333,0,0,0.3144467426855278,0.3333333333333333,0.3333333333333333,0.0
volcanoes-a2,./data/numerical_only/balanced,0.35964912280701755,,0,0,,0.0,0.0,0.0
volcanoes-a2,./data/numerical_only/balanced,0.16236722275036838,0.16236722275036838,0,0,0.16236722275036838,0.16236722275036838,0.16236722275036838,0.0
volcanoes-a2,./data/numerical_only/balanced,0.18181818181818177,,0,0,,0.022727272727272724,,0.0
volcanoes-a2,./data/numerical_only/balanced,0.0859375,,0,0,0.03125,0.03125,0.03125,0.0
volcanoes-a2,./data/numerical_only/balanced,0.31029411702911097,,0,0,,0.380000000359107,0.380000000359107,0.0
volcanoes-a2,./data/numerical_only/balanced,0.4703232644721799,,0,0,0.050609433012827325,0.04186539497001448,0.04186539497001448,0.0
volcanoes-a2,./data/numerical_only/balanced,0.2321428571428571,,0,0,,0.07142857142857142,0.07142857142857142,0.0
volcanoes-a2,./data/numerical_only/balanced,0.3841913144861661,0.3333333333333333,0,0,0.12098291485540759,0.3841913144861661,0.4395085425722962,
volcanoes-a2,./data/numerical_only/balanced,0.33076923076923076,,0,0,0.33076923076923076,0.0,0.0,0.0
volcanoes-a2,./data/numerical_only/balanced,0.09084981694466743,0.09084981694466743,0,0,,0.25624864295738115,,0.0
volcanoes-a2,./data/numerical_only/balanced,0.2552870090238106,,0,0,0.49546827731637033,0.49546827731637033,0.49546827731637033,0.0
volcanoes-a2,./data/numerical_only/balanced,0.3722308089973193,,0,0,,0.4487377640510578,0.4487377640510578,0.0
volcanoes-a3,./data/numerical_only/balanced,0.6547088416939356,0.376186196649209,0,0,0.4511682241977588,0.4511682241977588,0.376186196649209,0.0
volcanoes-a3,./data/numerical_only/balanced,0.36930455655495686,,0,0,,0.33621103069525116,0.33621103069525116,0.0
volcanoes-a3,./data/numerical_only/balanced,0.7018121357476045,0.44545303401602876,0,0,0.3333333333333334,0.3333333333333334,0.44545303401602876,0.0
volcanoes-a3,./data/numerical_only/balanced,0.11180904539215057,,0,0,,0.050251255247806166,,0.0
volcanoes-a3,./data/numerical_only/balanced,0.1541501977152121,,0,0,0.6916996045695758,0.07509881564131385,,0.0
volcanoes-a3,./data/numerical_only/balanced,0.3049194235771092,,0,0,,0.38252756596446974,,0.0
volcanoes-a3,./data/numerical_only/balanced,0.35265700452486204,,0,0,0.294685990950276,0.24637681079218177,0.24637681079218177,0.0
volcanoes-a3,./data/numerical_only/balanced,0.4263759827501902,,0,0,,0.01143674065999672,,0.0
volcanoes-a3,./data/numerical_only/balanced,0.39680082553039947,,0,0,,0.5335397313190744,0.5335397313190744,0.0
volcanoes-a3,./data/numerical_only/balanced,0.3193473193230294,,0,0,,0.39067599039132755,0.39067599039132755,0.0
volcanoes-a3,./data/numerical_only/balanced,0.37500000000000006,,0,0,,0.15,0.049999999999999996,0.0
volcanoes-a3,./data/numerical_only/balanced,0.3800745017081373,0.5053975967577718,0,0,0.5053975967577718,0.3726242966707487,0.5053975967577718,0.0
volcanoes-a3,./data/numerical_only/balanced,0.3831509846028222,,0,0,0.519287276769049,0.37649265378170227,,0.0
volcanoes-a3,./data/numerical_only/balanced,0.7343066352560909,0.4457928427983494,0,0,0.4457928427983494,0.4457928427983494,0.4457928427983494,0.0
volcanoes-a3,./data/numerical_only/balanced,0.2943101707942854,0.3665659611442006,0,0,0.3665659611442006,0.3665659611442006,0.3665659611442006,0.0
volcanoes-a3,./data/numerical_only/balanced,0.35662358632627167,,0,0,0.3109854609787126,0.3109854609787126,,0.0
volcanoes-a3,./data/numerical_only/balanced,0.40269461035094894,0.40044910166851894,0,0,0.40044910166851894,0.40269461035094894,0.40044910166851894,0.0
volcanoes-a3,./data/numerical_only/balanced,0.2950819679076646,,0,0,0.40983606418467067,0.016393442597921994,0.016393442597921994,0.0
volcanoes-a3,./data/numerical_only/balanced,0.39859693853544675,,0,0,0.19770408277870732,0.19770408277870732,0.19770408277870732,0.0
volcanoes-a3,./data/numerical_only/balanced,0.4010594668335392,0.665071770308829,0,0,,0.43147641832087524,0.665071770308829,0.0
volcanoes-a3,./data/numerical_only/balanced,0.25,,0,0,,0.0,0.0,0.0
volcanoes-a3,./data/numerical_only/balanced,0.3360708019530407,0.4222612022144125,0,0,0.4222612022144125,0.4222612022144125,0.4222612022144125,0.0
volcanoes-a3,./data/numerical_only/balanced,0.3229729729745036,,0,0,0.400675676007893,0.400675676007893,0.400675676007893,0.0
volcanoes-a3,./data/numerical_only/balanced,0.5099921097322427,0.5099921097322427,0,0,0.5099921097322427,0.32895082713322366,,0.0
volcanoes-a3,./data/numerical_only/balanced,0.4823614104480335,,0,0,,0.23758099384034476,0.23758099384034476,0.0
volcanoes-a3,./data/numerical_only/balanced,0.4567505131250109,,0,0,0.2515400411997033,0.16901950747484074,0.2515400411997033,0.0
volcanoes-a3,./data/numerical_only/balanced,0.29594715472976096,0.32078717471878126,0,0,0.32078717471878126,0.3644464326296297,,0.0
volcanoes-a3,./data/numerical_only/balanced,0.3087818696883853,,0,0,,0.0028328611898016994,,0.0
volcanoes-a3,./data/numerical_only/balanced,0.19871794871794876,,0,0,0.6025641025641025,0.0,,0.0
volcanoes-a3,./data/numerical_only/balanced,0.4748784440842788,,0,0,,0.0,0.0,0.0
volcanoes-a3,./data/numerical_only/balanced,0.3050314473191009,,0,0,0.3899371053617982,0.3018867943371366,,0.0
volcanoes-a3,./data/numerical_only/balanced,0.4478527610635035,,0,0,,0.0889570559797552,0.0889570559797552,0.0
volcanoes-a3,./data/numerical_only/balanced,0.3091286303566353,0.46780390006164846,0,0,0.46780390006164846,0.3091286303566353,0.46780390006164846,0.0
volcanoes-a3,./data/numerical_only/balanced,0.42978515641312154,,0,0,0.2291015631328458,0.2291015631328458,0.2291015631328458,0.0
volcanoes-a3,./data/numerical_only/balanced,0.2814569535068275,,0,0,0.4370860929863451,0.08940397300293663,0.08940397300293663,0.0
volcanoes-a3,./data/numerical_only/balanced,0.45033893258519975,0.45033893258519975,0,0,,0.4165193045651356,,0.0
volcanoes-a3,./data/numerical_only/balanced,0.2957362421417501,0.2957362421417501,0,0,,0.3435795734564514,,0.0
volcanoes-a3,./data/numerical_only/balanced,0.3857702349947425,,0,0,0.1436031332328375,0.6279373367566475,,0.0
volcanoes-a3,./data/numerical_only/balanced,0.45195052309175676,0.5613701224448027,0,0,0.5613701224448027,0.32873453813064457,0.5613701224448027,0.0
volcanoes-a3,./data/numerical_only/balanced,0.3211920534260003,,0,0,0.1824202292103195,0.1824202292103195,,0.0
volcanoes-a3,./data/numerical_only/balanced,0.05405405405405405,,0,0,,0.0,0.0,0.0
volcanoes-a3,./data/numerical_only/balanced,0.41181926553872633,0.3333333333333333,0,0,0.3333333333333333,0.3333333333333333,0.41181926553872633,0.0
volcanoes-a3,./data/numerical_only/balanced,0.23474001517789517,,0,0,,0.10926902828965383,0.10926902828965383,0.0
volcanoes-a3,./data/numerical_only/balanced,0.1397849461517613,,0,0,0.021505376562137617,0.021505376562137617,0.021505376562137617,0.0
volcanoes-a3,./data/numerical_only/balanced,0.25444839830557797,,0,0,0.491103203388844,0.20877817338438515,0.20877817338438515,0.0
volcanoes-a3,./data/numerical_only/balanced,0.16818181877928856,,0,0,,0.05454545573462265,,0.0
volcanoes-a3,./data/numerical_only/balanced,0.39793577979408146,,0,0,,0.18532110129833596,,0.0
volcanoes-a3,./data/numerical_only/balanced,0.47041420186208993,,0,0,0.24852071014476812,0.24852071014476812,0.24852071014476812,0.0
volcanoes-a3,./data/numerical_only/balanced,0.11458333333333331,,0,0,,0.0,0.0,0.0
volcanoes-a3,./data/numerical_only/balanced,0.3720930234305313,,0,0,,0.22093023227481395,0.22093023227481395,0.0
volcanoes-a4,./data/numerical_only/balanced,0.01612903342100636,,0,0,,0.01612903342100636,,0.0
volcanoes-a4,./data/numerical_only/balanced,0.20967742063044056,,0,0,,0.20967742063044056,0.20967742063044056,0.0
volcanoes-a4,./data/numerical_only/balanced,0.3848200553244459,0.3848200553244459,0,0,0.3333333333333333,0.3848200553244459,0.3848200553244459,0.0
volcanoes-a4,./data/numerical_only/balanced,0.382418927415213,,0,0,,0.382418927415213,,0.0
volcanoes-a4,./data/numerical_only/balanced,0.014642549605606792,,0,0,,0.014642549605606792,,0.0
volcanoes-a4,./data/numerical_only/balanced,0.3436607175205103,0.42491929787077587,0,0,0.5371600307825722,0.3436607175205103,0.23141998460871388,
volcanoes-a4,./data/numerical_only/balanced,0.2768924311733973,,0,0,,0.2768924311733973,,0.0
volcanoes-a4,./data/numerical_only/balanced,0.2905780704473182,0.46554206983807217,0,0,0.46554206983807217,0.44219296447171785,,0.0
volcanoes-a4,./data/numerical_only/balanced,0.7818696875230969,,0,0,,0.7818696875230969,0.7818696875230969,0.0
volcanoes-a4,./data/numerical_only/balanced,0.2153493707095565,,0,0,,0.2153493707095565,,0.0
volcanoes-a4,./data/numerical_only/balanced,0.08250825067215972,,0,0,,0.08250825067215972,0.08250825067215972,0.0
volcanoes-a4,./data/numerical_only/balanced,0.04859484865966848,,0,0,,0.04859484865966848,0.04859484865966848,0.0
volcanoes-a4,./data/numerical_only/balanced,0.034188034188034185,,0,0,,0.034188034188034185,,0.0
volcanoes-a4,./data/numerical_only/balanced,0.07796610192446847,,0,0,,0.07796610192446847,,0.0
volcanoes-a4,./data/numerical_only/balanced,0.4659685867454785,,0,0,,0.4659685867454785,0.4659685867454785,0.0
volcanoes-a4,./data/numerical_only/balanced,0.6084070794176362,,0,0,0.31637168171132096,0.6084070794176362,,0.0
volcanoes-a4,./data/numerical_only/balanced,0.15833333362922225,,0,0,,0.15833333362922225,0.15833333362922225,0.0
volcanoes-a4,./data/numerical_only/balanced,0.05454545454545455,,0,0,0.7272727272727273,0.05454545454545455,0.05454545454545455,0.0
volcanoes-a4,./data/numerical_only/balanced,0.46699266555277413,,0,0,,0.46699266555277413,,0.0
volcanoes-a4,./data/numerical_only/balanced,0.14096016197298458,,0,0,,0.3248212461296237,0.14096016197298458,0.0
volcanoes-a4,./data/numerical_only/balanced,0.34747292496845283,,0,0,,0.34747292496845283,0.34747292496845283,0.0
volcanoes-a4,./data/numerical_only/balanced,0.3622456926371026,0.3622456926371026,0,0,0.3622456926371026,0.3333333333333333,0.40279465342890336,0.0
volcanoes-a4,./data/numerical_only/balanced,0.07352941176470588,,0,0,,0.07352941176470588,,0.0
volcanoes-a4,./data/numerical_only/balanced,0.013793103448275862,,0,0,,0.013793103448275862,0.013793103448275862,0.0
volcanoes-a4,./data/numerical_only/balanced,0.3798367431439803,0.44270115475258737,0,0,0.44270115475258737,0.3798367431439803,,0.0
volcanoes-a4,./data/numerical_only/balanced,0.47612642866187593,,0,0,0.4330867519288713,0.47612642866187593,,0.0
volcanoes-a4,./data/numerical_only/balanced,0.13408723798075897,,0,0,,0.13408723798075897,0.13408723798075897,0.0
volcanoes-a4,./data/numerical_only/balanced,0.428529015838693,0.6354603749906265,0,0,0.38920117165662016,0.428529015838693,0.33333333333333326,0.0
volcanoes-a4,./data/numerical_only/balanced,0.38055450082844217,,0,0,0.3585263962124628,0.40258260544442154,,0.0
volcanoes-a4,./data/numerical_only/balanced,0.6568315931262168,,0,0,,0.6568315931262168,,0.0
volcanoes-a4,./data/numerical_only/balanced,0.4269085630298447,,0,0,0.5964586356810404,0.257358490378649,0.257358490378649,0.0
volcanoes-a4,./data/numerical_only/balanced,0.3883211678294729,,0,0,,0.3883211678294729,0.3883211678294729,0.0
volcanoes-a4,./data/numerical_only/balanced,0.37238605848513373,0.37238605848513373,0,0,0.17037533527712623,0.17037533527712623,0.17037533527712623,0.0
volcanoes-a4,./data/numerical_only/balanced,0.33483685225104187,0.4061420341555629,0,0,,0.33483685225104187,0.4061420341555629,0.0
volcanoes-a4,./data/numerical_only/balanced,0.3901802034421904,0.3901802034421904,0,0,0.3333333333333333,0.3901802034421904,0.3333333333333333,0.0
volcanoes-a4,./data/numerical_only/balanced,0.42115384574297454,0.341053512031497,0,0,,0.5244147155489429,0.5244147155489429,0.0
volcanoes-a4,./data/numerical_only/balanced,0.3749907351108835,,0,0,,0.3749907351108835,0.3749907351108835,0.0
volcanoes-a4,./data/numerical_only/balanced,0.4216867471941162,,0,0,,0.4216867471941162,0.4216867471941162,0.0
volcanoes-a4,./data/numerical_only/balanced,0.5167267100685341,,0,0,0.41791044714469305,0.5167267100685341,0.5167267100685341,0.0
volcanoes-a4,./data/numerical_only/balanced,0.4480688617910902,0.4480688617910902,0,0,0.4480688617910902,0.3333333333333333,0.3333333333333333,0.0
volcanoes-a4,./data/numerical_only/balanced,0.18079096064371766,,0,0,,0.18079096064371766,0.18079096064371766,0.0
volcanoes-a4,./data/numerical_only/balanced,0.3862105466951778,0.42580831291796367,0,0,0.42580831291796367,0.42580831291796367,,
volcanoes-a4,./data/numerical_only/balanced,0.5758395659575772,0.5758395659575772,0,0,,0.5758395659575772,0.5758395659575772,0.0
volcanoes-a4,./data/numerical_only/balanced,0.47014028123304075,,0,0,,0.47014028123304075,0.47014028123304075,0.0
volcanoes-a4,./data/numerical_only/balanced,0.8054407721610795,,0,0,,0.48347107492443336,0.8054407721610795,0.0
volcanoes-a4,./data/numerical_only/balanced,0.4463753711278601,,0,0,0.3088381329670579,0.345580933516471,0.4463753711278601,0.0
volcanoes-a4,./data/numerical_only/balanced,0.2886673148186994,0.4399319066913665,0,0,,0.2886673148186994,0.2886673148186994,0.0
volcanoes-a4,./data/numerical_only/balanced,0.20055229570593977,0.2495685191500176,0,0,,0.20055229570593977,0.20055229570593977,0.0
volcanoes-a4,./data/numerical_only/balanced,0.3422603798248336,,0,0,,0.2813941565861513,,0.0
volcanoes-a4,./data/numerical_only/balanced,0.07861060349680937,,0,0,0.3711151736855606,0.3144424131572197,0.07861060349680937,0.0
volcanoes-e1,./data/numerical_only/balanced,0.04705882352941177,,0,0,,,,0.0
volcanoes-e1,./data/numerical_only/balanced,0.25453777987599935,,0,0,,0.25453777987599935,0.25453777987599935,0.0
volcanoes-e1,./data/numerical_only/balanced,0.28897338357397334,,0,0,,,0.28897338357397334,0.0
volcanoes-e1,./data/numerical_only/balanced,0.31562499984311215,,0,0,,,0.3359375003376499,0.0
volcanoes-e1,./data/numerical_only/balanced,0.3524416089816864,,0,0,,0.3524416089816864,0.3524416089816864,0.0
volcanoes-e1,./data/numerical_only/balanced,0.28292911164757545,0.4597793027805485,0,0,0.43414177670484916,0.4597793027805485,0.43414177670484916,0.0
volcanoes-e1,./data/numerical_only/balanced,0.3822341848382066,,0,0,,,,0.0
volcanoes-e1,./data/numerical_only/balanced,0.3117699913839255,,0,0,,,0.3854447449341029,0.0
volcanoes-e1,./data/numerical_only/balanced,0.3524962181487724,,0,0,,,,0.0
volcanoes-e1,./data/numerical_only/balanced,0.371338912017528,0.40947128146063405,0,0,,0.40947128146063405,0.40947128146063405,0.0
volcanoes-e1,./data/numerical_only/balanced,0.5429025431443582,,0,0,0.14618644189398747,,0.5429025431443582,0.0
volcanoes-e1,./data/numerical_only/balanced,0.39452365545640256,,0,0,0.2538885293416871,,0.2538885293416871,0.0
volcanoes-e1,./data/numerical_only/balanced,0.09318106628758686,,0,0,,,0.1277722613408454,0.0
volcanoes-e1,./data/numerical_only/balanced,0.42411517661912657,0.42411517661912657,0,0,0.30779298704346336,,0.30779298704346336,0.0
volcanoes-e1,./data/numerical_only/balanced,0.42919153514892533,0.42919153514892533,0,0,0.1416169297021494,0.46228974496324177,0.46228974496324177,0.0
volcanoes-e1,./data/numerical_only/balanced,0.3425829875205616,,0,0,,0.11255186742338477,,0.0
volcanoes-e1,./data/numerical_only/balanced,0.4061420042396594,,0,0,0.23719761251182442,0.5256047749763512,,0.0
volcanoes-e1,./data/numerical_only/balanced,0.3275862072869099,,0,0,,,,0.0
volcanoes-e1,./data/numerical_only/balanced,0.3081068938594723,0.31899842793851646,0,0,,0.3081068938594723,0.3620031441229671,0.0
volcanoes-e1,./data/numerical_only/balanced,0.19375000029972908,0.2165740742075655,0,0,0.2165740742075655,0.3333333333333334,0.41453703680405374,0.0
volcanoes-e1,./data/numerical_only/balanced,0.46035856588301216,,0,0,,0.39043824797108834,0.39043824797108834,0.0
volcanoes-e1,./data/numerical_only/balanced,0.2777777780880083,,0,0,,,,0.0
volcanoes-e1,./data/numerical_only/balanced,0.35744268698584214,0.3429124968122224,0,0,0.37197287715946187,,,0.0
volcanoes-e1,./data/numerical_only/balanced,0.4212288299483437,0.3333333333333333,0,0,0.7336746748299415,,,0.0
volcanoes-e1,./data/numerical_only/balanced,0.42404948672636167,0.4861798424440886,0,0,0.25691007877795574,0.42404948672636167,0.25691007877795574,0.0
volcanoes-e1,./data/numerical_only/balanced,0.6723672364658522,,0,0,,,0.6723672364658522,0.0
volcanoes-e1,./data/numerical_only/balanced,0.40874035989717217,,0,0,,,,0.0
volcanoes-e1,./data/numerical_only/balanced,0.27886115519706167,,0,0,0.44227768960587666,0.10218408851855001,,0.0
volcanoes-e1,./data/numerical_only/balanced,0.3371613663743115,0.32567726725137713,0,0,0.32567726807410025,0.32567726807410025,0.32567726807410025,0.0
volcanoes-e1,./data/numerical_only/balanced,0.36895569401196043,0.35782292538430943,0,0,0.2620886119760791,0.35782292538430943,0.2732213806037301,0.0
volcanoes-e1,./data/numerical_only/balanced,0.3259704048358469,0.40928586723228566,0,0,,,0.18142826553542865,0.0
volcanoes-e1,./data/numerical_only/balanced,0.42357781299535396,0.3253714552928952,0,0,0.49789853657649835,0.42357781299535396,,0.0
volcanoes-e1,./data/numerical_only/balanced,0.3972922496822041,,0,0,,,0.6003734819726033,0.0
volcanoes-e1,./data/numerical_only/balanced,0.42211193814783915,0.6575682374501473,0,0,0.6575682374501473,0.42211193814783915,0.6575682374501473,0.0
volcanoes-e1,./data/numerical_only/balanced,0.3822881510815478,,0,0,0.3822881510815478,,0.3333333333333333,0.0
volcanoes-e1,./data/numerical_only/balanced,0.44623655840297755,0.22647849494601704,0,0,0.32728494665100544,,0.44623655840297755,0.0
volcanoes-e1,./data/numerical_only/balanced,0.42379215229169703,0.15241569541660596,0,0,0.6495239775762143,,0.15241569541660596,0.0
volcanoes-e1,./data/numerical_only/balanced,0.05483028731411927,,0,0,,,0.04873803353285376,0.0
volcanoes-e1,./data/numerical_only/balanced,0.4209197978177608,0.28961020747725835,0,0,0.4210600105900383,,0.4210600105900383,0.0
volcanoes-e1,./data/numerical_only/balanced,0.39960294922988754,0.2698808847539108,0,0,0.2353374931470678,0.39960294922988754,0.20079410154022478,
volcanoes-e1,./data/numerical_only/balanced,0.45069637856998296,,0,0,,0.45069637856998296,0.45069637856998296,0.0
volcanoes-e1,./data/numerical_only/balanced,0.3015521063589557,0.39689578728208874,0,0,0.30968218796532404,0.30968218796532404,,0.0
volcanoes-e1,./data/numerical_only/balanced,0.5394190886476569,,0,0,,0.5394190886476569,0.5394190886476569,0.0
volcanoes-e1,./data/numerical_only/balanced,0.04754990921766089,,0,0,,0.4838475499036652,0.04754990921766089,0.0
volcanoes-e1,./data/numerical_only/balanced,0.46859028401607383,,0,0,0.3333333333333333,,0.46859028401607383,0.0
volcanoes-e1,./data/numerical_only/balanced,0.2022116910396777,,0,0,,0.3301737750638477,0.06477093220705088,0.0
volcanoes-e1,./data/numerical_only/balanced,0.17432150359152085,,0,0,,0.2359081429350821,0.2359081429350821,0.0
volcanoes-e1,./data/numerical_only/balanced,0.259684684766653,0.21846846888592808,0,0,,,,0.0
volcanoes-e1,./data/numerical_only/balanced,0.47432972047136707,,0,0,,,0.7577486213178155,0.0
volcanoes-e1,./data/numerical_only/balanced,0.40875000003623424,,0,0,,,,0.0
volcanoes-e2,./data/numerical_only/balanced,0.45529347270285553,,0,0,,,0.7136588045171128,0.0
volcanoes-e2,./data/numerical_only/balanced,0.42488055195830776,0.5015041577159749,0,0,,,,0.0
volcanoes-e2,./data/numerical_only/balanced,0.3140161722670206,,0,0,,,0.5087601073050512,0.0
volcanoes-e2,./data/numerical_only/balanced,0.29785544106017847,,0,0,,,0.1072279590856941,0.0
volcanoes-e2,./data/numerical_only/balanced,0.253154574521136,,0,0,,,,0.0
volcanoes-e2,./data/numerical_only/balanced,0.37525443432003025,,0,0,,,,0.0
volcanoes-e2,./data/numerical_only/balanced,0.48334847098536754,,0,0,,,,0.0
volcanoes-e2,./data/numerical_only/balanced,0.3142329027439803,,0,0,,,0.4091189167047822,0.0
volcanoes-e2,./data/numerical_only/balanced,0.1797919770693115,0.6404160458613769,0,0,,,0.25200594455700376,0.0
volcanoes-e2,./data/numerical_only/balanced,0.32719365568236436,0.3333333333333333,0,0,0.3552485715717505,,,0.0
volcanoes-e2,./data/numerical_only/balanced,0.17279411752095017,0.39500964333522776,0,0,0.13560752171235593,,0.39500964333522776,0.0
volcanoes-e2,./data/numerical_only/balanced,0.3896262659771821,,0,0,,,,0.0
volcanoes-e2,./data/numerical_only/balanced,0.3407707910965473,,0,0,,,0.2965517247853686,0.0
volcanoes-e2,./data/numerical_only/balanced,0.09007551274347211,,0,0,0.10248112172747977,,0.10248112172747977,0.0
volcanoes-e2,./data/numerical_only/balanced,0.3763955342141374,,0,0,,,,0.0
volcanoes-e2,./data/numerical_only/balanced,0.40580422990048903,0.21938022450595931,0,0,,,,0.0
volcanoes-e2,./data/numerical_only/balanced,0.25946969740064213,,0,0,,,0.08333333209862535,0.0
volcanoes-e2,./data/numerical_only/balanced,0.3045213732684369,0.33238986832322104,0,0,0.33238986832322104,,0.3616735608931736,0.0
volcanoes-e2,./data/numerical_only/balanced,0.4156626506987323,,0,0,,,0.5359036140927539,0.0
volcanoes-e2,./data/numerical_only/balanced,0.1353233833417247,,0,0,,,0.17624378118190584,0.0
volcanoes-e2,./data/numerical_only/balanced,0.37949556268623236,,0,0,0.6623073329836896,,0.6623073329836896,0.0
volcanoes-e2,./data/numerical_only/balanced,0.40012170934448327,0.4781682632271683,0,0,,,0.4781682632271683,0.0
volcanoes-e2,./data/numerical_only/balanced,0.11922677737935072,0.14374675601045953,0,0,0.14374675601045953,,0.14374675601045953,0.0
volcanoes-e2,./data/numerical_only/balanced,0.4378884909429865,0.4378884909429865,0,0,0.4378884909429865,,0.4378884909429865,0.0
volcanoes-e2,./data/numerical_only/balanced,0.344917787751464,,0,0,,,0.2855007477175911,0.0
volcanoes-e2,./data/numerical_only/balanced,0.2953060010967546,0.3345216870046564,0,0,,,0.3345216870046564,0.0
volcanoes-e2,./data/numerical_only/balanced,0.22046366433463888,,0,0,,,,0.0
volcanoes-e2,./data/numerical_only/balanced,0.21564625798259507,,0,0,,,,0.0
volcanoes-e2,./data/numerical_only/balanced,0.4104409058897456,0.36282914860495047,0,0,0.36282914860495047,,0.4104409058897456,0.0
volcanoes-e2,./data/numerical_only/balanced,0.3126450119964974,,0,0,,,,0.0
volcanoes-e2,./data/numerical_only/balanced,0.3406964654729706,,0,0,,,,0.0
volcanoes-e2,./data/numerical_only/balanced,0.3029853695940196,0.34697508805970473,0,0,0.34697508805970473,,,0.0
volcanoes-e2,./data/numerical_only/balanced,0.2467469880968956,,0,0,,,0.31662650581589324,0.0
volcanoes-e2,./data/numerical_only/balanced,0.24470659415931006,,0,0,,,0.22565033339058807,0.0
volcanoes-e2,./data/numerical_only/balanced,0.13842281932567274,,0,0,,,,0.0
volcanoes-e2,./data/numerical_only/balanced,0.37895539513529697,,0,0,,,0.12047274169200352,0.0
volcanoes-e2,./data/numerical_only/balanced,0.40722433428281424,,0,0,,,,0.0
volcanoes-e2,./data/numerical_only/balanced,0.38684884473529957,,0,0,,,0.3757472251918745,0.0
volcanoes-e2,./data/numerical_only/balanced,0.3709716650459996,0.30013377113888046,0,0,0.30013377113888046,,0.2580566699080008,0.0
volcanoes-e2,./data/numerical_only/balanced,0.33125000019463186,,0,0,,,0.33750000019281284,0.0
volcanoes-e2,./data/numerical_only/balanced,0.2595588236381231,,0,0,,,,0.0
volcanoes-e2,./data/numerical_only/balanced,0.35337341359334684,0.2792251154655883,0,0,,,,0.0
volcanoes-e2,./data/numerical_only/balanced,0.4641296329432064,0.4641296329432064,0,0,0.4641296329432064,,0.3333333333333333,0.0
volcanoes-e2,./data/numerical_only/balanced,0.31531711239999427,,0,0,,,0.12086158870559877,0.0
volcanoes-e2,./data/numerical_only/balanced,0.318889465869937,,0,0,,,0.18629994845556816,0.0
volcanoes-e2,./data/numerical_only/balanced,0.32160804013985195,0.45802181632962885,0,0,0.45802181632962885,,0.45802181632962885,0.0
volcanoes-e2,./data/numerical_only/balanced,0.31697608657394477,0.39802975344696045,0,0,0.3333333333333333,,0.3333333333333333,0.0
volcanoes-e2,./data/numerical_only/balanced,0.3312569212376517,0.3312569212376517,0,0,0.3673864885581371,,0.3673864885581371,0.0
volcanoes-e2,./data/numerical_only/balanced,0.34010695290056964,,0,0,,,,0.0
volcanoes-e2,./data/numerical_only/balanced,0.2845697337732631,,0,0,,,,0.0
volcanoes-e3,./data/numerical_only/balanced,0.3007945515941109,,0,0,0.13734392698459622,,0.3007945515941109,0.0
volcanoes-e3,./data/numerical_only/balanced,0.38476444194687864,0.22647450654402215,0,0,0.5430543773497352,0.5430543773497352,0.5430543773497352,0.0
volcanoes-e3,./data/numerical_only/balanced,0.07470946326828037,,0,0,0.07470946326828037,,0.07470946326828037,0.0
volcanoes-e3,./data/numerical_only/balanced,0.2829457360017747,,0,0,,,,0.0
volcanoes-e3,./data/numerical_only/balanced,0.45302867217737874,,0,0,,,0.45302867217737874,0.0
volcanoes-e3,./data/numerical_only/balanced,0.14417029563720404,0.11223996242228032,0,0,0.711659408725592,,,0.0
volcanoes-e3,./data/numerical_only/balanced,0.35866942416372793,0.41658048909433826,0,0,0.41658048909433826,,0.41658048909433826,0.0
volcanoes-e3,./data/numerical_only/balanced,0.3674540681791565,,0,0,,,,0.0
volcanoes-e3,./data/numerical_only/balanced,0.29370786565885176,0.4125842686822967,0,0,,,,0.0
volcanoes-e3,./data/numerical_only/balanced,0.4512251673826627,0.4512251673826627,0,0,0.6368555286486444,,,0.0
volcanoes-e3,./data/numerical_only/balanced,0.19209039598633107,,0,0,0.5649717504403508,,,0.0
volcanoes-e3,./data/numerical_only/balanced,0.38456435196758787,0.4590888971319163,0,0,,,0.3100398068032595,0.0
volcanoes-e3,./data/numerical_only/balanced,0.6885895405675627,0.6885895405675627,0,0,,,0.6885895405675627,0.0
volcanoes-e3,./data/numerical_only/balanced,0.8005822431817113,,0,0,,,0.8005822431817113,0.0
volcanoes-e3,./data/numerical_only/balanced,0.5845602860372869,,0,0,,,,0.0
volcanoes-e3,./data/numerical_only/balanced,0.21587301701411482,,0,0,,,,0.0
volcanoes-e3,./data/numerical_only/balanced,0.44408945749286044,,0,0,,,0.44408945749286044,0.0
volcanoes-e3,./data/numerical_only/balanced,0.3876704854604459,0.5143480634057045,0,0,0.5143480634057045,,0.5143480634057045,0.0
volcanoes-e3,./data/numerical_only/balanced,0.4695249133190097,0.48783314008119405,0,0,0.48783314008119405,,0.48783314008119405,0.0
volcanoes-e3,./data/numerical_only/balanced,0.3299389003483395,,0,0,0.12830957192564157,,0.3299389003483395,0.0
volcanoes-e3,./data/numerical_only/balanced,0.35121036797958305,0.29757926404083385,0,0,0.29757926404083385,,0.29757926404083385,0.0
volcanoes-e3,./data/numerical_only/balanced,0.3310157193715911,,0,0,,,,0.0
volcanoes-e3,./data/numerical_only/balanced,0.4438372798764344,0.4438372798764344,0,0,,,0.4438372798764344,0.0
volcanoes-e3,./data/numerical_only/balanced,0.42523214791564035,,0,0,,,0.5097662492057097,0.0
volcanoes-e3,./data/numerical_only/balanced,0.3540400633205198,0.32838172480487643,0,0,,,0.37969840183616316,0.0
volcanoes-e3,./data/numerical_only/balanced,0.4159663864498061,,0,0,,,0.4159663864498061,0.0
volcanoes-e3,./data/numerical_only/balanced,0.7316748105124545,0.7316748105124545,0,0,0.15548645051171586,,0.7316748105124545,0.0
volcanoes-e3,./data/numerical_only/balanced,0.3633608811148099,0.4011019266002278,0,0,0.4011019266002278,,0.4011019266002278,0.0
volcanoes-e3,./data/numerical_only/balanced,0.07423445728245733,,0,0,,,,0.0
volcanoes-e3,./data/numerical_only/balanced,0.6894736841557048,,0,0,,,0.6894736841557048,0.0
volcanoes-e3,./data/numerical_only/balanced,0.40550074107821343,0.40550074107821343,0,0,0.3941516280571359,,0.3941516280571359,0.0
volcanoes-e3,./data/numerical_only/balanced,0.22368421156824905,,0,0,,0.38815789421587554,0.22368421156824905,0.0
volcanoes-e3,./data/numerical_only/balanced,0.4085667223291426,,0,0,,,0.4085667223291426,0.0
volcanoes-e3,./data/numerical_only/balanced,0.41071428707136853,,0,0,,0.41071428707136853,0.3973214295462849,0.0
volcanoes-e3,./data/numerical_only/balanced,0.3271119847097577,,0,0,,,,0.0
volcanoes-e3,./data/numerical_only/balanced,0.2503816798251368,,0,0,,,,0.0
volcanoes-e3,./data/numerical_only/balanced,0.18930041189288213,,0,0,,,,0.0
volcanoes-e3,./data/numerical_only/balanced,0.397372741725258,0.702791460040935,0,0,0.702791460040935,,0.702791460040935,0.0
volcanoes-e3,./data/numerical_only/balanced,0.6475409838778073,,0,0,,,0.6475409838778073,0.0
volcanoes-e3,./data/numerical_only/balanced,0.37883597789703016,,0,0,0.3005291018274144,,,0.0
volcanoes-e3,./data/numerical_only/balanced,0.34030045739436576,,0,0,0.3193990852112685,,,0.0
volcanoes-e3,./data/numerical_only/balanced,0.4271291551978255,0.32674695289922684,0,0,0.3465060942015463,0.4271291551978255,0.3465060942015463,0.0
volcanoes-e3,./data/numerical_only/balanced,0.37723713660087393,,0,0,,,,0.0
volcanoes-e3,./data/numerical_only/balanced,0.15547221315515802,,0,0,,,,0.0
volcanoes-e3,./data/numerical_only/balanced,0.2904009722757993,,0,0,,,,0.0
volcanoes-e3,./data/numerical_only/balanced,0.39874149233525613,0.700911775334804,0,0,,,,0.0
volcanoes-e3,./data/numerical_only/balanced,0.4199917726791685,0.5477169886237403,0,0,0.5477169886237403,,0.5477169886237403,0.0
volcanoes-e3,./data/numerical_only/balanced,0.2616033751630648,,0,0,,0.2616033751630648,,0.0
volcanoes-e3,./data/numerical_only/balanced,0.42000386854594307,0.381698587085522,0,0,0.381698587085522,0.42000386854594307,,0.0
volcanoes-e3,./data/numerical_only/balanced,0.3299305262397571,0.3299305262397571,0,0,,,0.3299305262397571,0.0
volcanoes-e4,./data/numerical_only/balanced,0.2930413915092845,,0,0,,0.06958608222548204,0.06958608222548204,0.0
volcanoes-e4,./data/numerical_only/balanced,0.28523489938470437,,0,0,,,,0.0
volcanoes-e4,./data/numerical_only/balanced,0.5486010951560397,0.4332996824127926,0,0,0.5486010951560397,,,0.0
volcanoes-e4,./data/numerical_only/balanced,0.4143556278491132,,0,0,,,,0.0
volcanoes-e4,./data/numerical_only/balanced,0.3834386431271377,0.5737089642443925,0,0,0.1931683220098829,0.3834386431271377,0.3834386431271377,0.0
volcanoes-e4,./data/numerical_only/balanced,0.39259061837637266,,0,0,,,,0.0
volcanoes-e4,./data/numerical_only/balanced,0.2306193832793715,0.43150927525571925,0,0,0.2306193832793715,,0.632399167232067,0.0
volcanoes-e4,./data/numerical_only/balanced,0.4145622896144286,,0,0,0.5774410770765248,,0.5774410770765248,0.0
volcanoes-e4,./data/numerical_only/balanced,0.2659892407701666,,0,0,,,0.3371189480454241,0.0
volcanoes-e4,./data/numerical_only/balanced,0.2708913648707342,,0,0,,,,0.0
volcanoes-e4,./data/numerical_only/balanced,0.27032191645811543,0.27032191645811543,0,0,0.26958694505853054,,0.3644715560711498,0.0
volcanoes-e4,./data/numerical_only/balanced,0.28916666639503097,,0,0,,,0.34666666686069225,0.0
volcanoes-e4,./data/numerical_only/balanced,0.17520674560050595,0.25425652672945115,0,0,,,,0.0
volcanoes-e4,./data/numerical_only/balanced,0.27565146581183725,,0,0,,,,0.0
volcanoes-e4,./data/numerical_only/balanced,0.2708141322171229,,0,0,0.10414746562913943,,0.10414746562913943,0.0
volcanoes-e4,./data/numerical_only/balanced,0.4124137936539363,,0,0,,,,0.0
volcanoes-e4,./data/numerical_only/balanced,0.3378232756793319,,0,0,,,,0.0
volcanoes-e4,./data/numerical_only/balanced,0.4030927835352205,,0,0,,,,0.0
volcanoes-e4,./data/numerical_only/balanced,0.4098989640322428,0.5253868777834299,0,0,0.5253868777834299,,,0.0
volcanoes-e4,./data/numerical_only/balanced,0.3259085582658444,,0,0,,,,0.0
volcanoes-e4,./data/numerical_only/balanced,0.5288666378950471,0.407914358729323,0,0,0.407914358729323,,0.3333333333333333,0.0
volcanoes-e4,./data/numerical_only/balanced,0.3476463115353193,,0,0,0.3476463115353193,,0.14440203616260192,0.0
volcanoes-e4,./data/numerical_only/balanced,0.4131125227489997,,0,0,0.5567150626069938,,0.5567150626069938,0.0
volcanoes-e4,./data/numerical_only/balanced,0.2518012894667039,0.2472506647511431,0,0,0.2563519141822647,,,0.0
volcanoes-e4,./data/numerical_only/balanced,0.1619318183588314,,0,0,0.022727272591975996,,0.022727272591975996,0.0
volcanoes-e4,./data/numerical_only/balanced,0.355463980347669,,0,0,,,,0.0
volcanoes-e4,./data/numerical_only/balanced,0.3635793174590901,,0,0,,,0.19935994004368726,0.0
volcanoes-e4,./data/numerical_only/balanced,0.354780876632822,0.31035856568296943,0,0,0.3992031875826746,0.354780876632822,,0.0
volcanoes-e4,./data/numerical_only/balanced,0.372811919044908,,0,0,,,0.4439478608346876,0.0
volcanoes-e4,./data/numerical_only/balanced,0.3708019190432456,,0,0,0.19225496936076067,,,0.0
volcanoes-e4,./data/numerical_only/balanced,0.05309734511869963,,0,0,0.07207283861712133,,,0.0
volcanoes-e4,./data/numerical_only/balanced,0.2967313586506536,0.292134831208553,0,0,0.292134831208553,,,0.0
volcanoes-e4,./data/numerical_only/balanced,0.34301886807328796,,0,0,0.40075471700408855,,0.40075471700408855,0.0
volcanoes-e4,./data/numerical_only/balanced,0.33695652173913043,,0,0,,,0.043478260869565216,0.0
volcanoes-e4,./data/numerical_only/balanced,0.40537555215834675,,0,0,,,0.14138438908363832,0.0
volcanoes-e4,./data/numerical_only/balanced,0.4394281679135471,0.21376632543407253,0,0,0.21376632543407253,,0.1674549948034892,0.0
volcanoes-e4,./data/numerical_only/balanced,0.30273771795410387,0.36671962747054515,0,0,,,0.3305426545753509,0.0
volcanoes-e4,./data/numerical_only/balanced,0.3500511768712894,,0,0,0.29989764625742116,,0.5445240528950072,0.0
volcanoes-e4,./data/numerical_only/balanced,0.2530193237455154,,0,0,,,0.2222222220347579,0.0
volcanoes-e4,./data/numerical_only/balanced,0.23510344820850118,0.3133103449380426,0,0,0.37337931012391473,,0.5297931035829976,0.0
volcanoes-e4,./data/numerical_only/balanced,0.2695652183155848,,0,0,,,,0.0
volcanoes-e4,./data/numerical_only/balanced,0.3124263838004629,,0,0,,,,0.0
volcanoes-e4,./data/numerical_only/balanced,0.0987998280369475,0.10030004224227201,0,0,,,0.8024003439261052,0.0
volcanoes-e4,./data/numerical_only/balanced,0.44339622634982057,,0,0,,0.44339622634982057,,0.0
volcanoes-e4,./data/numerical_only/balanced,0.22350230361846782,,0,0,,,0.18202765082498462,0.0
volcanoes-e4,./data/numerical_only/balanced,0.30333496845073254,0.3483325157746337,0,0,0.30333496845073254,,0.3351316004603056,0.0
volcanoes-e4,./data/numerical_only/balanced,0.39147010609131394,0.20865103704916016,0,0,0.20865103704916016,,0.20865103704916016,0.0
volcanoes-e4,./data/numerical_only/balanced,0.2961373393475053,,0,0,0.40772532130498923,,0.2758486157665066,0.0
volcanoes-e4,./data/numerical_only/balanced,0.31782511184944084,,0,0,0.36434977630111826,,0.36995515678106755,0.0
volcanoes-e4,./data/numerical_only/balanced,0.3456402197852408,0.4846818528204966,0,0,0.4846818528204966,,0.4846818528204966,0.0
volcanoes-e5,./data/numerical_only/balanced,0.3333333333333333,0.5338174262697373,0,0,0.5338174262697373,,0.5338174262697373,0.0
volcanoes-e5,./data/numerical_only/balanced,0.3720538719057942,,0,0,,,0.29461279466287976,0.0
volcanoes-e5,./data/numerical_only/balanced,0.14231395982503203,,0,0,,,0.022270505181053942,0.0
volcanoes-e5,./data/numerical_only/balanced,0.10381991844813836,,0,0,,,0.14201910009457838,0.0
volcanoes-e5,./data/numerical_only/balanced,0.2608095671600507,0.4783808656798986,0,0,,,0.12327506853853239,0.0
volcanoes-e5,./data/numerical_only/balanced,0.2456968346919039,,0,0,,,0.25041643509029454,0.0
volcanoes-e5,./data/numerical_only/balanced,0.3333333333333333,0.3333333333333333,0,0,0.31544729618854495,,0.31544729618854495,0.0
volcanoes-e5,./data/numerical_only/balanced,0.1227651971135891,,0,0,,,0.12276519728009493,0.0
volcanoes-e5,./data/numerical_only/balanced,0.41881028966884903,,0,0,,,,0.0
volcanoes-e5,./data/numerical_only/balanced,0.40196078432894317,,0,0,,,,0.0
volcanoes-e5,./data/numerical_only/balanced,0.3724299066950666,,0,0,,,0.48598130823398383,0.0
volcanoes-e5,./data/numerical_only/balanced,0.38250384818430305,,0,0,0.23499230363139378,,0.30066700927064566,0.0
volcanoes-e5,./data/numerical_only/balanced,0.3333333333333333,0.4242588577791353,0,0,0.28625371534806177,,0.4274925693038764,0.0
volcanoes-e5,./data/numerical_only/balanced,0.28551186680852203,,0,0,,,,0.0
volcanoes-e5,./data/numerical_only/balanced,0.3482513337194312,0.3034973325611377,0,0,,,0.2015411972861368,0.0
volcanoes-e5,./data/numerical_only/balanced,0.20063191174828415,0.5987361765034318,0,0,,,0.20063191174828415,0.0
volcanoes-e5,./data/numerical_only/balanced,0.3336350468810235,,0,0,,,,0.0
volcanoes-e5,./data/numerical_only/balanced,0.3784067088381098,,0,0,,,0.05366876325755898,0.0
volcanoes-e5,./data/numerical_only/balanced,0.19285714345014826,,0,0,,,,0.0
volcanoes-e5,./data/numerical_only/balanced,0.30183486236675394,0.30183486236675394,0,0,0.4051709747479354,,0.4051709747479354,0.0
volcanoes-e5,./data/numerical_only/balanced,0.38636363628677217,,0,0,,,,0.0
volcanoes-e5,./data/numerical_only/balanced,0.3856152513066977,,0,0,,,0.27469670815006153,0.0
volcanoes-e5,./data/numerical_only/balanced,0.3333333333333333,0.6524609826753165,0,0,,,,0.0
volcanoes-e5,./data/numerical_only/balanced,0.390746369248133,0.390746369248133,0,0,,,,0.0
volcanoes-e5,./data/numerical_only/balanced,0.2689508794841723,,0,0,,,,0.0
volcanoes-e5,./data/numerical_only/balanced,0.24973545011922624,,0,0,,,,0.0
volcanoes-e5,./data/numerical_only/balanced,0.35162601647600306,,0,0,0.296747967047994,,0.24796748015033823,0.0
volcanoes-e5,./data/numerical_only/balanced,0.11645825453699168,0.7670834909260168,0,0,,,0.0899330553025099,0.0
volcanoes-e5,./data/numerical_only/balanced,0.14489489490406787,0.7102102101918644,0,0,,,0.2237237232376757,0.0
volcanoes-e5,./data/numerical_only/balanced,0.30528052829626445,,0,0,0.20132013207406615,,0.20132013207406615,0.0
volcanoes-e5,./data/numerical_only/balanced,0.39661835689608976,,0,0,,,,0.0
volcanoes-e5,./data/numerical_only/balanced,0.17680307511165252,,0,0,,,,0.0
volcanoes-e5,./data/numerical_only/balanced,0.4726353352978875,,0,0,,,0.5618679344515511,0.0
volcanoes-e5,./data/numerical_only/balanced,0.3895522384604919,,0,0,,,,0.0
volcanoes-e5,./data/numerical_only/balanced,0.40859413779836906,0.4148037744111209,0,0,,,0.4148037744111209,0.0
volcanoes-e5,./data/numerical_only/balanced,0.3544358307534095,,0,0,,,,0.0
volcanoes-e5,./data/numerical_only/balanced,0.3999140893191372,,0,0,,,,0.0
volcanoes-e5,./data/numerical_only/balanced,0.3333333333333333,0.35696874530263756,0,0,0.3333333333333333,,0.3726504518976569,0.0
volcanoes-e5,./data/numerical_only/balanced,0.436572700155258,,0,0,,,,0.0
volcanoes-e5,./data/numerical_only/balanced,0.40445859873367135,,0,0,,,0.5159235670754545,0.0
volcanoes-e5,./data/numerical_only/balanced,0.3333333333333333,0.4214065966380053,0,0,0.4214065966380053,,,0.0
volcanoes-e5,./data/numerical_only/balanced,0.3333333333333333,0.3503530169295423,0,0,0.3333333333333333,,0.3333333333333333,
volcanoes-e5,./data/numerical_only/balanced,0.3333333333333333,0.3695061055273422,0,0,0.2155040303533522,,0.2925050679403472,0.0
volcanoes-e5,./data/numerical_only/balanced,0.4505732877306584,0.26061357281074893,0,0,,,,0.0
volcanoes-e5,./data/numerical_only/balanced,0.2810781084540458,,0,0,,,0.2706270628173489,0.0
volcanoes-e5,./data/numerical_only/balanced,0.4164847160938817,,0,0,0.1670305678122365,,,0.0
volcanoes-e5,./data/numerical_only/balanced,0.28993055551134395,,0,0,,,0.5347222223788574,0.0
volcanoes-e5,./data/numerical_only/balanced,0.36208553576028074,0.2758289284794385,0,0,,,,0.0
volcanoes-e5,./data/numerical_only/balanced,0.4177735612354453,,0,0,0.49209361149582603,,0.32827324451246775,0.0
volcanoes-e5,./data/numerical_only/balanced,0.36550060232529535,,0,0,,,0.4620024105650392,0.0
wine-quality-red,./data/numerical_only/balanced,0.10548486904623744,0.12465053084908756,0,0,0.08703982701887164,,0.10738052846381149,0.0
wine-quality-red,./data/numerical_only/balanced,0.17200298957480165,0.16120648226926335,0,0,0.21259268425014918,,0.169563310060287,0.0
wine-quality-red,./data/numerical_only/balanced,0.08282280619649282,0.09531561156539833,0,0,0.17015228436065383,,0.11268874741956386,0.0
wine-quality-red,./data/numerical_only/balanced,0.13087928529464155,0.1294782146228266,0,0,0.11467363467248917,,0.12493364190698418,0.0
wine-quality-red,./data/numerical_only/balanced,0.13565231016731408,0.18227443019656042,0,0,0.24983187833315731,,0.12098124360730701,0.0
wine-quality-red,./data/numerical_only/balanced,0.1330529527526281,0.13374128159018114,0,0,0.20594645609769527,,0.18195075263979152,0.0
wine-quality-red,./data/numerical_only/balanced,0.10156683625181705,0.11923010847032096,0,0,0.24231832356268618,,0.15387367100759383,0.0
wine-quality-red,./data/numerical_only/balanced,0.13892775276174557,0.18917035850757044,0,0,0.14128227112288883,,0.09345613352495485,0.0
wine-quality-red,./data/numerical_only/balanced,0.10163018368396567,0.12687791882885388,0,0,0.11297539075743235,,0.11979564373374288,0.0
wine-quality-red,./data/numerical_only/balanced,0.08226686813853146,0.08831312933631541,0,0,0.09243148666085191,,0.09289207048977577,0.0
wine-quality-red,./data/numerical_only/balanced,0.0959590969325764,0.08703280305446764,0,0,0.14846220854035191,,0.14293483474304258,0.0
wine-quality-red,./data/numerical_only/balanced,0.10850753443888828,0.05219117996142389,0,0,0.14090405417799887,,0.14837180645746426,0.0
wine-quality-red,./data/numerical_only/balanced,0.10721843853589781,0.08370546570637227,0,0,0.09596662910386887,,0.10816937183936233,0.0
wine-quality-red,./data/numerical_only/balanced,0.11804600399166519,0.13711744990996033,0,0,0.18371019924153434,,0.14404403009061026,0.0
wine-quality-red,./data/numerical_only/balanced,0.10001812007980479,0.1384411045984703,0,0,0.18608574260368796,,0.08364594275899644,0.0
wine-quality-red,./data/numerical_only/balanced,0.12546127492072712,0.13940320039696244,0,0,0.08988146928795332,,0.11425089732698498,0.0
wine-quality-red,./data/numerical_only/balanced,0.10888385455293503,0.11200754120327013,0,0,0.11240885727088112,,0.1051392924488702,0.0
wine-quality-red,./data/numerical_only/balanced,0.11200083345995303,0.10576855873397271,0,0,0.06284791047273487,,0.09272247589089544,0.0
wine-quality-red,./data/numerical_only/balanced,0.09702837284678834,0.1487536444115205,0,0,0.2069003238038201,,0.15945964346435773,0.0
wine-quality-red,./data/numerical_only/balanced,0.08919074789783014,0.10693690283131585,0,0,0.1294964109306809,,0.11182469582873342,0.0
wine-quality-red,./data/numerical_only/balanced,0.12623764911641275,0.4965641453469487,0,0,0.2972099058120783,,0.4965641453469487,0.0
wine-quality-red,./data/numerical_only/balanced,0.14446461535149072,0.13896826583491886,0,0,0.10602051696392104,,0.06220022133884457,0.0
wine-quality-red,./data/numerical_only/balanced,0.08895125146391791,0.32216665128523114,0,0,0.23063996221566377,,0.18544335441895343,0.0
wine-quality-red,./data/numerical_only/balanced,0.117264277921981,0.08479047158199847,0,0,0.11779361887914336,,0.10636800155530647,0.0
wine-quality-red,./data/numerical_only/balanced,0.10018274483630199,0.09454742745276341,0,0,0.15586489393467567,,0.1494661942246138,0.0
wine-quality-red,./data/numerical_only/balanced,0.12565229131379382,0.1052756936612009,0,0,0.11980578487168878,,0.09983815405974066,0.0
wine-quality-red,./data/numerical_only/balanced,0.10590916617254906,0.14029424808464838,0,0,0.15284805379224675,,0.13206863063642216,0.0
wine-quality-red,./data/numerical_only/balanced,0.08092957211210652,0.07373198857758043,0,0,0.10801151384374592,,0.1304190295998575,0.0
wine-quality-red,./data/numerical_only/balanced,0.1161358930630472,0.12069330032997114,0,0,0.2085031775245263,,0.27687765508476714,0.0
wine-quality-red,./data/numerical_only/balanced,0.1330924889826949,0.13382576344736824,0,0,0.19436161303049151,,0.1415880346784125,0.0
wine-quality-red,./data/numerical_only/balanced,0.08852874475855062,0.13535297650555536,0,0,0.18412626809935861,,0.13040941017187052,0.0
wine-quality-red,./data/numerical_only/balanced,0.09445609953721433,0.09345518343138631,0,0,0.1292750957183628,,0.08189543736131825,0.0
wine-quality-red,./data/numerical_only/balanced,0.1343052001098966,0.13659228480154512,0,0,0.14592480208338152,,0.10363239597908913,0.0
wine-quality-red,./data/numerical_only/balanced,0.10851251731666031,0.1508519236560999,0,0,0.10301711560240943,,0.11744899983127008,0.0
wine-quality-red,./data/numerical_only/balanced,0.12104617606741297,0.1714939527909854,0,0,0.10148593939204742,,0.09053432760994956,0.0
wine-quality-red,./data/numerical_only/balanced,0.13310080968764407,0.1784012996867276,0,0,0.09701105232603062,,0.12340603242559249,0.0
wine-quality-red,./data/numerical_only/balanced,0.10253500570576501,0.341374696784382,0,0,0.341374696784382,,0.09677855734542995,0.0
wine-quality-red,./data/numerical_only/balanced,0.0815221685934797,0.10114245622782177,0,0,0.10102319762258181,,0.0875163554448486,0.0
wine-quality-red,./data/numerical_only/balanced,0.11909876271017439,0.17774423306208495,0,0,0.1780386995347278,,0.15255622660557872,0.0
wine-quality-red,./data/numerical_only/balanced,0.11649467005015524,0.1266250959301375,0,0,0.14513915917169765,,0.11373301993693556,0.0
wine-quality-red,./data/numerical_only/balanced,0.08418632996135249,0.10064245761760597,0,0,0.09563341325326091,,0.09312046347624357,0.0
wine-quality-red,./data/numerical_only/balanced,0.09267814642998255,0.11273031459786062,0,0,0.10897464866466773,,0.06287603690616973,0.0
wine-quality-red,./data/numerical_only/balanced,0.11047127031379812,0.10133782896529356,0,0,0.11828003090726177,,0.13215711201163802,0.0
wine-quality-red,./data/numerical_only/balanced,0.10358716245522173,0.10158069364628501,0,0,0.18431283170906512,,0.12981041504026997,0.0
wine-quality-red,./data/numerical_only/balanced,0.1136157416925289,0.09097217682454611,0,0,0.26071843577596654,,0.15765583014341975,0.0
wine-quality-red,./data/numerical_only/balanced,0.1403190863289913,0.11829562036164143,0,0,0.1577274938155219,,0.10500626047942437,0.0
wine-quality-red,./data/numerical_only/balanced,0.1127134823924621,0.20276585006042575,0,0,0.18126198830870144,,0.11093711396466928,0.0
wine-quality-red,./data/numerical_only/balanced,0.1095163710035892,0.11297358813148595,0,0,0.061023396490203295,,0.09021260789833824,0.0
wine-quality-red,./data/numerical_only/balanced,0.14022914202981857,0.06554812473672711,0,0,0.16864665841770785,,0.1187702580087323,0.0
wine-quality-red,./data/numerical_only/balanced,0.1191216203879261,0.07962244168720897,0,0,0.1326993489385139,,0.15270158711133391,0.0
maternal,./data/numerical_only/balanced,0.1719363496104302,0.10587244979786033,0,0,0.3411913253032095,0.23338289993174025,0.3411913253032095,0.0
maternal,./data/numerical_only/balanced,0.12579519528899524,0.20163005803489506,0,0,0.23475979699764363,0.16666666666666666,0.23475979699764363,0.0
maternal,./data/numerical_only/balanced,0.21719405177077677,0.31644139880877353,0,0,0.2337561367516218,0.2708663664690271,0.17916494003984165,0.0
maternal,./data/numerical_only/balanced,0.17439583157322563,0.24688065536177872,0,0,0.21799478946653203,0.37932238471232177,0.25704071599250955,0.0
maternal,./data/numerical_only/balanced,0.3249271227491799,0.6157971836034015,0,0,0.3249271227491799,0.02290082596898397,0.3012928092066675,0.0
maternal,./data/numerical_only/balanced,0.166839492183375,0.2780193402770168,0,0,0.1664938411499583,0.19999999999999998,0.166839492183375,0.0
maternal,./data/numerical_only/balanced,0.17906652677289447,0.29273617967477483,0,0,0.23004657516169238,0.18503314834283685,0.22010220587845508,0.0
maternal,./data/numerical_only/balanced,0.16236939192152153,0.2746930801300505,0,0,0.20296173990190192,0.17676109185035477,0.19999999999999998,0.0
maternal,./data/numerical_only/balanced,0.1937603940447181,0.3053327639998045,0,0,0.364079649533111,0.1937603940447181,0.35567694368725133,0.0
maternal,./data/numerical_only/balanced,0.18137630346245986,0.258728125723051,0,0,0.3359887843461738,0.16594240446532896,0.1946901877746283,0.0
maternal,./data/numerical_only/balanced,0.2738359033753495,0.734997797891439,0,0,0.734997797891439,0.4000282835765742,0.734997797891439,0.0
maternal,./data/numerical_only/balanced,0.2985196570240466,0.5969672347089121,0,0,0.41411485518433516,0.2461568479832592,0.5969672347089121,0.0
maternal,./data/numerical_only/balanced,0.2461048278415011,0.27245582439078586,0,0,0.36438530948768966,0.12855024175629462,0.010269760110106054,0.0
maternal,./data/numerical_only/balanced,0.12676653256621406,0.4361717881300762,0,0,0.24343097238866443,0.13311308738414124,0.2962448723722296,0.0
maternal,./data/numerical_only/balanced,0.3249271227491799,0.6157971836034015,0,0,0.3249271227491799,0.22053294518045652,0.3249271227491799,0.0
maternal,./data/numerical_only/balanced,0.1785080099164412,0.17165201902137892,0,0,0.24032712725186087,0.2071103330433441,0.2231350123955515,0.0
maternal,./data/numerical_only/balanced,0.25403531049830413,0.5954375729440142,0,0,0.046690822906347566,0.28664251042698574,0.2149818828202393,0.0
maternal,./data/numerical_only/balanced,0.15409101528768349,0.19261376910960437,0,0,0.23460695624411732,0.24454316113375377,0.19261376910960437,0.0
maternal,./data/numerical_only/balanced,0.23768267266187262,0.24911396688312676,0,0,0.23679663954499938,0.2798268163224718,0.23679663954499938,0.0
maternal,./data/numerical_only/balanced,0.23093020741458342,0.20524788908821,0,0,0.2653606365175267,0.22866068153087152,0.15799213481322794,0.0
maternal,./data/numerical_only/balanced,0.2512852427704364,0.2279345017563654,0,0,0.2692813466352337,0.22890238488616985,0.2512852427704364,0.0
maternal,./data/numerical_only/balanced,0.21858320496361447,0.24409383119787154,0,0,0.3278748074454217,0.22242707602579617,0.3278748074454217,0.0
maternal,./data/numerical_only/balanced,0.24925035594381806,0.23470045754684288,0,0,0.35114316877845353,0.20970586562298274,0.2024140584731004,0.0
maternal,./data/numerical_only/balanced,0.0942633146432681,0.20443841032072638,0,0,0.24437394570146195,0.24437394570146195,0.18328045927609646,0.0
maternal,./data/numerical_only/balanced,0.19401142413135716,0.22799224080312777,0,0,0.3456908436515672,0.3743386377296231,0.2,0.0
maternal,./data/numerical_only/balanced,0.10125063085342408,0.2898737357681558,0,0,0.24348941732550713,0.24350108081343022,0.19999999999999996,0.0
maternal,./data/numerical_only/balanced,0.23995616051659108,0.23889487353641684,0,0,0.21746852013310503,0.22404210586736956,0.2,0.0
maternal,./data/numerical_only/balanced,0.2255232176231444,0.23595734588397438,0,0,0.24383565559515294,0.24127060639518508,0.2255232176231444,0.0
maternal,./data/numerical_only/balanced,0.41554858509503445,0.7682766454249873,0,0,0.7682766454249873,0.032158724009952504,0.06282052476508157,0.0
maternal,./data/numerical_only/balanced,0.24300609809980148,0.40915146725612855,0,0,0.24300609809980148,0.23437190148394785,0.2238902007957597,0.0
maternal,./data/numerical_only/balanced,0.3249271227491799,0.6157971836034015,0,0,0.3249271227491799,0.05888318001304143,0.14404062200830048,0.0
maternal,./data/numerical_only/balanced,0.12535136765896124,0.2586090263748184,0,0,0.2586090263748184,0.2392056107051956,0.10480791503902531,0.0
maternal,./data/numerical_only/balanced,0.26487833289494,0.31331135379002295,0,0,0.2655060418565036,0.2682399889809361,0.26487833289494,0.0
maternal,./data/numerical_only/balanced,0.3691298916052457,0.17928691393381552,0,0,0.2730387456812113,0.2297858865417144,0.24399267027437357,0.0
maternal,./data/numerical_only/balanced,0.287505867169956,0.4493739935096943,0,0,0.26624016402391,0.287505867169956,0.344680103963896,0.0
maternal,./data/numerical_only/balanced,0.12392777907057755,0.23443533194105687,0,0,0.1969430067714571,0.137792981981661,0.1969430067714571,0.0
maternal,./data/numerical_only/balanced,0.1194401314395432,0.4682382766569234,0,0,0.29053402433455755,0.17770425232236586,0.23484711074693618,0.0
maternal,./data/numerical_only/balanced,0.09649304212953366,0.22434774647274444,0,0,0.2331856656465856,0.11290950528052365,0.18865181387440946,0.0
maternal,./data/numerical_only/balanced,0.287505867169956,0.4493739935096943,0,0,0.26624016402391,0.23640598401199844,0.25178773219826023,0.0
maternal,./data/numerical_only/balanced,0.12676653256621406,0.4361717881300762,0,0,0.32457462985155255,0.24343097238866443,0.2221836542791722,0.0
maternal,./data/numerical_only/balanced,0.17530701570549861,0.21954259251552133,0,0,0.21954259251552133,0.21446806658400192,0.2449254740684806,0.0
maternal,./data/numerical_only/balanced,0.17261005917149355,0.10961413071765047,0,0,0.33557880392352424,0.2289285171074281,0.33557880392352424,0.0
maternal,./data/numerical_only/balanced,0.03548118299981972,0.4649164626426494,0,0,0.4112970425004508,0.2382846516151295,0.23285877045335984,0.0
maternal,./data/numerical_only/balanced,0.17907539352626975,0.25598265571334555,0,0,0.20889061550980623,0.1817487824390528,0.21480101373619317,0.0
maternal,./data/numerical_only/balanced,0.22203051471622867,0.15755209951802077,0,0,0.3256527902033437,0.22203051471622867,0.2842658903299207,0.0
maternal,./data/numerical_only/balanced,0.23562746769640636,0.2885312272269424,0,0,0.19180402319808937,0.1774634486346418,0.2885312272269424,0.0
maternal,./data/numerical_only/balanced,0.35191839008636744,0.6801773134944707,0,0,0.6801773134944707,0.30695063344293355,0.6801773134944707,0.0
maternal,./data/numerical_only/balanced,0.18290470107377038,0.3043874493449732,0,0,0.2997343626535096,0.22863087634221296,0.16666666666666666,0.0
maternal,./data/numerical_only/balanced,0.12392777907057755,0.23443533194105687,0,0,0.1969430067714571,0.137792981981661,0.16399883934540901,0.0
maternal,./data/numerical_only/balanced,0.17292132385507306,0.40779104042693304,0,0,0.40779104042693304,0.28455546732749354,0.31699182052616687,0.0
