dataset,num_and_cat,model_score,instance_certainty_clf,cov_ablation,cov_pure,cov_proba,cov_shap,cov_EXPLAN,cov_LORE,cov_anchor
yeast,./data/numerical_only/balanced,0.601078167115903,0.51,0.05405405405405406,0.0,0.0,0.2972972972972973,,0.32432432432432434,1.0
yeast,./data/numerical_only/balanced,0.601078167115903,0.79,0.02702702702702703,0.0,0.0,0.21621621621621623,,0.918918918918919,1.0
yeast,./data/numerical_only/balanced,0.601078167115903,0.57,0.21621621621621623,0.0,0.0,0.21621621621621623,,0.43243243243243246,1.0
yeast,./data/numerical_only/balanced,0.601078167115903,0.76,0.40540540540540543,0.0,0.0,0.08108108108108109,,0.4864864864864865,1.0
yeast,./data/numerical_only/balanced,0.601078167115903,0.78,0.4594594594594595,0.0,0.0,0.13513513513513514,,0.7837837837837838,1.0
yeast,./data/numerical_only/balanced,0.601078167115903,0.44,0.13513513513513514,0.0,0.0,0.7027027027027027,,0.02702702702702703,1.0
yeast,./data/numerical_only/balanced,0.601078167115903,0.71,0.10810810810810811,0.0,0.0,0.16216216216216217,,0.35135135135135137,1.0
yeast,./data/numerical_only/balanced,0.601078167115903,0.55,0.08108108108108109,0.0,0.0,0.08108108108108109,,0.24324324324324326,1.0
yeast,./data/numerical_only/balanced,0.601078167115903,0.46,0.13513513513513514,0.0,0.0,0.10810810810810811,,0.16216216216216217,1.0
yeast,./data/numerical_only/balanced,0.601078167115903,0.75,0.2702702702702703,0.0,0.0,0.21621621621621623,,0.5945945945945946,1.0
yeast,./data/numerical_only/balanced,0.601078167115903,0.81,0.7027027027027027,0.0,0.0,0.08108108108108109,,0.8648648648648649,1.0
yeast,./data/numerical_only/balanced,0.601078167115903,0.79,0.2972972972972973,0.0,0.0,0.10810810810810811,,0.7027027027027027,1.0
yeast,./data/numerical_only/balanced,0.601078167115903,0.61,0.13513513513513514,0.0,0.0,0.08108108108108109,,0.24324324324324326,1.0
yeast,./data/numerical_only/balanced,0.601078167115903,0.55,0.08108108108108109,0.0,0.0,0.02702702702702703,,0.2702702702702703,1.0
yeast,./data/numerical_only/balanced,0.601078167115903,0.77,0.35135135135135137,0.0,0.0,0.08108108108108109,,0.5675675675675675,1.0
yeast,./data/numerical_only/balanced,0.601078167115903,0.46,0.08108108108108109,0.0,0.0,0.05405405405405406,,0.32432432432432434,1.0
yeast,./data/numerical_only/balanced,0.601078167115903,0.52,0.05405405405405406,0.0,0.0,0.0,,0.6216216216216216,1.0
yeast,./data/numerical_only/balanced,0.601078167115903,0.73,0.10810810810810811,0.0,0.0,0.10810810810810811,,0.2702702702702703,1.0
yeast,./data/numerical_only/balanced,0.601078167115903,0.67,0.21621621621621623,0.0,0.0,0.2702702702702703,,0.2702702702702703,1.0
yeast,./data/numerical_only/balanced,0.601078167115903,0.65,0.16216216216216217,0.0,0.0,0.05405405405405406,,0.6486486486486487,1.0
yeast,./data/numerical_only/balanced,0.601078167115903,0.76,0.24324324324324326,0.0,0.0,0.24324324324324326,,0.6486486486486487,1.0
yeast,./data/numerical_only/balanced,0.601078167115903,0.64,0.05405405405405406,0.0,0.0,0.1891891891891892,,0.1891891891891892,1.0
yeast,./data/numerical_only/balanced,0.601078167115903,0.81,0.43243243243243246,0.0,0.0,0.3783783783783784,,0.7567567567567568,1.0
yeast,./data/numerical_only/balanced,0.601078167115903,0.48,0.05405405405405406,0.0,0.0,0.0,,0.6486486486486487,1.0
yeast,./data/numerical_only/balanced,0.601078167115903,0.55,0.1891891891891892,0.0,0.0,0.05405405405405406,,0.2972972972972973,1.0
yeast,./data/numerical_only/balanced,0.601078167115903,0.48,0.08108108108108109,0.0,0.0,0.02702702702702703,,0.6216216216216216,1.0
yeast,./data/numerical_only/balanced,0.601078167115903,0.45,0.10810810810810811,0.0,0.0,0.02702702702702703,,0.05405405405405406,1.0
yeast,./data/numerical_only/balanced,0.601078167115903,0.63,0.05405405405405406,0.0,0.0,0.05405405405405406,,0.40540540540540543,1.0
yeast,./data/numerical_only/balanced,0.601078167115903,0.86,0.10810810810810811,0.0,0.0,0.21621621621621623,,0.6216216216216216,1.0
yeast,./data/numerical_only/balanced,0.601078167115903,0.65,0.05405405405405406,0.0,0.0,0.0,,0.5675675675675675,1.0
yeast,./data/numerical_only/balanced,0.601078167115903,0.49,0.1891891891891892,0.0,0.0,0.08108108108108109,,0.5675675675675675,1.0
yeast,./data/numerical_only/balanced,0.601078167115903,0.75,0.16216216216216217,0.0,0.0,0.16216216216216217,,0.24324324324324326,1.0
yeast,./data/numerical_only/balanced,0.601078167115903,0.36,0.13513513513513514,0.0,0.0,0.05405405405405406,,0.05405405405405406,1.0
yeast,./data/numerical_only/balanced,0.601078167115903,0.38,0.08108108108108109,0.0,0.0,0.08108108108108109,,0.05405405405405406,1.0
yeast,./data/numerical_only/balanced,0.601078167115903,0.61,0.24324324324324326,0.0,0.0,0.32432432432432434,,0.40540540540540543,1.0
yeast,./data/numerical_only/balanced,0.601078167115903,0.42,0.35135135135135137,0.0,0.0,0.4594594594594595,,0.4864864864864865,1.0
yeast,./data/numerical_only/balanced,0.601078167115903,0.52,0.21621621621621623,0.0,0.0,0.08108108108108109,,0.13513513513513514,1.0
yeast,./data/numerical_only/balanced,0.601078167115903,0.88,0.24324324324324326,0.0,0.0,0.13513513513513514,,0.7297297297297297,1.0
yeast,./data/numerical_only/balanced,0.601078167115903,0.78,0.16216216216216217,0.0,0.0,0.24324324324324326,,0.8648648648648649,1.0
yeast,./data/numerical_only/balanced,0.601078167115903,0.36,0.16216216216216217,0.0,0.0,0.05405405405405406,,0.2972972972972973,1.0
yeast,./data/numerical_only/balanced,0.601078167115903,0.66,0.24324324324324326,0.0,0.0,0.13513513513513514,,0.32432432432432434,1.0
yeast,./data/numerical_only/balanced,0.601078167115903,0.55,0.2702702702702703,0.0,0.0,0.08108108108108109,,0.40540540540540543,1.0
yeast,./data/numerical_only/balanced,0.601078167115903,0.35,0.05405405405405406,0.0,0.0,0.05405405405405406,,0.1891891891891892,1.0
yeast,./data/numerical_only/balanced,0.601078167115903,0.52,0.05405405405405406,0.0,0.0,0.02702702702702703,,0.13513513513513514,1.0
yeast,./data/numerical_only/balanced,0.601078167115903,0.72,0.13513513513513514,0.0,0.0,0.13513513513513514,,0.6486486486486487,1.0
yeast,./data/numerical_only/balanced,0.601078167115903,0.6,0.4864864864864865,0.0,0.0,0.5405405405405406,,0.8378378378378378,1.0
yeast,./data/numerical_only/balanced,0.601078167115903,0.45,0.1891891891891892,0.0,0.0,0.02702702702702703,,0.4864864864864865,1.0
yeast,./data/numerical_only/balanced,0.601078167115903,0.5,0.05405405405405406,0.0,0.0,0.35135135135135137,,0.4594594594594595,1.0
yeast,./data/numerical_only/balanced,0.601078167115903,0.77,0.4864864864864865,0.0,0.0,0.5405405405405406,,0.8378378378378378,1.0
yeast,./data/numerical_only/balanced,0.601078167115903,0.85,0.35135135135135137,0.0,0.0,0.24324324324324326,,0.9459459459459459,1.0
yeast,./data/numerical_only/balanced,0.601078167115903,0.5,0.10810810810810811,0.0,0.0,0.02702702702702703,,0.02702702702702703,1.0
yeast,./data/numerical_only/balanced,0.601078167115903,0.73,0.10810810810810811,0.0,0.0,0.21621621621621623,,0.2972972972972973,1.0
yeast,./data/numerical_only/balanced,0.601078167115903,0.5,0.13513513513513514,0.0,0.0,0.05405405405405406,,0.02702702702702703,1.0
yeast,./data/numerical_only/balanced,0.601078167115903,0.42,0.02702702702702703,0.0,0.0,0.02702702702702703,,0.05405405405405406,1.0
yeast,./data/numerical_only/balanced,0.601078167115903,0.76,0.05405405405405406,0.0,0.0,0.05405405405405406,,0.32432432432432434,1.0
yeast,./data/numerical_only/balanced,0.601078167115903,0.74,0.02702702702702703,0.0,0.0,0.05405405405405406,,0.43243243243243246,1.0
yeast,./data/numerical_only/balanced,0.601078167115903,0.39,0.08108108108108109,0.0,0.0,0.05405405405405406,,0.40540540540540543,1.0
yeast,./data/numerical_only/balanced,0.601078167115903,0.54,0.21621621621621623,0.0,0.0,0.16216216216216217,,0.8918918918918919,1.0
yeast,./data/numerical_only/balanced,0.601078167115903,0.86,0.6216216216216216,0.0,0.0,0.40540540540540543,,0.7837837837837838,1.0
yeast,./data/numerical_only/balanced,0.601078167115903,0.4,0.08108108108108109,0.0,0.0,0.10810810810810811,,0.2972972972972973,1.0
yeast,./data/numerical_only/balanced,0.601078167115903,0.85,0.08108108108108109,0.0,0.0,0.08108108108108109,,0.43243243243243246,1.0
yeast,./data/numerical_only/balanced,0.601078167115903,0.43,0.21621621621621623,0.0,0.0,0.08108108108108109,,0.05405405405405406,1.0
yeast,./data/numerical_only/balanced,0.601078167115903,0.57,0.05405405405405406,0.0,0.0,0.02702702702702703,,0.7027027027027027,1.0
yeast,./data/numerical_only/balanced,0.601078167115903,0.75,0.32432432432432434,0.0,0.0,0.1891891891891892,,0.8648648648648649,1.0
yeast,./data/numerical_only/balanced,0.601078167115903,0.69,0.10810810810810811,0.0,0.0,0.1891891891891892,,0.918918918918919,1.0
yeast,./data/numerical_only/balanced,0.601078167115903,0.46,0.08108108108108109,0.0,0.0,0.08108108108108109,,0.7567567567567568,1.0
yeast,./data/numerical_only/balanced,0.601078167115903,0.5,0.02702702702702703,0.0,0.0,0.10810810810810811,,0.08108108108108109,1.0
yeast,./data/numerical_only/balanced,0.601078167115903,0.75,0.21621621621621623,0.0,0.0,0.13513513513513514,,0.43243243243243246,1.0
yeast,./data/numerical_only/balanced,0.601078167115903,0.59,0.2972972972972973,0.0,0.0,0.05405405405405406,,0.3783783783783784,1.0
yeast,./data/numerical_only/balanced,0.601078167115903,0.27,0.08108108108108109,0.0,0.0,0.08108108108108109,,0.10810810810810811,1.0
yeast,./data/numerical_only/balanced,0.601078167115903,0.76,0.35135135135135137,0.0,0.0,0.05405405405405406,,0.6216216216216216,1.0
yeast,./data/numerical_only/balanced,0.601078167115903,0.76,0.02702702702702703,0.0,0.0,0.02702702702702703,,0.5675675675675675,1.0
yeast,./data/numerical_only/balanced,0.601078167115903,0.7,0.10810810810810811,0.0,0.0,0.8918918918918919,,0.13513513513513514,1.0
yeast,./data/numerical_only/balanced,0.601078167115903,0.88,0.13513513513513514,0.0,0.0,0.08108108108108109,,0.2972972972972973,1.0
yeast,./data/numerical_only/balanced,0.601078167115903,0.37,0.10810810810810811,0.0,0.0,0.6756756756756757,,0.08108108108108109,1.0
yeast,./data/numerical_only/balanced,0.601078167115903,0.63,0.02702702702702703,0.0,0.0,0.05405405405405406,,0.7027027027027027,1.0
yeast,./data/numerical_only/balanced,0.601078167115903,0.38,0.02702702702702703,0.0,0.0,0.16216216216216217,,0.5675675675675675,1.0
yeast,./data/numerical_only/balanced,0.601078167115903,0.74,0.08108108108108109,0.0,0.0,0.10810810810810811,,0.6756756756756757,1.0
yeast,./data/numerical_only/balanced,0.601078167115903,0.56,0.05405405405405406,0.0,0.0,0.02702702702702703,,0.7567567567567568,1.0
yeast,./data/numerical_only/balanced,0.601078167115903,0.54,0.08108108108108109,0.0,0.0,0.08108108108108109,,0.13513513513513514,1.0
yeast,./data/numerical_only/balanced,0.601078167115903,0.43,0.05405405405405406,0.0,0.0,0.02702702702702703,,0.32432432432432434,1.0
yeast,./data/numerical_only/balanced,0.601078167115903,0.56,0.1891891891891892,0.0,0.0,0.13513513513513514,,0.32432432432432434,1.0
yeast,./data/numerical_only/balanced,0.601078167115903,0.3,0.21621621621621623,0.0,0.0,0.05405405405405406,,0.05405405405405406,1.0
yeast,./data/numerical_only/balanced,0.601078167115903,0.49,0.13513513513513514,0.0,0.0,0.02702702702702703,,0.05405405405405406,1.0
yeast,./data/numerical_only/balanced,0.601078167115903,0.26,0.02702702702702703,0.0,0.0,0.05405405405405406,,0.05405405405405406,1.0
yeast,./data/numerical_only/balanced,0.601078167115903,0.67,0.10810810810810811,0.0,0.0,0.16216216216216217,,0.24324324324324326,1.0
yeast,./data/numerical_only/balanced,0.601078167115903,0.91,0.5405405405405406,0.0,0.0,0.2972972972972973,,0.5945945945945946,1.0
yeast,./data/numerical_only/balanced,0.601078167115903,0.98,0.5675675675675675,0.0,0.0,0.10810810810810811,,0.918918918918919,1.0
yeast,./data/numerical_only/balanced,0.601078167115903,0.34,0.1891891891891892,0.0,0.0,0.10810810810810811,,0.24324324324324326,1.0
yeast,./data/numerical_only/balanced,0.601078167115903,0.34,0.02702702702702703,0.0,0.0,0.02702702702702703,,0.32432432432432434,1.0
yeast,./data/numerical_only/balanced,0.601078167115903,0.52,0.02702702702702703,0.0,0.0,0.05405405405405406,,0.24324324324324326,1.0
yeast,./data/numerical_only/balanced,0.601078167115903,0.81,0.2972972972972973,0.0,0.0,0.2702702702702703,,0.9459459459459459,1.0
yeast,./data/numerical_only/balanced,0.601078167115903,0.45,0.05405405405405406,0.0,0.0,0.02702702702702703,,0.02702702702702703,1.0
yeast,./data/numerical_only/balanced,0.601078167115903,0.38,0.16216216216216217,0.0,0.0,0.16216216216216217,,0.05405405405405406,1.0
yeast,./data/numerical_only/balanced,0.601078167115903,0.94,0.13513513513513514,0.0,0.0,0.08108108108108109,,0.9459459459459459,1.0
yeast,./data/numerical_only/balanced,0.601078167115903,0.33,0.05405405405405406,0.0,0.0,0.02702702702702703,,0.16216216216216217,1.0
yeast,./data/numerical_only/balanced,0.601078167115903,0.72,0.10810810810810811,0.0,0.0,0.16216216216216217,,0.16216216216216217,1.0
yeast,./data/numerical_only/balanced,0.601078167115903,0.29,0.05405405405405406,0.0,0.0,0.02702702702702703,,0.02702702702702703,1.0
yeast,./data/numerical_only/balanced,0.601078167115903,0.67,0.21621621621621623,0.0,0.0,0.21621621621621623,,0.13513513513513514,1.0
yeast,./data/numerical_only/balanced,0.601078167115903,0.42,0.10810810810810811,0.0,0.0,0.02702702702702703,,0.10810810810810811,1.0
rmftsa,./data/numerical_only/balanced,0.5,0.34152380952380945,0.28,0.0,0.0,0.16,0.2,0.8,1.0
rmftsa,./data/numerical_only/balanced,0.5,0.4721666666666667,0.52,0.0,0.0,0.4,0.92,0.64,1.0
rmftsa,./data/numerical_only/balanced,0.5,0.6655,0.28,0.0,0.0,0.32,1.0,1.0,1.0
rmftsa,./data/numerical_only/balanced,0.5,0.9,0.16,0.0,0.0,0.12,0.32,0.32,1.0
rmftsa,./data/numerical_only/balanced,0.5,0.6321532356532357,0.96,0.0,0.0,0.96,0.84,0.96,1.0
rmftsa,./data/numerical_only/balanced,0.5,0.8221843434343431,0.6,0.0,0.0,0.76,0.64,1.0,1.0
rmftsa,./data/numerical_only/balanced,0.5,0.2767023809523808,0.64,0.0,0.0,0.48,0.84,0.52,1.0
rmftsa,./data/numerical_only/balanced,0.5,0.8651381221118061,0.96,0.0,0.0,0.96,1.0,0.96,1.0
rmftsa,./data/numerical_only/balanced,0.5,0.7602857142857143,0.72,0.0,0.0,0.2,0.32,0.52,1.0
rmftsa,./data/numerical_only/balanced,0.5,0.5908650793650794,0.96,0.0,0.0,0.68,0.96,0.96,1.0
rmftsa,./data/numerical_only/balanced,0.5,1.0,1.0,0.0,0.0,1.0,1.0,1.0,1.0
rmftsa,./data/numerical_only/balanced,0.5,0.56725,0.28,0.0,0.0,0.2,0.64,0.28,1.0
rmftsa,./data/numerical_only/balanced,0.5,0.7943333333333333,0.36,0.0,0.0,0.36,1.0,0.36,1.0
rmftsa,./data/numerical_only/balanced,0.5,0.6441666666666667,0.92,0.0,0.0,0.8,0.88,0.8,1.0
rmftsa,./data/numerical_only/balanced,0.5,0.6934919386169388,0.84,0.0,0.0,0.84,0.84,1.0,1.0
rmftsa,./data/numerical_only/balanced,0.5,0.3696428571428571,0.16,0.0,0.0,0.44,0.48,0.48,1.0
rmftsa,./data/numerical_only/balanced,0.5,0.489547619047619,0.52,0.0,0.0,0.6,0.44,0.52,1.0
rmftsa,./data/numerical_only/balanced,0.5,0.5908650793650794,0.96,0.0,0.0,0.68,0.96,0.96,1.0
rmftsa,./data/numerical_only/balanced,0.5,0.61,0.6,0.0,0.0,0.2,0.44,0.2,1.0
rmftsa,./data/numerical_only/balanced,0.5,0.9613492063492063,1.0,0.0,0.0,0.96,0.48,1.0,1.0
rmftsa,./data/numerical_only/balanced,0.5,0.5806590076590077,0.28,0.0,0.0,0.32,0.28,0.76,1.0
rmftsa,./data/numerical_only/balanced,0.5,0.32083333333333336,0.84,0.0,0.0,0.4,0.56,0.56,1.0
rmftsa,./data/numerical_only/balanced,0.5,0.575,0.88,0.0,0.0,0.68,0.88,0.12,1.0
rmftsa,./data/numerical_only/balanced,0.5,0.6658171762877646,1.0,0.0,0.0,1.0,0.68,1.0,1.0
rmftsa,./data/numerical_only/balanced,0.5,0.7732380952380953,0.6,0.0,0.0,0.68,0.72,0.12,1.0
rmftsa,./data/numerical_only/balanced,0.5,0.87,0.36,0.0,0.0,0.12,0.88,0.12,1.0
rmftsa,./data/numerical_only/balanced,0.5,0.47300000000000003,0.48,0.0,0.0,0.04,1.0,0.04,1.0
rmftsa,./data/numerical_only/balanced,0.5,0.5083333333333333,0.76,0.0,0.0,0.16,0.32,0.16,1.0
rmftsa,./data/numerical_only/balanced,0.5,0.42064285714285704,0.32,0.0,0.0,0.68,1.0,0.48,1.0
rmftsa,./data/numerical_only/balanced,0.5,0.6760634920634918,0.68,0.0,0.0,0.4,0.68,0.68,1.0
rmftsa,./data/numerical_only/balanced,0.5,0.6493759018759018,0.68,0.0,0.0,0.32,0.96,0.68,1.0
rmftsa,./data/numerical_only/balanced,0.5,0.4019285714285715,0.16,0.0,0.0,0.4,0.4,0.16,1.0
rmftsa,./data/numerical_only/balanced,0.5,0.6441666666666667,0.92,0.0,0.0,0.8,0.6,0.8,1.0
rmftsa,./data/numerical_only/balanced,0.5,0.5419999999999999,1.0,0.0,0.0,0.24,0.64,0.36,1.0
rmftsa,./data/numerical_only/balanced,0.5,0.8079761904761905,0.28,0.0,0.0,0.48,1.0,0.48,1.0
rmftsa,./data/numerical_only/balanced,0.5,0.56,0.44,0.0,0.0,0.32,0.84,0.08,1.0
rmftsa,./data/numerical_only/balanced,0.5,0.5701666666666667,0.84,0.0,0.0,0.68,1.0,0.84,1.0
rmftsa,./data/numerical_only/balanced,0.5,0.98,0.6,0.0,0.0,0.6,0.48,0.4,1.0
rmftsa,./data/numerical_only/balanced,0.5,0.48683333333333323,0.2,0.0,0.0,1.0,1.0,0.76,1.0
rmftsa,./data/numerical_only/balanced,0.5,0.8,0.24,0.0,0.0,0.92,0.92,0.12,1.0
rmftsa,./data/numerical_only/balanced,0.5,0.48016666666666674,0.92,0.0,0.0,0.36,0.72,0.08,1.0
rmftsa,./data/numerical_only/balanced,0.5,0.46688095238095234,0.6,0.0,0.0,0.8,1.0,0.72,1.0
rmftsa,./data/numerical_only/balanced,0.5,0.7675,0.4,0.0,0.0,0.96,1.0,1.0,1.0
rmftsa,./data/numerical_only/balanced,0.5,0.61,0.76,0.0,0.0,0.72,0.8,0.12,1.0
rmftsa,./data/numerical_only/balanced,0.5,0.91,0.36,0.0,0.0,0.16,0.12,1.0,1.0
rmftsa,./data/numerical_only/balanced,0.5,0.5908650793650794,0.96,0.0,0.0,0.68,0.96,0.8,1.0
rmftsa,./data/numerical_only/balanced,0.5,0.7675,0.4,0.0,0.0,0.96,1.0,0.76,1.0
rmftsa,./data/numerical_only/balanced,0.5,0.64,0.44,0.0,0.0,0.48,0.52,0.64,1.0
rmftsa,./data/numerical_only/balanced,0.5,0.84,0.32,0.0,0.0,0.24,0.32,0.24,1.0
rmftsa,./data/numerical_only/balanced,0.5,0.64,0.8,0.0,0.0,0.8,1.0,0.92,1.0
banknote-authentication,./data/numerical_only/balanced,0.9941690962099126,0.99,1.0,0.0,0.0,0.9411764705882353,1.0,1.0,1.0
banknote-authentication,./data/numerical_only/balanced,0.9941690962099126,1.0,1.0,0.0,0.0,0.9705882352941176,0.9705882352941176,0.9411764705882353,1.0
banknote-authentication,./data/numerical_only/balanced,0.9941690962099126,0.95,1.0,0.0,0.0,0.9705882352941176,1.0,1.0,1.0
banknote-authentication,./data/numerical_only/balanced,0.9941690962099126,0.94,1.0,0.0,0.0,0.7352941176470589,0.6764705882352942,0.7941176470588235,1.0
banknote-authentication,./data/numerical_only/balanced,0.9941690962099126,1.0,0.7941176470588235,0.0,0.0,0.7352941176470589,0.7352941176470589,0.7941176470588235,1.0
banknote-authentication,./data/numerical_only/balanced,0.9941690962099126,1.0,0.6764705882352942,0.0,0.0,0.6764705882352942,0.6764705882352942,0.6764705882352942,1.0
banknote-authentication,./data/numerical_only/balanced,0.9941690962099126,0.98,1.0,0.0,0.0,1.0,0.9117647058823529,1.0,1.0
banknote-authentication,./data/numerical_only/balanced,0.9941690962099126,1.0,1.0,0.0,0.0,1.0,1.0,0.8235294117647058,1.0
banknote-authentication,./data/numerical_only/balanced,0.9941690962099126,1.0,0.8529411764705882,0.0,0.0,0.8529411764705882,0.4117647058823529,0.8529411764705882,1.0
banknote-authentication,./data/numerical_only/balanced,0.9941690962099126,1.0,1.0,0.0,0.0,1.0,0.7058823529411765,0.8529411764705882,1.0
banknote-authentication,./data/numerical_only/balanced,0.9941690962099126,1.0,0.47058823529411764,0.0,0.0,0.47058823529411764,0.17647058823529413,0.47058823529411764,1.0
banknote-authentication,./data/numerical_only/balanced,0.9941690962099126,0.99,1.0,0.0,0.0,0.9705882352941176,0.6470588235294118,0.7941176470588235,1.0
banknote-authentication,./data/numerical_only/balanced,0.9941690962099126,1.0,1.0,0.0,0.0,0.7647058823529411,0.9411764705882353,0.8235294117647058,1.0
banknote-authentication,./data/numerical_only/balanced,0.9941690962099126,0.99,1.0,0.0,0.0,0.8235294117647058,0.9705882352941176,0.9705882352941176,1.0
banknote-authentication,./data/numerical_only/balanced,0.9941690962099126,1.0,1.0,0.0,0.0,0.9705882352941176,1.0,0.9411764705882353,1.0
banknote-authentication,./data/numerical_only/balanced,0.9941690962099126,1.0,0.8823529411764706,0.0,0.0,0.9117647058823529,0.8823529411764706,0.9117647058823529,1.0
banknote-authentication,./data/numerical_only/balanced,0.9941690962099126,0.99,0.8823529411764706,0.0,0.0,0.9117647058823529,0.9117647058823529,0.9117647058823529,1.0
banknote-authentication,./data/numerical_only/balanced,0.9941690962099126,0.99,0.7352941176470589,0.0,0.0,0.6176470588235294,0.7352941176470589,0.7058823529411765,1.0
banknote-authentication,./data/numerical_only/balanced,0.9941690962099126,0.99,1.0,0.0,0.0,1.0,0.9705882352941176,1.0,1.0
banknote-authentication,./data/numerical_only/balanced,0.9941690962099126,1.0,1.0,0.0,0.0,0.5,0.7647058823529411,0.9705882352941176,1.0
banknote-authentication,./data/numerical_only/balanced,0.9941690962099126,1.0,0.6470588235294118,0.0,0.0,0.6470588235294118,0.6470588235294118,0.6470588235294118,1.0
banknote-authentication,./data/numerical_only/balanced,0.9941690962099126,0.98,0.9705882352941176,0.0,0.0,0.9705882352941176,0.5588235294117647,0.9705882352941176,1.0
banknote-authentication,./data/numerical_only/balanced,0.9941690962099126,0.99,1.0,0.0,0.0,1.0,1.0,1.0,1.0
banknote-authentication,./data/numerical_only/balanced,0.9941690962099126,0.98,1.0,0.0,0.0,1.0,0.7941176470588235,1.0,1.0
banknote-authentication,./data/numerical_only/balanced,0.9941690962099126,0.9,0.4117647058823529,0.0,0.0,0.4117647058823529,0.38235294117647056,0.4117647058823529,1.0
banknote-authentication,./data/numerical_only/balanced,0.9941690962099126,1.0,1.0,0.0,0.0,1.0,1.0,0.6470588235294118,1.0
banknote-authentication,./data/numerical_only/balanced,0.9941690962099126,1.0,1.0,0.0,0.0,1.0,1.0,0.9411764705882353,1.0
banknote-authentication,./data/numerical_only/balanced,0.9941690962099126,1.0,1.0,0.0,0.0,0.9705882352941176,0.7058823529411765,0.9411764705882353,1.0
banknote-authentication,./data/numerical_only/balanced,0.9941690962099126,0.98,0.4411764705882353,0.0,0.0,0.4411764705882353,0.4411764705882353,0.4411764705882353,1.0
banknote-authentication,./data/numerical_only/balanced,0.9941690962099126,0.99,1.0,0.0,0.0,0.9705882352941176,0.7352941176470589,0.9705882352941176,1.0
banknote-authentication,./data/numerical_only/balanced,0.9941690962099126,1.0,1.0,0.0,0.0,0.9705882352941176,1.0,1.0,1.0
banknote-authentication,./data/numerical_only/balanced,0.9941690962099126,0.99,1.0,0.0,0.0,0.9117647058823529,0.9117647058823529,1.0,1.0
banknote-authentication,./data/numerical_only/balanced,0.9941690962099126,0.94,0.7058823529411765,0.0,0.0,0.35294117647058826,0.3235294117647059,0.6176470588235294,1.0
banknote-authentication,./data/numerical_only/balanced,0.9941690962099126,0.99,1.0,0.0,0.0,1.0,1.0,0.9411764705882353,1.0
banknote-authentication,./data/numerical_only/balanced,0.9941690962099126,0.97,0.9705882352941176,0.0,0.0,0.8823529411764706,0.8529411764705882,1.0,1.0
banknote-authentication,./data/numerical_only/balanced,0.9941690962099126,1.0,1.0,0.0,0.0,1.0,0.5294117647058824,1.0,1.0
banknote-authentication,./data/numerical_only/balanced,0.9941690962099126,1.0,1.0,0.0,0.0,1.0,0.9117647058823529,1.0,1.0
banknote-authentication,./data/numerical_only/balanced,0.9941690962099126,1.0,1.0,0.0,0.0,0.8823529411764706,0.6764705882352942,0.8823529411764706,1.0
banknote-authentication,./data/numerical_only/balanced,0.9941690962099126,0.98,1.0,0.0,0.0,1.0,1.0,1.0,1.0
banknote-authentication,./data/numerical_only/balanced,0.9941690962099126,1.0,1.0,0.0,0.0,1.0,1.0,0.7941176470588235,1.0
banknote-authentication,./data/numerical_only/balanced,0.9941690962099126,0.99,1.0,0.0,0.0,0.8529411764705882,0.8529411764705882,0.9705882352941176,1.0
banknote-authentication,./data/numerical_only/balanced,0.9941690962099126,0.99,0.7647058823529411,0.0,0.0,0.7647058823529411,0.5588235294117647,0.9117647058823529,1.0
banknote-authentication,./data/numerical_only/balanced,0.9941690962099126,0.87,0.4117647058823529,0.0,0.0,0.3235294117647059,0.29411764705882354,0.4117647058823529,1.0
banknote-authentication,./data/numerical_only/balanced,0.9941690962099126,1.0,0.5294117647058824,0.0,0.0,0.47058823529411764,0.23529411764705882,0.35294117647058826,1.0
banknote-authentication,./data/numerical_only/balanced,0.9941690962099126,0.99,1.0,0.0,0.0,0.6176470588235294,0.9117647058823529,0.8823529411764706,1.0
banknote-authentication,./data/numerical_only/balanced,0.9941690962099126,1.0,0.8529411764705882,0.0,0.0,0.8529411764705882,0.8235294117647058,0.7058823529411765,1.0
banknote-authentication,./data/numerical_only/balanced,0.9941690962099126,1.0,1.0,0.0,0.0,1.0,0.8823529411764706,1.0,1.0
banknote-authentication,./data/numerical_only/balanced,0.9941690962099126,1.0,0.9117647058823529,0.0,0.0,0.9117647058823529,0.7058823529411765,1.0,1.0
banknote-authentication,./data/numerical_only/balanced,0.9941690962099126,1.0,1.0,0.0,0.0,0.9117647058823529,0.9411764705882353,1.0,1.0
banknote-authentication,./data/numerical_only/balanced,0.9941690962099126,0.91,0.17647058823529413,0.0,0.0,0.2647058823529412,0.23529411764705882,0.4411764705882353,1.0
volcanoes-a2,./data/numerical_only/balanced,0.9384236453201971,0.99,0.775,0.0,0.0,1.0,1.0,1.0,1.0
volcanoes-a2,./data/numerical_only/balanced,0.9384236453201971,0.97,0.8,0.0,0.0,0.075,1.0,1.0,1.0
volcanoes-a2,./data/numerical_only/balanced,0.9384236453201971,1.0,1.0,0.0,0.0,1.0,1.0,1.0,1.0
volcanoes-a2,./data/numerical_only/balanced,0.9384236453201971,0.98,1.0,0.0,0.0,1.0,1.0,1.0,1.0
volcanoes-a2,./data/numerical_only/balanced,0.9384236453201971,0.75,0.8,0.0,0.0,0.85,0.975,,1.0
volcanoes-a2,./data/numerical_only/balanced,0.9384236453201971,1.0,1.0,0.0,0.0,1.0,1.0,,1.0
volcanoes-a2,./data/numerical_only/balanced,0.9384236453201971,0.93,1.0,0.0,0.0,1.0,1.0,,1.0
volcanoes-a2,./data/numerical_only/balanced,0.9384236453201971,0.98,1.0,0.0,0.0,1.0,1.0,1.0,1.0
volcanoes-a2,./data/numerical_only/balanced,0.9384236453201971,0.99,1.0,0.0,0.0,1.0,1.0,,1.0
volcanoes-a2,./data/numerical_only/balanced,0.9384236453201971,1.0,1.0,0.0,0.0,1.0,1.0,1.0,1.0
volcanoes-a2,./data/numerical_only/balanced,0.9384236453201971,0.67,0.05,0.0,0.0,0.95,0.425,0.575,1.0
volcanoes-a2,./data/numerical_only/balanced,0.9384236453201971,1.0,1.0,0.0,0.0,1.0,1.0,1.0,1.0
volcanoes-a2,./data/numerical_only/balanced,0.9384236453201971,0.72,0.9,0.0,0.0,1.0,0.175,0.6,1.0
volcanoes-a2,./data/numerical_only/balanced,0.9384236453201971,0.74,0.85,0.0,0.0,0.925,0.85,0.925,1.0
volcanoes-a2,./data/numerical_only/balanced,0.9384236453201971,0.93,1.0,0.0,0.0,1.0,1.0,,1.0
volcanoes-a2,./data/numerical_only/balanced,0.9384236453201971,1.0,1.0,0.0,0.0,1.0,1.0,1.0,1.0
volcanoes-a2,./data/numerical_only/balanced,0.9384236453201971,0.99,1.0,0.0,0.0,0.9,1.0,1.0,1.0
volcanoes-a2,./data/numerical_only/balanced,0.9384236453201971,0.93,1.0,0.0,0.0,0.975,0.875,1.0,1.0
volcanoes-a2,./data/numerical_only/balanced,0.9384236453201971,1.0,1.0,0.0,0.0,1.0,1.0,,1.0
volcanoes-a2,./data/numerical_only/balanced,0.9384236453201971,0.99,1.0,0.0,0.0,1.0,1.0,,1.0
volcanoes-a2,./data/numerical_only/balanced,0.9384236453201971,0.98,1.0,0.0,0.0,1.0,1.0,1.0,1.0
volcanoes-a2,./data/numerical_only/balanced,0.9384236453201971,0.98,1.0,0.0,0.0,1.0,1.0,1.0,1.0
volcanoes-a2,./data/numerical_only/balanced,0.9384236453201971,0.99,1.0,0.0,0.0,1.0,1.0,1.0,1.0
volcanoes-a2,./data/numerical_only/balanced,0.9384236453201971,1.0,1.0,0.0,0.0,0.65,1.0,1.0,1.0
volcanoes-a2,./data/numerical_only/balanced,0.9384236453201971,0.98,1.0,0.0,0.0,1.0,1.0,,1.0
volcanoes-a2,./data/numerical_only/balanced,0.9384236453201971,1.0,1.0,0.0,0.0,1.0,1.0,1.0,1.0
volcanoes-a2,./data/numerical_only/balanced,0.9384236453201971,1.0,1.0,0.0,0.0,1.0,1.0,,1.0
volcanoes-a2,./data/numerical_only/balanced,0.9384236453201971,1.0,1.0,0.0,0.0,1.0,1.0,1.0,1.0
volcanoes-a2,./data/numerical_only/balanced,0.9384236453201971,0.96,1.0,0.0,0.0,1.0,1.0,1.0,1.0
volcanoes-a2,./data/numerical_only/balanced,0.9384236453201971,1.0,1.0,0.0,0.0,1.0,1.0,1.0,1.0
volcanoes-a2,./data/numerical_only/balanced,0.9384236453201971,1.0,1.0,0.0,0.0,1.0,1.0,1.0,1.0
volcanoes-a2,./data/numerical_only/balanced,0.9384236453201971,1.0,1.0,0.0,0.0,1.0,1.0,,1.0
volcanoes-a2,./data/numerical_only/balanced,0.9384236453201971,0.96,1.0,0.0,0.0,1.0,0.975,,1.0
volcanoes-a2,./data/numerical_only/balanced,0.9384236453201971,1.0,1.0,0.0,0.0,1.0,1.0,1.0,1.0
volcanoes-a2,./data/numerical_only/balanced,0.9384236453201971,0.98,1.0,0.0,0.0,1.0,1.0,1.0,1.0
volcanoes-a2,./data/numerical_only/balanced,0.9384236453201971,1.0,1.0,0.0,0.0,1.0,1.0,1.0,1.0
volcanoes-a2,./data/numerical_only/balanced,0.9384236453201971,0.97,1.0,0.0,0.0,1.0,1.0,,1.0
volcanoes-a2,./data/numerical_only/balanced,0.9384236453201971,0.39,0.25,0.0,0.0,0.1,0.075,0.1,1.0
volcanoes-a2,./data/numerical_only/balanced,0.9384236453201971,1.0,1.0,0.0,0.0,1.0,1.0,1.0,1.0
volcanoes-a2,./data/numerical_only/balanced,0.9384236453201971,0.86,0.85,0.0,0.0,0.85,1.0,0.825,1.0
volcanoes-a2,./data/numerical_only/balanced,0.9384236453201971,1.0,1.0,0.0,0.0,1.0,1.0,,1.0
volcanoes-a2,./data/numerical_only/balanced,0.9384236453201971,1.0,1.0,0.0,0.0,1.0,1.0,1.0,1.0
volcanoes-a2,./data/numerical_only/balanced,0.9384236453201971,1.0,1.0,0.0,0.0,1.0,1.0,1.0,1.0
volcanoes-a2,./data/numerical_only/balanced,0.9384236453201971,0.97,1.0,0.0,0.0,1.0,1.0,1.0,1.0
volcanoes-a2,./data/numerical_only/balanced,0.9384236453201971,1.0,1.0,0.0,0.0,1.0,1.0,1.0,1.0
volcanoes-a2,./data/numerical_only/balanced,0.9384236453201971,0.85,0.25,0.0,0.0,0.825,0.175,0.525,1.0
volcanoes-a2,./data/numerical_only/balanced,0.9384236453201971,1.0,1.0,0.0,0.0,0.75,1.0,1.0,1.0
volcanoes-a2,./data/numerical_only/balanced,0.9384236453201971,0.92,0.95,0.0,0.0,1.0,0.975,,1.0
volcanoes-a2,./data/numerical_only/balanced,0.9384236453201971,1.0,1.0,0.0,0.0,1.0,1.0,1.0,1.0
volcanoes-a2,./data/numerical_only/balanced,0.9384236453201971,0.98,1.0,0.0,0.0,1.0,0.975,1.0,1.0
volcanoes-a3,./data/numerical_only/balanced,0.889763779527559,0.42,0.21052631578947367,0.0,0.0,0.15789473684210525,0.13157894736842105,0.8157894736842105,1.0
volcanoes-a3,./data/numerical_only/balanced,0.889763779527559,1.0,1.0,0.0,0.0,1.0,1.0,1.0,1.0
volcanoes-a3,./data/numerical_only/balanced,0.889763779527559,0.39,0.18421052631578946,0.0,0.0,0.15789473684210525,0.18421052631578946,0.18421052631578946,1.0
volcanoes-a3,./data/numerical_only/balanced,0.889763779527559,1.0,1.0,0.0,0.0,1.0,1.0,,1.0
volcanoes-a3,./data/numerical_only/balanced,0.889763779527559,1.0,1.0,0.0,0.0,0.9210526315789473,1.0,,1.0
volcanoes-a3,./data/numerical_only/balanced,0.889763779527559,1.0,1.0,0.0,0.0,1.0,1.0,,1.0
volcanoes-a3,./data/numerical_only/balanced,0.889763779527559,1.0,1.0,0.0,0.0,1.0,1.0,1.0,1.0
volcanoes-a3,./data/numerical_only/balanced,0.889763779527559,0.98,1.0,0.0,0.0,1.0,1.0,,1.0
volcanoes-a3,./data/numerical_only/balanced,0.889763779527559,0.95,1.0,0.0,0.0,1.0,1.0,1.0,1.0
volcanoes-a3,./data/numerical_only/balanced,0.889763779527559,1.0,1.0,0.0,0.0,1.0,1.0,1.0,1.0
volcanoes-a3,./data/numerical_only/balanced,0.889763779527559,1.0,1.0,0.0,0.0,1.0,1.0,1.0,1.0
volcanoes-a3,./data/numerical_only/balanced,0.889763779527559,0.96,0.7631578947368421,0.0,0.0,0.8157894736842105,0.8157894736842105,0.8947368421052632,1.0
volcanoes-a3,./data/numerical_only/balanced,0.889763779527559,0.71,1.0,0.0,0.0,1.0,0.7368421052631579,,1.0
volcanoes-a3,./data/numerical_only/balanced,0.889763779527559,0.48,0.13157894736842105,0.0,0.0,0.10526315789473684,0.5789473684210527,0.7105263157894737,1.0
volcanoes-a3,./data/numerical_only/balanced,0.889763779527559,0.97,0.8157894736842105,0.0,0.0,0.8421052631578947,0.8157894736842105,0.8157894736842105,1.0
volcanoes-a3,./data/numerical_only/balanced,0.889763779527559,1.0,1.0,0.0,0.0,1.0,0.9473684210526315,,1.0
volcanoes-a3,./data/numerical_only/balanced,0.889763779527559,0.99,0.9736842105263158,0.0,0.0,1.0,1.0,1.0,1.0
volcanoes-a3,./data/numerical_only/balanced,0.889763779527559,1.0,1.0,0.0,0.0,0.7894736842105263,1.0,1.0,1.0
volcanoes-a3,./data/numerical_only/balanced,0.889763779527559,1.0,1.0,0.0,0.0,0.9736842105263158,1.0,1.0,1.0
volcanoes-a3,./data/numerical_only/balanced,0.889763779527559,0.93,0.9736842105263158,0.0,0.0,1.0,1.0,1.0,1.0
volcanoes-a3,./data/numerical_only/balanced,0.889763779527559,1.0,1.0,0.0,0.0,1.0,1.0,1.0,1.0
volcanoes-a3,./data/numerical_only/balanced,0.889763779527559,0.91,0.868421052631579,0.0,0.0,0.868421052631579,0.8947368421052632,0.868421052631579,1.0
volcanoes-a3,./data/numerical_only/balanced,0.889763779527559,1.0,1.0,0.0,0.0,1.0,1.0,1.0,1.0
volcanoes-a3,./data/numerical_only/balanced,0.889763779527559,0.7,0.8421052631578947,0.0,0.0,0.8421052631578947,0.8157894736842105,,1.0
volcanoes-a3,./data/numerical_only/balanced,0.889763779527559,0.92,1.0,0.0,0.0,1.0,1.0,1.0,1.0
volcanoes-a3,./data/numerical_only/balanced,0.889763779527559,0.96,1.0,0.0,0.0,1.0,1.0,1.0,1.0
volcanoes-a3,./data/numerical_only/balanced,0.889763779527559,0.68,0.13157894736842105,0.0,0.0,0.8947368421052632,0.868421052631579,,1.0
volcanoes-a3,./data/numerical_only/balanced,0.889763779527559,0.98,1.0,0.0,0.0,1.0,1.0,,1.0
volcanoes-a3,./data/numerical_only/balanced,0.889763779527559,1.0,1.0,0.0,0.0,0.8421052631578947,1.0,,1.0
volcanoes-a3,./data/numerical_only/balanced,0.889763779527559,0.97,1.0,0.0,0.0,1.0,1.0,1.0,1.0
volcanoes-a3,./data/numerical_only/balanced,0.889763779527559,1.0,1.0,0.0,0.0,1.0,1.0,,1.0
volcanoes-a3,./data/numerical_only/balanced,0.889763779527559,1.0,1.0,0.0,0.0,1.0,1.0,1.0,1.0
volcanoes-a3,./data/numerical_only/balanced,0.889763779527559,0.84,0.8947368421052632,0.0,0.0,0.9210526315789473,0.8947368421052632,0.8947368421052632,1.0
volcanoes-a3,./data/numerical_only/balanced,0.889763779527559,0.94,1.0,0.0,0.0,1.0,1.0,1.0,1.0
volcanoes-a3,./data/numerical_only/balanced,0.889763779527559,1.0,1.0,0.0,0.0,0.8421052631578947,1.0,1.0,1.0
volcanoes-a3,./data/numerical_only/balanced,0.889763779527559,0.84,0.6578947368421053,0.0,0.0,1.0,0.868421052631579,,1.0
volcanoes-a3,./data/numerical_only/balanced,0.889763779527559,0.99,0.8947368421052632,0.0,0.0,1.0,1.0,,1.0
volcanoes-a3,./data/numerical_only/balanced,0.889763779527559,1.0,1.0,0.0,0.0,0.47368421052631576,1.0,,1.0
volcanoes-a3,./data/numerical_only/balanced,0.889763779527559,0.95,0.8157894736842105,0.0,0.0,0.15789473684210525,0.7631578947368421,0.9473684210526315,1.0
volcanoes-a3,./data/numerical_only/balanced,0.889763779527559,0.98,1.0,0.0,0.0,1.0,1.0,,1.0
volcanoes-a3,./data/numerical_only/balanced,0.889763779527559,1.0,1.0,0.0,0.0,1.0,1.0,1.0,1.0
volcanoes-a3,./data/numerical_only/balanced,0.889763779527559,0.55,0.10526315789473684,0.0,0.0,0.10526315789473684,0.39473684210526316,0.10526315789473684,1.0
volcanoes-a3,./data/numerical_only/balanced,0.889763779527559,0.99,1.0,0.0,0.0,1.0,1.0,1.0,1.0
volcanoes-a3,./data/numerical_only/balanced,0.889763779527559,1.0,1.0,0.0,0.0,1.0,1.0,1.0,1.0
volcanoes-a3,./data/numerical_only/balanced,0.889763779527559,0.95,1.0,0.0,0.0,0.6842105263157895,1.0,1.0,1.0
volcanoes-a3,./data/numerical_only/balanced,0.889763779527559,1.0,1.0,0.0,0.0,1.0,1.0,,1.0
volcanoes-a3,./data/numerical_only/balanced,0.889763779527559,0.95,1.0,0.0,0.0,1.0,1.0,,1.0
volcanoes-a3,./data/numerical_only/balanced,0.889763779527559,1.0,1.0,0.0,0.0,1.0,1.0,1.0,1.0
volcanoes-a3,./data/numerical_only/balanced,0.889763779527559,1.0,1.0,0.0,0.0,1.0,1.0,1.0,1.0
volcanoes-a3,./data/numerical_only/balanced,0.889763779527559,1.0,1.0,0.0,0.0,1.0,1.0,1.0,1.0
volcanoes-a4,./data/numerical_only/balanced,0.8891820580474934,1.0,1.0,0.0,0.0,1.0,1.0,,1.0
volcanoes-a4,./data/numerical_only/balanced,0.8891820580474934,1.0,1.0,0.0,0.0,1.0,1.0,1.0,1.0
volcanoes-a4,./data/numerical_only/balanced,0.8891820580474934,0.62,0.7027027027027027,0.0,0.0,0.08108108108108109,0.13513513513513514,0.43243243243243246,1.0
volcanoes-a4,./data/numerical_only/balanced,0.8891820580474934,0.96,1.0,0.0,0.0,1.0,1.0,,1.0
volcanoes-a4,./data/numerical_only/balanced,0.8891820580474934,0.98,1.0,0.0,0.0,1.0,1.0,,1.0
volcanoes-a4,./data/numerical_only/balanced,0.8891820580474934,0.64,0.2702702702702703,0.0,0.0,0.8378378378378378,0.5405405405405406,0.2972972972972973,1.0
volcanoes-a4,./data/numerical_only/balanced,0.8891820580474934,0.98,1.0,0.0,0.0,1.0,1.0,,1.0
volcanoes-a4,./data/numerical_only/balanced,0.8891820580474934,0.93,0.918918918918919,0.0,0.0,0.9459459459459459,0.918918918918919,,1.0
volcanoes-a4,./data/numerical_only/balanced,0.8891820580474934,0.9,1.0,0.0,0.0,1.0,1.0,1.0,1.0
volcanoes-a4,./data/numerical_only/balanced,0.8891820580474934,0.98,1.0,0.0,0.0,1.0,1.0,,1.0
volcanoes-a4,./data/numerical_only/balanced,0.8891820580474934,1.0,1.0,0.0,0.0,1.0,1.0,1.0,1.0
volcanoes-a4,./data/numerical_only/balanced,0.8891820580474934,0.97,1.0,0.0,0.0,1.0,1.0,1.0,1.0
volcanoes-a4,./data/numerical_only/balanced,0.8891820580474934,0.99,1.0,0.0,0.0,1.0,1.0,,1.0
volcanoes-a4,./data/numerical_only/balanced,0.8891820580474934,1.0,1.0,0.0,0.0,1.0,1.0,,1.0
volcanoes-a4,./data/numerical_only/balanced,0.8891820580474934,1.0,1.0,0.0,0.0,1.0,1.0,1.0,1.0
volcanoes-a4,./data/numerical_only/balanced,0.8891820580474934,1.0,1.0,0.0,0.0,0.918918918918919,1.0,,1.0
volcanoes-a4,./data/numerical_only/balanced,0.8891820580474934,1.0,1.0,0.0,0.0,1.0,1.0,1.0,1.0
volcanoes-a4,./data/numerical_only/balanced,0.8891820580474934,1.0,1.0,0.0,0.0,1.0,1.0,1.0,1.0
volcanoes-a4,./data/numerical_only/balanced,0.8891820580474934,1.0,1.0,0.0,0.0,1.0,1.0,,1.0
volcanoes-a4,./data/numerical_only/balanced,0.8891820580474934,1.0,1.0,0.0,0.0,1.0,0.7567567567567568,1.0,1.0
volcanoes-a4,./data/numerical_only/balanced,0.8891820580474934,0.99,1.0,0.0,0.0,1.0,1.0,1.0,1.0
volcanoes-a4,./data/numerical_only/balanced,0.8891820580474934,0.36,0.3783783783783784,0.0,0.0,0.16216216216216217,0.05405405405405406,0.02702702702702703,1.0
volcanoes-a4,./data/numerical_only/balanced,0.8891820580474934,1.0,1.0,0.0,0.0,1.0,1.0,,1.0
volcanoes-a4,./data/numerical_only/balanced,0.8891820580474934,0.95,1.0,0.0,0.0,1.0,1.0,1.0,1.0
volcanoes-a4,./data/numerical_only/balanced,0.8891820580474934,0.84,0.6486486486486487,0.0,0.0,0.6756756756756757,0.4594594594594595,,1.0
volcanoes-a4,./data/numerical_only/balanced,0.8891820580474934,1.0,1.0,0.0,0.0,1.0,1.0,,1.0
volcanoes-a4,./data/numerical_only/balanced,0.8891820580474934,0.99,1.0,0.0,0.0,1.0,1.0,1.0,1.0
volcanoes-a4,./data/numerical_only/balanced,0.8891820580474934,0.4,0.43243243243243246,0.0,0.0,0.08108108108108109,0.5675675675675675,0.16216216216216217,1.0
volcanoes-a4,./data/numerical_only/balanced,0.8891820580474934,0.97,1.0,0.0,0.0,1.0,1.0,,1.0
volcanoes-a4,./data/numerical_only/balanced,0.8891820580474934,0.83,1.0,0.0,0.0,1.0,1.0,,1.0
volcanoes-a4,./data/numerical_only/balanced,0.8891820580474934,0.7,1.0,0.0,0.0,0.1891891891891892,0.972972972972973,1.0,1.0
volcanoes-a4,./data/numerical_only/balanced,0.8891820580474934,0.99,1.0,0.0,0.0,1.0,1.0,1.0,1.0
volcanoes-a4,./data/numerical_only/balanced,0.8891820580474934,0.8,0.7297297297297297,0.0,0.0,0.8918918918918919,0.8918918918918919,0.9459459459459459,1.0
volcanoes-a4,./data/numerical_only/balanced,0.8891820580474934,0.98,0.8378378378378378,0.0,0.0,1.0,1.0,1.0,1.0
volcanoes-a4,./data/numerical_only/balanced,0.8891820580474934,0.46,0.24324324324324326,0.0,0.0,0.2972972972972973,0.24324324324324326,0.35135135135135137,1.0
volcanoes-a4,./data/numerical_only/balanced,0.8891820580474934,0.8,0.1891891891891892,0.0,0.0,1.0,0.972972972972973,0.972972972972973,1.0
volcanoes-a4,./data/numerical_only/balanced,0.8891820580474934,0.75,1.0,0.0,0.0,1.0,1.0,1.0,1.0
volcanoes-a4,./data/numerical_only/balanced,0.8891820580474934,1.0,1.0,0.0,0.0,1.0,1.0,1.0,1.0
volcanoes-a4,./data/numerical_only/balanced,0.8891820580474934,0.92,1.0,0.0,0.0,0.5675675675675675,1.0,1.0,1.0
volcanoes-a4,./data/numerical_only/balanced,0.8891820580474934,0.46,0.1891891891891892,0.0,0.0,0.02702702702702703,0.08108108108108109,0.08108108108108109,1.0
volcanoes-a4,./data/numerical_only/balanced,0.8891820580474934,1.0,1.0,0.0,0.0,1.0,1.0,1.0,1.0
volcanoes-a4,./data/numerical_only/balanced,0.8891820580474934,0.89,0.5945945945945946,0.0,0.0,0.918918918918919,0.6216216216216216,,1.0
volcanoes-a4,./data/numerical_only/balanced,0.8891820580474934,0.99,0.8378378378378378,0.0,0.0,1.0,1.0,1.0,1.0
volcanoes-a4,./data/numerical_only/balanced,0.8891820580474934,0.99,1.0,0.0,0.0,1.0,1.0,1.0,1.0
volcanoes-a4,./data/numerical_only/balanced,0.8891820580474934,0.96,1.0,0.0,0.0,1.0,1.0,1.0,1.0
volcanoes-a4,./data/numerical_only/balanced,0.8891820580474934,0.99,1.0,0.0,0.0,0.5675675675675675,1.0,1.0,1.0
volcanoes-a4,./data/numerical_only/balanced,0.8891820580474934,0.96,0.7837837837837838,0.0,0.0,1.0,1.0,1.0,1.0
volcanoes-a4,./data/numerical_only/balanced,0.8891820580474934,0.96,0.918918918918919,0.0,0.0,1.0,1.0,1.0,1.0
volcanoes-a4,./data/numerical_only/balanced,0.8891820580474934,0.84,1.0,0.0,0.0,1.0,1.0,,1.0
volcanoes-a4,./data/numerical_only/balanced,0.8891820580474934,1.0,1.0,0.0,0.0,1.0,1.0,1.0,1.0
volcanoes-e1,./data/numerical_only/balanced,0.9121621621621622,1.0,1.0,0.0,0.0,1.0,,,1.0
volcanoes-e1,./data/numerical_only/balanced,0.9121621621621622,0.96,1.0,0.0,0.0,1.0,1.0,1.0,1.0
volcanoes-e1,./data/numerical_only/balanced,0.9121621621621622,1.0,1.0,0.0,0.0,1.0,,1.0,1.0
volcanoes-e1,./data/numerical_only/balanced,0.9121621621621622,1.0,1.0,0.0,0.0,1.0,,1.0,1.0
volcanoes-e1,./data/numerical_only/balanced,0.9121621621621622,1.0,1.0,0.0,0.0,1.0,1.0,1.0,1.0
volcanoes-e1,./data/numerical_only/balanced,0.9121621621621622,0.74,0.27586206896551724,0.0,0.0,0.5517241379310345,0.5862068965517241,0.5517241379310345,1.0
volcanoes-e1,./data/numerical_only/balanced,0.9121621621621622,0.99,1.0,0.0,0.0,1.0,,,1.0
volcanoes-e1,./data/numerical_only/balanced,0.9121621621621622,0.98,1.0,0.0,0.0,1.0,,1.0,1.0
volcanoes-e1,./data/numerical_only/balanced,0.9121621621621622,1.0,1.0,0.0,0.0,1.0,,,1.0
volcanoes-e1,./data/numerical_only/balanced,0.9121621621621622,0.9,1.0,0.0,0.0,1.0,1.0,1.0,1.0
volcanoes-e1,./data/numerical_only/balanced,0.9121621621621622,0.99,1.0,0.0,0.0,0.4827586206896552,,1.0,1.0
volcanoes-e1,./data/numerical_only/balanced,0.9121621621621622,0.87,1.0,0.0,0.0,1.0,,1.0,1.0
volcanoes-e1,./data/numerical_only/balanced,0.9121621621621622,0.92,1.0,0.0,0.0,1.0,,1.0,1.0
volcanoes-e1,./data/numerical_only/balanced,0.9121621621621622,0.51,0.10344827586206896,0.0,0.0,0.4482758620689655,,0.41379310344827586,1.0
volcanoes-e1,./data/numerical_only/balanced,0.9121621621621622,0.96,0.5862068965517241,0.0,0.0,0.3793103448275862,1.0,1.0,1.0
volcanoes-e1,./data/numerical_only/balanced,0.9121621621621622,0.98,1.0,0.0,0.0,1.0,0.9655172413793104,,1.0
volcanoes-e1,./data/numerical_only/balanced,0.9121621621621622,0.86,1.0,0.0,0.0,0.4482758620689655,1.0,,1.0
volcanoes-e1,./data/numerical_only/balanced,0.9121621621621622,1.0,1.0,0.0,0.0,1.0,,,1.0
volcanoes-e1,./data/numerical_only/balanced,0.9121621621621622,0.97,0.41379310344827586,0.0,0.0,1.0,0.8620689655172413,1.0,1.0
volcanoes-e1,./data/numerical_only/balanced,0.9121621621621622,0.93,0.6206896551724138,0.0,0.0,0.7931034482758621,0.3448275862068966,0.27586206896551724,1.0
volcanoes-e1,./data/numerical_only/balanced,0.9121621621621622,0.97,1.0,0.0,0.0,1.0,1.0,1.0,1.0
volcanoes-e1,./data/numerical_only/balanced,0.9121621621621622,1.0,1.0,0.0,0.0,1.0,,,1.0
volcanoes-e1,./data/numerical_only/balanced,0.9121621621621622,0.92,0.7586206896551724,0.0,0.0,0.9310344827586207,,,1.0
volcanoes-e1,./data/numerical_only/balanced,0.9121621621621622,0.69,0.3448275862068966,0.0,0.0,0.7931034482758621,,,1.0
volcanoes-e1,./data/numerical_only/balanced,0.9121621621621622,0.57,0.7241379310344828,0.0,0.0,0.3448275862068966,0.6206896551724138,0.27586206896551724,1.0
volcanoes-e1,./data/numerical_only/balanced,0.9121621621621622,0.98,1.0,0.0,0.0,1.0,,1.0,1.0
volcanoes-e1,./data/numerical_only/balanced,0.9121621621621622,0.98,1.0,0.0,0.0,1.0,,,1.0
volcanoes-e1,./data/numerical_only/balanced,0.9121621621621622,1.0,1.0,0.0,0.0,0.9310344827586207,1.0,,1.0
volcanoes-e1,./data/numerical_only/balanced,0.9121621621621622,1.0,0.7931034482758621,0.0,0.0,1.0,1.0,1.0,1.0
volcanoes-e1,./data/numerical_only/balanced,0.9121621621621622,0.81,0.6206896551724138,0.0,0.0,0.7241379310344828,0.6551724137931034,0.4482758620689655,1.0
volcanoes-e1,./data/numerical_only/balanced,0.9121621621621622,0.93,0.8620689655172413,0.0,0.0,1.0,,1.0,1.0
volcanoes-e1,./data/numerical_only/balanced,0.9121621621621622,0.86,0.06896551724137931,0.0,0.0,0.8275862068965517,0.6206896551724138,,1.0
volcanoes-e1,./data/numerical_only/balanced,0.9121621621621622,1.0,1.0,0.0,0.0,1.0,,1.0,1.0
volcanoes-e1,./data/numerical_only/balanced,0.9121621621621622,0.96,0.7931034482758621,0.0,0.0,0.7931034482758621,0.7586206896551724,0.8275862068965517,1.0
volcanoes-e1,./data/numerical_only/balanced,0.9121621621621622,0.48,1.0,0.0,0.0,0.20689655172413793,,0.20689655172413793,1.0
volcanoes-e1,./data/numerical_only/balanced,0.9121621621621622,1.0,0.4827586206896552,0.0,0.0,0.3448275862068966,,1.0,1.0
volcanoes-e1,./data/numerical_only/balanced,0.9121621621621622,0.81,0.7931034482758621,0.0,0.0,1.0,,0.3103448275862069,1.0
volcanoes-e1,./data/numerical_only/balanced,0.9121621621621622,0.98,1.0,0.0,0.0,1.0,,1.0,1.0
volcanoes-e1,./data/numerical_only/balanced,0.9121621621621622,0.86,0.8275862068965517,0.0,0.0,0.8620689655172413,,0.9310344827586207,1.0
volcanoes-e1,./data/numerical_only/balanced,0.9121621621621622,0.54,0.6551724137931034,0.0,0.0,0.5172413793103449,0.896551724137931,0.3448275862068966,1.0
volcanoes-e1,./data/numerical_only/balanced,0.9121621621621622,0.99,1.0,0.0,0.0,1.0,1.0,1.0,1.0
volcanoes-e1,./data/numerical_only/balanced,0.9121621621621622,1.0,0.896551724137931,0.0,0.0,1.0,1.0,,1.0
volcanoes-e1,./data/numerical_only/balanced,0.9121621621621622,1.0,1.0,0.0,0.0,1.0,1.0,1.0,1.0
volcanoes-e1,./data/numerical_only/balanced,0.9121621621621622,0.95,1.0,0.0,0.0,1.0,0.9310344827586207,1.0,1.0
volcanoes-e1,./data/numerical_only/balanced,0.9121621621621622,0.53,1.0,0.0,0.0,0.06896551724137931,,0.2413793103448276,1.0
volcanoes-e1,./data/numerical_only/balanced,0.9121621621621622,1.0,1.0,0.0,0.0,1.0,1.0,1.0,1.0
volcanoes-e1,./data/numerical_only/balanced,0.9121621621621622,0.99,1.0,0.0,0.0,1.0,1.0,1.0,1.0
volcanoes-e1,./data/numerical_only/balanced,0.9121621621621622,1.0,0.8620689655172413,0.0,0.0,1.0,,,1.0
volcanoes-e1,./data/numerical_only/balanced,0.9121621621621622,0.91,1.0,0.0,0.0,1.0,,1.0,1.0
volcanoes-e1,./data/numerical_only/balanced,0.9121621621621622,0.99,1.0,0.0,0.0,1.0,,,1.0
volcanoes-e2,./data/numerical_only/balanced,0.9222222222222223,0.96,1.0,0.0,0.0,1.0,,1.0,1.0
volcanoes-e2,./data/numerical_only/balanced,0.9222222222222223,0.9,0.7407407407407407,0.0,0.0,1.0,,,1.0
volcanoes-e2,./data/numerical_only/balanced,0.9222222222222223,0.98,1.0,0.0,0.0,1.0,,1.0,1.0
volcanoes-e2,./data/numerical_only/balanced,0.9222222222222223,0.99,1.0,0.0,0.0,1.0,,1.0,1.0
volcanoes-e2,./data/numerical_only/balanced,0.9222222222222223,1.0,1.0,0.0,0.0,1.0,,,1.0
volcanoes-e2,./data/numerical_only/balanced,0.9222222222222223,0.96,1.0,0.0,0.0,1.0,,,1.0
volcanoes-e2,./data/numerical_only/balanced,0.9222222222222223,0.92,1.0,0.0,0.0,1.0,,,1.0
volcanoes-e2,./data/numerical_only/balanced,0.9222222222222223,0.98,1.0,0.0,0.0,1.0,,1.0,1.0
volcanoes-e2,./data/numerical_only/balanced,0.9222222222222223,0.96,0.7777777777777778,0.0,0.0,1.0,,0.9259259259259259,1.0
volcanoes-e2,./data/numerical_only/balanced,0.9222222222222223,0.77,0.2222222222222222,0.0,0.0,0.7407407407407407,,,1.0
volcanoes-e2,./data/numerical_only/balanced,0.9222222222222223,0.98,0.2222222222222222,0.0,0.0,0.8148148148148148,,0.8148148148148148,1.0
volcanoes-e2,./data/numerical_only/balanced,0.9222222222222223,0.96,1.0,0.0,0.0,1.0,,,1.0
volcanoes-e2,./data/numerical_only/balanced,0.9222222222222223,0.94,1.0,0.0,0.0,1.0,,1.0,1.0
volcanoes-e2,./data/numerical_only/balanced,0.9222222222222223,0.9,1.0,0.0,0.0,1.0,,1.0,1.0
volcanoes-e2,./data/numerical_only/balanced,0.9222222222222223,1.0,1.0,0.0,0.0,1.0,,,1.0
volcanoes-e2,./data/numerical_only/balanced,0.9222222222222223,0.98,0.7777777777777778,0.0,0.0,1.0,,,1.0
volcanoes-e2,./data/numerical_only/balanced,0.9222222222222223,1.0,1.0,0.0,0.0,1.0,,1.0,1.0
volcanoes-e2,./data/numerical_only/balanced,0.9222222222222223,0.69,1.0,0.0,0.0,1.0,,1.0,1.0
volcanoes-e2,./data/numerical_only/balanced,0.9222222222222223,0.97,1.0,0.0,0.0,1.0,,1.0,1.0
volcanoes-e2,./data/numerical_only/balanced,0.9222222222222223,0.85,1.0,0.0,0.0,1.0,,1.0,1.0
volcanoes-e2,./data/numerical_only/balanced,0.9222222222222223,0.95,1.0,0.0,0.0,0.8518518518518519,,1.0,1.0
volcanoes-e2,./data/numerical_only/balanced,0.9222222222222223,0.82,0.7037037037037037,0.0,0.0,1.0,,1.0,1.0
volcanoes-e2,./data/numerical_only/balanced,0.9222222222222223,0.88,0.8888888888888888,0.0,0.0,0.9259259259259259,,1.0,1.0
volcanoes-e2,./data/numerical_only/balanced,0.9222222222222223,0.3,0.14814814814814814,0.0,0.0,0.2962962962962963,,0.48148148148148145,1.0
volcanoes-e2,./data/numerical_only/balanced,0.9222222222222223,1.0,1.0,0.0,0.0,1.0,,1.0,1.0
volcanoes-e2,./data/numerical_only/balanced,0.9222222222222223,1.0,0.8888888888888888,0.0,0.0,1.0,,1.0,1.0
volcanoes-e2,./data/numerical_only/balanced,0.9222222222222223,1.0,1.0,0.0,0.0,1.0,,1.0,1.0
volcanoes-e2,./data/numerical_only/balanced,0.9222222222222223,1.0,1.0,0.0,0.0,1.0,,,1.0
volcanoes-e2,./data/numerical_only/balanced,0.9222222222222223,0.77,0.5555555555555556,0.0,0.0,0.9259259259259259,,0.9259259259259259,1.0
volcanoes-e2,./data/numerical_only/balanced,0.9222222222222223,0.99,1.0,0.0,0.0,1.0,,,1.0
volcanoes-e2,./data/numerical_only/balanced,0.9222222222222223,0.97,1.0,0.0,0.0,1.0,,,1.0
volcanoes-e2,./data/numerical_only/balanced,0.9222222222222223,0.96,0.9629629629629629,0.0,0.0,0.9259259259259259,,,1.0
volcanoes-e2,./data/numerical_only/balanced,0.9222222222222223,0.99,1.0,0.0,0.0,1.0,,1.0,1.0
volcanoes-e2,./data/numerical_only/balanced,0.9222222222222223,0.96,1.0,0.0,0.0,1.0,,1.0,1.0
volcanoes-e2,./data/numerical_only/balanced,0.9222222222222223,0.97,1.0,0.0,0.0,1.0,,,1.0
volcanoes-e2,./data/numerical_only/balanced,0.9222222222222223,0.96,1.0,0.0,0.0,1.0,,1.0,1.0
volcanoes-e2,./data/numerical_only/balanced,0.9222222222222223,0.99,1.0,0.0,0.0,1.0,,,1.0
volcanoes-e2,./data/numerical_only/balanced,0.9222222222222223,0.97,1.0,0.0,0.0,1.0,,1.0,1.0
volcanoes-e2,./data/numerical_only/balanced,0.9222222222222223,0.9,0.7407407407407407,0.0,0.0,0.8518518518518519,,0.9629629629629629,1.0
volcanoes-e2,./data/numerical_only/balanced,0.9222222222222223,1.0,1.0,0.0,0.0,1.0,,1.0,1.0
volcanoes-e2,./data/numerical_only/balanced,0.9222222222222223,1.0,1.0,0.0,0.0,1.0,,,1.0
volcanoes-e2,./data/numerical_only/balanced,0.9222222222222223,0.93,0.9629629629629629,0.0,0.0,1.0,,,1.0
volcanoes-e2,./data/numerical_only/balanced,0.9222222222222223,0.41,0.18518518518518517,0.0,0.0,0.5925925925925926,,0.18518518518518517,1.0
volcanoes-e2,./data/numerical_only/balanced,0.9222222222222223,1.0,1.0,0.0,0.0,1.0,,1.0,1.0
volcanoes-e2,./data/numerical_only/balanced,0.9222222222222223,0.97,1.0,0.0,0.0,1.0,,1.0,1.0
volcanoes-e2,./data/numerical_only/balanced,0.9222222222222223,0.8,0.8518518518518519,0.0,0.0,0.8518518518518519,,1.0,1.0
volcanoes-e2,./data/numerical_only/balanced,0.9222222222222223,0.57,0.2222222222222222,0.0,0.0,0.037037037037037035,,0.037037037037037035,1.0
volcanoes-e2,./data/numerical_only/balanced,0.9222222222222223,0.96,0.8518518518518519,0.0,0.0,0.9629629629629629,,0.8518518518518519,1.0
volcanoes-e2,./data/numerical_only/balanced,0.9222222222222223,1.0,1.0,0.0,0.0,1.0,,,1.0
volcanoes-e2,./data/numerical_only/balanced,0.9222222222222223,1.0,1.0,0.0,0.0,1.0,,,1.0
volcanoes-e3,./data/numerical_only/balanced,0.928125,0.99,1.0,0.0,0.0,0.3125,,1.0,1.0
volcanoes-e3,./data/numerical_only/balanced,0.928125,0.85,0.90625,0.0,0.0,1.0,0.9375,1.0,1.0
volcanoes-e3,./data/numerical_only/balanced,0.928125,0.97,1.0,0.0,0.0,1.0,,1.0,1.0
volcanoes-e3,./data/numerical_only/balanced,0.928125,1.0,1.0,0.0,0.0,1.0,,,1.0
volcanoes-e3,./data/numerical_only/balanced,0.928125,0.8,1.0,0.0,0.0,1.0,,0.9375,1.0
volcanoes-e3,./data/numerical_only/balanced,0.928125,0.87,0.90625,0.0,0.0,0.375,,,1.0
volcanoes-e3,./data/numerical_only/balanced,0.928125,0.99,0.875,0.0,0.0,1.0,,1.0,1.0
volcanoes-e3,./data/numerical_only/balanced,0.928125,1.0,1.0,0.0,0.0,1.0,,,1.0
volcanoes-e3,./data/numerical_only/balanced,0.928125,0.97,0.8125,0.0,0.0,1.0,,,1.0
volcanoes-e3,./data/numerical_only/balanced,0.928125,0.6,0.8125,0.0,0.0,0.8125,,,1.0
volcanoes-e3,./data/numerical_only/balanced,0.928125,1.0,1.0,0.0,0.0,1.0,,,1.0
volcanoes-e3,./data/numerical_only/balanced,0.928125,0.92,0.84375,0.0,0.0,1.0,,1.0,1.0
volcanoes-e3,./data/numerical_only/balanced,0.928125,0.99,1.0,0.0,0.0,1.0,,1.0,1.0
volcanoes-e3,./data/numerical_only/balanced,0.928125,1.0,1.0,0.0,0.0,1.0,,1.0,1.0
volcanoes-e3,./data/numerical_only/balanced,0.928125,0.99,1.0,0.0,0.0,1.0,,,1.0
volcanoes-e3,./data/numerical_only/balanced,0.928125,0.99,1.0,0.0,0.0,1.0,,,1.0
volcanoes-e3,./data/numerical_only/balanced,0.928125,1.0,1.0,0.0,0.0,1.0,,1.0,1.0
volcanoes-e3,./data/numerical_only/balanced,0.928125,0.83,0.6875,0.0,0.0,0.65625,,0.65625,1.0
volcanoes-e3,./data/numerical_only/balanced,0.928125,0.96,0.96875,0.0,0.0,0.96875,,0.90625,1.0
volcanoes-e3,./data/numerical_only/balanced,0.928125,1.0,1.0,0.0,0.0,0.3125,,1.0,1.0
volcanoes-e3,./data/numerical_only/balanced,0.928125,0.88,0.96875,0.0,0.0,0.90625,,0.90625,1.0
volcanoes-e3,./data/numerical_only/balanced,0.928125,0.96,1.0,0.0,0.0,1.0,,,1.0
volcanoes-e3,./data/numerical_only/balanced,0.928125,0.99,0.90625,0.0,0.0,1.0,,1.0,1.0
volcanoes-e3,./data/numerical_only/balanced,0.928125,1.0,1.0,0.0,0.0,1.0,,1.0,1.0
volcanoes-e3,./data/numerical_only/balanced,0.928125,0.94,0.8125,0.0,0.0,1.0,,1.0,1.0
volcanoes-e3,./data/numerical_only/balanced,0.928125,1.0,1.0,0.0,0.0,1.0,,1.0,1.0
volcanoes-e3,./data/numerical_only/balanced,0.928125,0.99,0.875,0.0,0.0,0.625,,1.0,1.0
volcanoes-e3,./data/numerical_only/balanced,0.928125,0.92,0.75,0.0,0.0,0.90625,,0.90625,1.0
volcanoes-e3,./data/numerical_only/balanced,0.928125,0.94,1.0,0.0,0.0,1.0,,,1.0
volcanoes-e3,./data/numerical_only/balanced,0.928125,0.99,1.0,0.0,0.0,1.0,,1.0,1.0
volcanoes-e3,./data/numerical_only/balanced,0.928125,0.73,0.1875,0.0,0.0,0.40625,,0.4375,1.0
volcanoes-e3,./data/numerical_only/balanced,0.928125,0.97,1.0,0.0,0.0,1.0,0.78125,1.0,1.0
volcanoes-e3,./data/numerical_only/balanced,0.928125,1.0,1.0,0.0,0.0,1.0,,1.0,1.0
volcanoes-e3,./data/numerical_only/balanced,0.928125,1.0,1.0,0.0,0.0,1.0,1.0,1.0,1.0
volcanoes-e3,./data/numerical_only/balanced,0.928125,0.99,1.0,0.0,0.0,1.0,,,1.0
volcanoes-e3,./data/numerical_only/balanced,0.928125,0.89,1.0,0.0,0.0,1.0,,,1.0
volcanoes-e3,./data/numerical_only/balanced,0.928125,1.0,1.0,0.0,0.0,1.0,,,1.0
volcanoes-e3,./data/numerical_only/balanced,0.928125,1.0,0.96875,0.0,0.0,0.90625,,0.96875,1.0
volcanoes-e3,./data/numerical_only/balanced,0.928125,0.98,1.0,0.0,0.0,1.0,,1.0,1.0
volcanoes-e3,./data/numerical_only/balanced,0.928125,0.99,1.0,0.0,0.0,1.0,,,1.0
volcanoes-e3,./data/numerical_only/balanced,0.928125,0.99,1.0,0.0,0.0,0.875,,,1.0
volcanoes-e3,./data/numerical_only/balanced,0.928125,0.68,0.3125,0.0,0.0,0.8125,0.71875,0.78125,1.0
volcanoes-e3,./data/numerical_only/balanced,0.928125,1.0,1.0,0.0,0.0,1.0,,,1.0
volcanoes-e3,./data/numerical_only/balanced,0.928125,0.96,1.0,0.0,0.0,1.0,,,1.0
volcanoes-e3,./data/numerical_only/balanced,0.928125,1.0,1.0,0.0,0.0,1.0,,,1.0
volcanoes-e3,./data/numerical_only/balanced,0.928125,0.91,0.90625,0.0,0.0,1.0,,,1.0
volcanoes-e3,./data/numerical_only/balanced,0.928125,0.95,0.8125,0.0,0.0,0.875,,0.875,1.0
volcanoes-e3,./data/numerical_only/balanced,0.928125,1.0,1.0,0.0,0.0,1.0,1.0,,1.0
volcanoes-e3,./data/numerical_only/balanced,0.928125,0.98,0.8125,0.0,0.0,0.90625,0.6875,,1.0
volcanoes-e3,./data/numerical_only/balanced,0.928125,0.92,1.0,0.0,0.0,1.0,,1.0,1.0
volcanoes-e4,./data/numerical_only/balanced,0.9361022364217252,1.0,1.0,0.0,0.0,1.0,1.0,1.0,1.0
volcanoes-e4,./data/numerical_only/balanced,0.9361022364217252,0.97,1.0,0.0,0.0,1.0,,,1.0
volcanoes-e4,./data/numerical_only/balanced,0.9361022364217252,0.75,0.6774193548387096,0.0,0.0,0.967741935483871,,,1.0
volcanoes-e4,./data/numerical_only/balanced,0.9361022364217252,0.96,1.0,0.0,0.0,1.0,,,1.0
volcanoes-e4,./data/numerical_only/balanced,0.9361022364217252,0.47,0.25806451612903225,0.0,0.0,0.8064516129032258,0.9354838709677419,0.8709677419354839,1.0
volcanoes-e4,./data/numerical_only/balanced,0.9361022364217252,0.98,1.0,0.0,0.0,1.0,,,1.0
volcanoes-e4,./data/numerical_only/balanced,0.9361022364217252,0.83,0.0967741935483871,0.0,0.0,1.0,,0.7741935483870968,1.0
volcanoes-e4,./data/numerical_only/balanced,0.9361022364217252,0.99,1.0,0.0,0.0,1.0,,1.0,1.0
volcanoes-e4,./data/numerical_only/balanced,0.9361022364217252,0.99,1.0,0.0,0.0,1.0,,1.0,1.0
volcanoes-e4,./data/numerical_only/balanced,0.9361022364217252,0.99,1.0,0.0,0.0,1.0,,,1.0
volcanoes-e4,./data/numerical_only/balanced,0.9361022364217252,0.79,0.2903225806451613,0.0,0.0,0.967741935483871,,0.9032258064516129,1.0
volcanoes-e4,./data/numerical_only/balanced,0.9361022364217252,1.0,1.0,0.0,0.0,1.0,,1.0,1.0
volcanoes-e4,./data/numerical_only/balanced,0.9361022364217252,0.9,0.9032258064516129,0.0,0.0,1.0,,,1.0
volcanoes-e4,./data/numerical_only/balanced,0.9361022364217252,0.96,1.0,0.0,0.0,1.0,,,1.0
volcanoes-e4,./data/numerical_only/balanced,0.9361022364217252,0.94,1.0,0.0,0.0,1.0,,1.0,1.0
volcanoes-e4,./data/numerical_only/balanced,0.9361022364217252,0.96,1.0,0.0,0.0,1.0,,,1.0
volcanoes-e4,./data/numerical_only/balanced,0.9361022364217252,0.99,1.0,0.0,0.0,1.0,,,1.0
volcanoes-e4,./data/numerical_only/balanced,0.9361022364217252,1.0,1.0,0.0,0.0,1.0,,,1.0
volcanoes-e4,./data/numerical_only/balanced,0.9361022364217252,0.92,0.8709677419354839,0.0,0.0,0.8709677419354839,,,1.0
volcanoes-e4,./data/numerical_only/balanced,0.9361022364217252,1.0,1.0,0.0,0.0,1.0,,,1.0
volcanoes-e4,./data/numerical_only/balanced,0.9361022364217252,0.67,0.0967741935483871,0.0,0.0,0.03225806451612903,,0.03225806451612903,1.0
volcanoes-e4,./data/numerical_only/balanced,0.9361022364217252,0.99,1.0,0.0,0.0,1.0,,1.0,1.0
volcanoes-e4,./data/numerical_only/balanced,0.9361022364217252,1.0,1.0,0.0,0.0,1.0,,1.0,1.0
volcanoes-e4,./data/numerical_only/balanced,0.9361022364217252,0.96,0.9032258064516129,0.0,0.0,0.7741935483870968,,,1.0
volcanoes-e4,./data/numerical_only/balanced,0.9361022364217252,1.0,1.0,0.0,0.0,1.0,,1.0,1.0
volcanoes-e4,./data/numerical_only/balanced,0.9361022364217252,0.99,1.0,0.0,0.0,1.0,,,1.0
volcanoes-e4,./data/numerical_only/balanced,0.9361022364217252,0.79,1.0,0.0,0.0,1.0,,0.41935483870967744,1.0
volcanoes-e4,./data/numerical_only/balanced,0.9361022364217252,1.0,0.8387096774193549,0.0,0.0,0.6129032258064516,0.9032258064516129,,1.0
volcanoes-e4,./data/numerical_only/balanced,0.9361022364217252,0.98,1.0,0.0,0.0,1.0,,1.0,1.0
volcanoes-e4,./data/numerical_only/balanced,0.9361022364217252,0.98,1.0,0.0,0.0,0.5806451612903226,,,1.0
volcanoes-e4,./data/numerical_only/balanced,0.9361022364217252,0.82,1.0,0.0,0.0,0.967741935483871,,,1.0
volcanoes-e4,./data/numerical_only/balanced,0.9361022364217252,0.98,0.9032258064516129,0.0,0.0,0.9354838709677419,,,1.0
volcanoes-e4,./data/numerical_only/balanced,0.9361022364217252,1.0,1.0,0.0,0.0,1.0,,1.0,1.0
volcanoes-e4,./data/numerical_only/balanced,0.9361022364217252,1.0,1.0,0.0,0.0,1.0,,1.0,1.0
volcanoes-e4,./data/numerical_only/balanced,0.9361022364217252,0.98,1.0,0.0,0.0,1.0,,1.0,1.0
volcanoes-e4,./data/numerical_only/balanced,0.9361022364217252,0.66,0.6451612903225806,0.0,0.0,0.6451612903225806,,0.5483870967741935,1.0
volcanoes-e4,./data/numerical_only/balanced,0.9361022364217252,0.8,0.9354838709677419,0.0,0.0,1.0,,1.0,1.0
volcanoes-e4,./data/numerical_only/balanced,0.9361022364217252,0.99,1.0,0.0,0.0,1.0,,1.0,1.0
volcanoes-e4,./data/numerical_only/balanced,0.9361022364217252,1.0,1.0,0.0,0.0,1.0,,1.0,1.0
volcanoes-e4,./data/numerical_only/balanced,0.9361022364217252,0.97,0.25806451612903225,0.0,0.0,0.5806451612903226,,1.0,1.0
volcanoes-e4,./data/numerical_only/balanced,0.9361022364217252,1.0,1.0,0.0,0.0,1.0,,,1.0
volcanoes-e4,./data/numerical_only/balanced,0.9361022364217252,1.0,1.0,0.0,0.0,1.0,,,1.0
volcanoes-e4,./data/numerical_only/balanced,0.9361022364217252,0.97,0.7419354838709677,0.0,0.0,1.0,,1.0,1.0
volcanoes-e4,./data/numerical_only/balanced,0.9361022364217252,1.0,1.0,0.0,0.0,1.0,0.9032258064516129,,1.0
volcanoes-e4,./data/numerical_only/balanced,0.9361022364217252,1.0,1.0,0.0,0.0,1.0,,1.0,1.0
volcanoes-e4,./data/numerical_only/balanced,0.9361022364217252,0.74,0.6774193548387096,0.0,0.0,0.967741935483871,,0.6129032258064516,1.0
volcanoes-e4,./data/numerical_only/balanced,0.9361022364217252,0.74,1.0,0.0,0.0,1.0,,1.0,1.0
volcanoes-e4,./data/numerical_only/balanced,0.9361022364217252,1.0,1.0,0.0,0.0,0.7741935483870968,,1.0,1.0
volcanoes-e4,./data/numerical_only/balanced,0.9361022364217252,0.99,1.0,0.0,0.0,0.45161290322580644,,1.0,1.0
volcanoes-e4,./data/numerical_only/balanced,0.9361022364217252,1.0,0.9354838709677419,0.0,0.0,0.967741935483871,,1.0,1.0
volcanoes-e5,./data/numerical_only/balanced,0.9064748201438849,0.93,0.7407407407407407,0.0,0.0,1.0,,1.0,1.0
volcanoes-e5,./data/numerical_only/balanced,0.9064748201438849,1.0,1.0,0.0,0.0,1.0,,1.0,1.0
volcanoes-e5,./data/numerical_only/balanced,0.9064748201438849,0.96,1.0,0.0,0.0,1.0,,1.0,1.0
volcanoes-e5,./data/numerical_only/balanced,0.9064748201438849,0.88,1.0,0.0,0.0,1.0,,1.0,1.0
volcanoes-e5,./data/numerical_only/balanced,0.9064748201438849,0.97,0.7037037037037037,0.0,0.0,1.0,,1.0,1.0
volcanoes-e5,./data/numerical_only/balanced,0.9064748201438849,0.97,1.0,0.0,0.0,1.0,,1.0,1.0
volcanoes-e5,./data/numerical_only/balanced,0.9064748201438849,0.84,0.14814814814814814,0.0,0.0,0.8888888888888888,,0.8888888888888888,1.0
volcanoes-e5,./data/numerical_only/balanced,0.9064748201438849,0.99,1.0,0.0,0.0,1.0,,1.0,1.0
volcanoes-e5,./data/numerical_only/balanced,0.9064748201438849,0.98,1.0,0.0,0.0,1.0,,,1.0
volcanoes-e5,./data/numerical_only/balanced,0.9064748201438849,1.0,1.0,0.0,0.0,1.0,,,1.0
volcanoes-e5,./data/numerical_only/balanced,0.9064748201438849,0.99,1.0,0.0,0.0,1.0,,1.0,1.0
volcanoes-e5,./data/numerical_only/balanced,0.9064748201438849,0.99,1.0,0.0,0.0,0.7777777777777778,,1.0,1.0
volcanoes-e5,./data/numerical_only/balanced,0.9064748201438849,0.51,0.1111111111111111,0.0,0.0,0.14814814814814814,,0.9259259259259259,1.0
volcanoes-e5,./data/numerical_only/balanced,0.9064748201438849,0.97,1.0,0.0,0.0,1.0,,,1.0
volcanoes-e5,./data/numerical_only/balanced,0.9064748201438849,0.99,0.8888888888888888,0.0,0.0,1.0,,1.0,1.0
volcanoes-e5,./data/numerical_only/balanced,0.9064748201438849,0.99,0.8148148148148148,0.0,0.0,1.0,,1.0,1.0
volcanoes-e5,./data/numerical_only/balanced,0.9064748201438849,0.89,1.0,0.0,0.0,1.0,,,1.0
volcanoes-e5,./data/numerical_only/balanced,0.9064748201438849,0.93,1.0,0.0,0.0,1.0,,1.0,1.0
volcanoes-e5,./data/numerical_only/balanced,0.9064748201438849,1.0,1.0,0.0,0.0,1.0,,,1.0
volcanoes-e5,./data/numerical_only/balanced,0.9064748201438849,0.84,0.7777777777777778,0.0,0.0,1.0,,1.0,1.0
volcanoes-e5,./data/numerical_only/balanced,0.9064748201438849,0.95,1.0,0.0,0.0,1.0,,,1.0
volcanoes-e5,./data/numerical_only/balanced,0.9064748201438849,0.98,1.0,0.0,0.0,1.0,,1.0,1.0
volcanoes-e5,./data/numerical_only/balanced,0.9064748201438849,0.92,0.9629629629629629,0.0,0.0,1.0,,,1.0
volcanoes-e5,./data/numerical_only/balanced,0.9064748201438849,0.98,0.7777777777777778,0.0,0.0,1.0,,,1.0
volcanoes-e5,./data/numerical_only/balanced,0.9064748201438849,1.0,1.0,0.0,0.0,1.0,,,1.0
volcanoes-e5,./data/numerical_only/balanced,0.9064748201438849,0.99,1.0,0.0,0.0,1.0,,,1.0
volcanoes-e5,./data/numerical_only/balanced,0.9064748201438849,1.0,1.0,0.0,0.0,1.0,,1.0,1.0
volcanoes-e5,./data/numerical_only/balanced,0.9064748201438849,0.88,0.5185185185185185,0.0,0.0,1.0,,1.0,1.0
volcanoes-e5,./data/numerical_only/balanced,0.9064748201438849,1.0,0.8888888888888888,0.0,0.0,1.0,,1.0,1.0
volcanoes-e5,./data/numerical_only/balanced,0.9064748201438849,1.0,1.0,0.0,0.0,1.0,,1.0,1.0
volcanoes-e5,./data/numerical_only/balanced,0.9064748201438849,0.98,1.0,0.0,0.0,1.0,,,1.0
volcanoes-e5,./data/numerical_only/balanced,0.9064748201438849,0.94,1.0,0.0,0.0,1.0,,,1.0
volcanoes-e5,./data/numerical_only/balanced,0.9064748201438849,0.99,1.0,0.0,0.0,1.0,,1.0,1.0
volcanoes-e5,./data/numerical_only/balanced,0.9064748201438849,0.93,1.0,0.0,0.0,1.0,,,1.0
volcanoes-e5,./data/numerical_only/balanced,0.9064748201438849,0.98,0.8888888888888888,0.0,0.0,1.0,,1.0,1.0
volcanoes-e5,./data/numerical_only/balanced,0.9064748201438849,0.97,1.0,0.0,0.0,1.0,,,1.0
volcanoes-e5,./data/numerical_only/balanced,0.9064748201438849,1.0,1.0,0.0,0.0,1.0,,,1.0
volcanoes-e5,./data/numerical_only/balanced,0.9064748201438849,0.48,0.2962962962962963,0.0,0.0,0.1111111111111111,,0.037037037037037035,1.0
volcanoes-e5,./data/numerical_only/balanced,0.9064748201438849,0.95,1.0,0.0,0.0,1.0,,,1.0
volcanoes-e5,./data/numerical_only/balanced,0.9064748201438849,0.98,1.0,0.0,0.0,1.0,,1.0,1.0
volcanoes-e5,./data/numerical_only/balanced,0.9064748201438849,0.77,1.0,0.0,0.0,1.0,,,1.0
volcanoes-e5,./data/numerical_only/balanced,0.9064748201438849,0.41,0.5555555555555556,0.0,0.0,0.18518518518518517,,0.6666666666666666,1.0
volcanoes-e5,./data/numerical_only/balanced,0.9064748201438849,0.76,0.5925925925925926,0.0,0.0,1.0,,0.7037037037037037,1.0
volcanoes-e5,./data/numerical_only/balanced,0.9064748201438849,0.99,0.7407407407407407,0.0,0.0,1.0,,,1.0
volcanoes-e5,./data/numerical_only/balanced,0.9064748201438849,1.0,1.0,0.0,0.0,1.0,,1.0,1.0
volcanoes-e5,./data/numerical_only/balanced,0.9064748201438849,0.95,1.0,0.0,0.0,0.8888888888888888,,,1.0
volcanoes-e5,./data/numerical_only/balanced,0.9064748201438849,1.0,1.0,0.0,0.0,1.0,,1.0,1.0
volcanoes-e5,./data/numerical_only/balanced,0.9064748201438849,0.94,0.7777777777777778,0.0,0.0,1.0,,,1.0
volcanoes-e5,./data/numerical_only/balanced,0.9064748201438849,0.98,1.0,0.0,0.0,1.0,,1.0,1.0
volcanoes-e5,./data/numerical_only/balanced,0.9064748201438849,0.98,1.0,0.0,0.0,1.0,,1.0,1.0
wine-quality-red,./data/numerical_only/balanced,0.655,0.34,0.05,0.0,0.0,0.025,,0.025,1.0
wine-quality-red,./data/numerical_only/balanced,0.655,0.92,0.15,0.0,0.0,0.2,,0.35,1.0
wine-quality-red,./data/numerical_only/balanced,0.655,0.56,0.075,0.0,0.0,0.075,,0.1,1.0
wine-quality-red,./data/numerical_only/balanced,0.655,0.52,0.075,0.0,0.0,0.025,,0.025,1.0
wine-quality-red,./data/numerical_only/balanced,0.655,0.78,0.475,0.0,0.0,0.275,,0.3,1.0
wine-quality-red,./data/numerical_only/balanced,0.655,0.6,0.225,0.0,0.0,0.075,,0.25,1.0
wine-quality-red,./data/numerical_only/balanced,0.655,0.76,0.1,0.0,0.0,0.125,,0.3,1.0
wine-quality-red,./data/numerical_only/balanced,0.655,0.46,0.4,0.0,0.0,0.05,,0.475,1.0
wine-quality-red,./data/numerical_only/balanced,0.655,0.51,0.15,0.0,0.0,0.1,,0.35,1.0
wine-quality-red,./data/numerical_only/balanced,0.655,0.45,0.075,0.0,0.0,0.025,,0.025,1.0
wine-quality-red,./data/numerical_only/balanced,0.655,0.73,0.05,0.0,0.0,0.15,,0.425,1.0
wine-quality-red,./data/numerical_only/balanced,0.655,0.56,0.125,0.0,0.0,0.025,,0.525,1.0
wine-quality-red,./data/numerical_only/balanced,0.655,0.98,0.025,0.0,0.0,0.05,,0.9,1.0
wine-quality-red,./data/numerical_only/balanced,0.655,0.58,0.125,0.0,0.0,0.1,,0.375,1.0
wine-quality-red,./data/numerical_only/balanced,0.655,0.91,0.1,0.0,0.0,0.075,,0.825,1.0
wine-quality-red,./data/numerical_only/balanced,0.655,0.45,0.025,0.0,0.0,0.05,,0.075,1.0
wine-quality-red,./data/numerical_only/balanced,0.655,0.43,0.05,0.0,0.0,0.05,,0.075,1.0
wine-quality-red,./data/numerical_only/balanced,0.655,0.71,0.125,0.0,0.0,0.125,,0.175,1.0
wine-quality-red,./data/numerical_only/balanced,0.655,0.5,0.05,0.0,0.0,0.125,,0.5,1.0
wine-quality-red,./data/numerical_only/balanced,0.655,0.66,0.025,0.0,0.0,0.025,,0.025,1.0
wine-quality-red,./data/numerical_only/balanced,0.655,0.86,0.075,0.0,0.0,0.15,,0.25,1.0
wine-quality-red,./data/numerical_only/balanced,0.655,0.45,0.05,0.0,0.0,0.025,,0.1,1.0
wine-quality-red,./data/numerical_only/balanced,0.655,0.72,0.425,0.0,0.0,0.15,,0.175,1.0
wine-quality-red,./data/numerical_only/balanced,0.655,0.44,0.375,0.0,0.0,0.025,,0.1,1.0
wine-quality-red,./data/numerical_only/balanced,0.655,0.69,0.025,0.0,0.0,0.1,,0.625,1.0
wine-quality-red,./data/numerical_only/balanced,0.655,0.55,0.1,0.0,0.0,0.025,,0.075,1.0
wine-quality-red,./data/numerical_only/balanced,0.655,0.57,0.075,0.0,0.0,0.025,,0.225,1.0
wine-quality-red,./data/numerical_only/balanced,0.655,0.66,0.175,0.0,0.0,0.3,,0.375,1.0
wine-quality-red,./data/numerical_only/balanced,0.655,0.78,0.175,0.0,0.0,0.2,,0.625,1.0
wine-quality-red,./data/numerical_only/balanced,0.655,0.56,0.125,0.0,0.0,0.1,,0.25,1.0
wine-quality-red,./data/numerical_only/balanced,0.655,0.74,0.55,0.0,0.0,0.05,,0.725,1.0
wine-quality-red,./data/numerical_only/balanced,0.655,0.47,0.175,0.0,0.0,0.025,,0.2,1.0
wine-quality-red,./data/numerical_only/balanced,0.655,0.44,0.025,0.0,0.0,0.05,,0.375,1.0
wine-quality-red,./data/numerical_only/balanced,0.655,0.38,0.05,0.0,0.0,0.075,,0.025,1.0
wine-quality-red,./data/numerical_only/balanced,0.655,0.55,0.125,0.0,0.0,0.05,,0.125,1.0
wine-quality-red,./data/numerical_only/balanced,0.655,0.4,0.05,0.0,0.0,0.025,,0.025,1.0
wine-quality-red,./data/numerical_only/balanced,0.655,0.96,0.525,0.0,0.0,0.425,,0.525,1.0
wine-quality-red,./data/numerical_only/balanced,0.655,0.38,0.225,0.0,0.0,0.05,,0.05,1.0
wine-quality-red,./data/numerical_only/balanced,0.655,0.61,0.275,0.0,0.0,0.125,,0.425,1.0
wine-quality-red,./data/numerical_only/balanced,0.655,0.44,0.2,0.0,0.0,0.15,,0.15,1.0
wine-quality-red,./data/numerical_only/balanced,0.655,0.36,0.075,0.0,0.0,0.025,,0.05,1.0
wine-quality-red,./data/numerical_only/balanced,0.655,0.58,0.075,0.0,0.0,0.075,,0.825,1.0
wine-quality-red,./data/numerical_only/balanced,0.655,0.5,0.15,0.0,0.0,0.125,,0.025,1.0
wine-quality-red,./data/numerical_only/balanced,0.655,0.96,0.025,0.0,0.0,0.075,,0.175,1.0
wine-quality-red,./data/numerical_only/balanced,0.655,0.84,0.05,0.0,0.0,0.225,,0.425,1.0
wine-quality-red,./data/numerical_only/balanced,0.655,0.47,0.05,0.0,0.0,0.225,,0.1,1.0
wine-quality-red,./data/numerical_only/balanced,0.655,0.5,0.125,0.0,0.0,0.025,,0.375,1.0
wine-quality-red,./data/numerical_only/balanced,0.655,0.37,0.05,0.0,0.0,0.025,,0.025,1.0
wine-quality-red,./data/numerical_only/balanced,0.655,0.65,0.025,0.0,0.0,0.05,,0.15,1.0
wine-quality-red,./data/numerical_only/balanced,0.655,0.53,0.275,0.0,0.0,0.075,,0.475,1.0
maternal,./data/numerical_only/balanced,0.7913385826771654,1.0,0.64,0.0,0.0,0.48,0.48,0.48,1.0
maternal,./data/numerical_only/balanced,0.7913385826771654,0.61,0.2,0.0,0.0,0.12,0.16,0.04,1.0
maternal,./data/numerical_only/balanced,0.7913385826771654,0.7866666666666666,0.08,0.0,0.0,0.2,1.0,0.36,1.0
maternal,./data/numerical_only/balanced,0.7913385826771654,0.6916666666666668,0.16,0.0,0.0,0.64,0.68,0.56,1.0
maternal,./data/numerical_only/balanced,0.7913385826771654,0.9566666666666667,0.48,0.0,0.0,0.48,0.36,0.92,1.0
maternal,./data/numerical_only/balanced,0.7913385826771654,0.978,0.36,0.0,0.0,0.16,0.88,0.96,1.0
maternal,./data/numerical_only/balanced,0.7913385826771654,0.925,0.12,0.0,0.0,0.12,0.4,0.12,1.0
maternal,./data/numerical_only/balanced,0.7913385826771654,0.4966666666666667,0.16,0.0,0.0,0.12,0.28,0.12,1.0
maternal,./data/numerical_only/balanced,0.7913385826771654,0.5945595238095239,0.12,0.0,0.0,0.16,0.16,0.4,1.0
maternal,./data/numerical_only/balanced,0.7913385826771654,0.631952380952381,0.04,0.0,0.0,0.04,0.16,0.04,1.0
maternal,./data/numerical_only/balanced,0.7913385826771654,0.98,0.12,0.0,0.0,0.12,0.12,0.2,1.0
maternal,./data/numerical_only/balanced,0.7913385826771654,0.8124615384615379,0.64,0.0,0.0,0.32,0.48,0.68,1.0
maternal,./data/numerical_only/balanced,0.7913385826771654,1.0,0.36,0.0,0.0,0.32,0.52,1.0,1.0
maternal,./data/numerical_only/balanced,0.7913385826771654,0.8263268567046942,0.52,0.0,0.0,0.48,0.6,0.56,1.0
maternal,./data/numerical_only/balanced,0.7913385826771654,0.9566666666666667,0.48,0.0,0.0,0.48,0.32,0.64,1.0
maternal,./data/numerical_only/balanced,0.7913385826771654,0.8972222222222223,0.2,0.0,0.0,0.08,0.04,0.56,1.0
maternal,./data/numerical_only/balanced,0.7913385826771654,0.99,0.48,0.0,0.0,0.2,0.48,0.92,1.0
maternal,./data/numerical_only/balanced,0.7913385826771654,0.88,0.04,0.0,0.0,0.12,0.24,0.24,1.0
maternal,./data/numerical_only/balanced,0.7913385826771654,0.6128571428571429,0.04,0.0,0.0,0.04,0.04,0.04,1.0
maternal,./data/numerical_only/balanced,0.7913385826771654,0.715,0.08,0.0,0.0,0.2,0.08,0.52,1.0
maternal,./data/numerical_only/balanced,0.7913385826771654,0.7210357142857142,0.16,0.0,0.0,0.08,0.68,0.68,1.0
maternal,./data/numerical_only/balanced,0.7913385826771654,0.99,0.44,0.0,0.0,0.48,0.48,0.48,1.0
maternal,./data/numerical_only/balanced,0.7913385826771654,0.97,0.16,0.0,0.0,0.16,0.16,0.16,1.0
maternal,./data/numerical_only/balanced,0.7913385826771654,0.6089294261294261,0.52,0.0,0.0,0.12,0.68,0.28,1.0
maternal,./data/numerical_only/balanced,0.7913385826771654,0.7787142857142858,0.24,0.0,0.0,0.12,0.64,0.12,1.0
maternal,./data/numerical_only/balanced,0.7913385826771654,0.75,0.28,0.0,0.0,0.04,0.12,0.04,1.0
maternal,./data/numerical_only/balanced,0.7913385826771654,0.8348051948051948,0.24,0.0,0.0,0.08,0.16,0.28,1.0
maternal,./data/numerical_only/balanced,0.7913385826771654,0.975,0.28,0.0,0.0,0.56,0.56,0.64,1.0
maternal,./data/numerical_only/balanced,0.7913385826771654,1.0,0.48,0.0,0.0,0.48,0.6,0.76,1.0
maternal,./data/numerical_only/balanced,0.7913385826771654,1.0,0.32,0.0,0.0,0.28,0.2,0.32,1.0
maternal,./data/numerical_only/balanced,0.7913385826771654,0.9566666666666667,0.48,0.0,0.0,0.48,0.72,0.68,1.0
maternal,./data/numerical_only/balanced,0.7913385826771654,0.5866666666666667,0.52,0.0,0.0,0.32,0.96,0.96,1.0
maternal,./data/numerical_only/balanced,0.7913385826771654,0.8925,0.2,0.0,0.0,0.28,0.44,0.4,1.0
maternal,./data/numerical_only/balanced,0.7913385826771654,0.96,0.24,0.0,0.0,0.08,0.08,0.08,1.0
maternal,./data/numerical_only/balanced,0.7913385826771654,0.5956672996230173,0.52,0.0,0.0,0.4,0.24,0.56,1.0
maternal,./data/numerical_only/balanced,0.7913385826771654,0.6507396202868336,0.28,0.0,0.0,0.44,0.48,0.32,1.0
maternal,./data/numerical_only/balanced,0.7913385826771654,0.99,0.24,0.0,0.0,0.2,0.4,1.0,1.0
maternal,./data/numerical_only/balanced,0.7913385826771654,0.8566666666666666,0.08,0.0,0.0,0.08,0.48,0.76,1.0
maternal,./data/numerical_only/balanced,0.7913385826771654,0.5956672996230173,0.52,0.0,0.0,0.4,0.32,0.28,1.0
maternal,./data/numerical_only/balanced,0.7913385826771654,0.8263268567046942,0.52,0.0,0.0,0.44,1.0,0.56,1.0
maternal,./data/numerical_only/balanced,0.7913385826771654,0.5126388888888889,0.84,0.0,0.0,0.16,0.32,0.4,1.0
maternal,./data/numerical_only/balanced,0.7913385826771654,0.988235294117647,0.64,0.0,0.0,0.48,0.48,0.48,1.0
maternal,./data/numerical_only/balanced,0.7913385826771654,0.9051365356282898,0.04,0.0,0.0,0.2,0.04,0.2,1.0
maternal,./data/numerical_only/balanced,0.7913385826771654,0.7346666666666667,0.16,0.0,0.0,0.2,0.36,0.16,1.0
maternal,./data/numerical_only/balanced,0.7913385826771654,0.95,0.08,0.0,0.0,0.12,0.12,0.12,1.0
maternal,./data/numerical_only/balanced,0.7913385826771654,0.890357142857143,0.16,0.0,0.0,0.48,0.08,0.16,1.0
maternal,./data/numerical_only/balanced,0.7913385826771654,1.0,0.36,0.0,0.0,0.36,0.36,0.36,1.0
maternal,./data/numerical_only/balanced,0.7913385826771654,0.7070588235294117,0.08,0.0,0.0,0.32,0.04,0.36,1.0
maternal,./data/numerical_only/balanced,0.7913385826771654,0.6507396202868336,0.28,0.0,0.0,0.44,0.48,0.52,1.0
maternal,./data/numerical_only/balanced,0.7913385826771654,0.99,0.2,0.0,0.0,0.2,0.24,0.36,1.0
